{
"type": "FeatureCollection",
"name": "poi_商超_cleaned",
"crs": { "type": "name", "properties": { "name": "urn:ogc:def:crs:OGC:1.3:CRS84" } },
"features": [
{ "type": "Feature", "properties": { "类别": "商超", "名称": "淄博万象汇", "经度": 118.061399, "纬度": 36.802119, "地址": "金晶大道辅路", "类型": "购物服务;商场;购物中心", "省": "山东省", "市": "淄博市", "区县": "张店区", "经度_wgs84": 118.060743, "纬度_wgs84": 36.797222, "一级分类": "购物" }, "geometry": { "type": "Point", "coordinates": [ 118.060743, 36.797222 ] } },
{ "type": "Feature", "properties": { "类别": "商超", "名称": "富力万达广场", "经度": 118.010986, "纬度": 36.838791, "地址": "中润大道17号", "类型": "购物服务;购物相关场所;购物相关场所", "省": "山东省", "市": "淄博市", "区县": "张店区", "经度_wgs84": 118.010451, "纬度_wgs84": 36.833994, "一级分类": "购物" }, "geometry": { "type": "Point", "coordinates": [ 118.010451, 36.833994 ] } },
{ "type": "Feature", "properties": { "类别": "商超", "名称": "吾悦广场(淄博店)", "经度": 118.025098, "纬度": 36.783679, "地址": "世纪路昌国路交汇处东南角", "类型": "购物服务;商场;购物中心", "省": "山东省", "市": "淄博市", "区县": "张店区", "经度_wgs84": 118.02456, "纬度_wgs84": 36.778849, "一级分类": "购物" }, "geometry": { "type": "Point", "coordinates": [ 118.02456, 36.778849 ] } },
{ "type": "Feature", "properties": { "类别": "商超", "名称": "淄博鑫马吾悦广场", "经度": 118.001652, "纬度": 36.824664, "地址": "华光路288号", "类型": "购物服务;商场;商场", "省": "山东省", "市": "淄博市", "区县": "张店区", "经度_wgs84": 118.001164, "纬度_wgs84": 36.819892, "一级分类": "购物" }, "geometry": { "type": "Point", "coordinates": [ 118.001164, 36.819892 ] } },
{ "type": "Feature", "properties": { "类别": "商超", "名称": "银泰城", "经度": 118.034853, "纬度": 36.848682, "地址": "鲁泰大道9号", "类型": "购物服务;商场;购物中心", "省": "山东省", "市": "淄博市", "区县": "张店区", "经度_wgs84": 118.034226, "纬度_wgs84": 36.843828, "一级分类": "购物" }, "geometry": { "type": "Point", "coordinates": [ 118.034226, 36.843828 ] } },
{ "type": "Feature", "properties": { "类别": "商超", "名称": "印象汇", "经度": 118.053114, "纬度": 36.822911, "地址": "柳泉路67号", "类型": "购物服务;商场;普通商场|购物服务;体育用品店;体育用品店", "省": "山东省", "市": "淄博市", "区县": "张店区", "经度_wgs84": 118.052458, "纬度_wgs84": 36.818024, "一级分类": "购物" }, "geometry": { "type": "Point", "coordinates": [ 118.052458, 36.818024 ] } },
{ "type": "Feature", "properties": { "类别": "商超", "名称": "淄博恒太城", "经度": 117.982976, "纬度": 36.823338, "地址": "华光路331号", "类型": "购物服务;商场;普通商场", "省": "山东省", "市": "淄博市", "区县": "张店区", "经度_wgs84": 117.982559, "纬度_wgs84": 36.818614, "一级分类": "购物" }, "geometry": { "type": "Point", "coordinates": [ 117.982559, 36.818614 ] } },
{ "type": "Feature", "properties": { "类别": "商超", "名称": "淄博王府井广场", "经度": 118.051895, "纬度": 36.805278, "地址": "共青团路与柳泉路交叉口", "类型": "购物服务;商场;购物中心", "省": "山东省", "市": "淄博市", "区县": "张店区", "经度_wgs84": 118.051258, "纬度_wgs84": 36.800394, "一级分类": "购物" }, "geometry": { "type": "Point", "coordinates": [ 118.051258, 36.800394 ] } },
{ "type": "Feature", "properties": { "类别": "商超", "名称": "新玛特购物广场(中润店)", "经度": 118.028589, "纬度": 36.837956, "地址": "中润大道1号", "类型": "购物服务;商场;购物中心", "省": "山东省", "市": "淄博市", "区县": "张店区", "经度_wgs84": 118.027992, "纬度_wgs84": 36.833116, "一级分类": "购物" }, "geometry": { "type": "Point", "coordinates": [ 118.027992, 36.833116 ] } },
{ "type": "Feature", "properties": { "类别": "商超", "名称": "新玛特购物广场店", "经度": 118.028601, "纬度": 36.837944, "地址": "中润大道1号新玛特购物广场中润店B1层", "类型": "购物服务;商场;购物中心", "省": "山东省", "市": "淄博市", "区县": "张店区", "经度_wgs84": 118.028004, "纬度_wgs84": 36.833104, "一级分类": "购物" }, "geometry": { "type": "Point", "coordinates": [ 118.028004, 36.833104 ] } },
{ "type": "Feature", "properties": { "类别": "商超", "名称": "银座商城(淄博店)", "经度": 118.050481, "纬度": 36.805504, "地址": "银座商城负一层依兰坊", "类型": "购物服务;商场;普通商场", "省": "山东省", "市": "淄博市", "区县": "张店区", "经度_wgs84": 118.049847, "纬度_wgs84": 36.800622, "一级分类": "购物" }, "geometry": { "type": "Point", "coordinates": [ 118.049847, 36.800622 ] } },
{ "type": "Feature", "properties": { "类别": "商超", "名称": "淄博商厦", "经度": 118.058471, "纬度": 36.802055, "地址": "金晶大道125号", "类型": "购物服务;商场;普通商场|购物服务;家电电子卖场;手机销售", "省": "山东省", "市": "淄博市", "区县": "张店区", "经度_wgs84": 118.057821, "纬度_wgs84": 36.797161, "一级分类": "购物" }, "geometry": { "type": "Point", "coordinates": [ 118.057821, 36.797161 ] } },
{ "type": "Feature", "properties": { "类别": "商超", "名称": "银座·奥特莱斯(柳泉路店)", "经度": 118.056075, "纬度": 36.834419, "地址": "柳泉路105号", "类型": "购物服务;商场;购物中心", "省": "山东省", "市": "淄博市", "区县": "张店区", "经度_wgs84": 118.055402, "纬度_wgs84": 36.829528, "一级分类": "购物" }, "geometry": { "type": "Point", "coordinates": [ 118.055402, 36.829528 ] } },
{ "type": "Feature", "properties": { "类别": "商超", "名称": "利群集团淄博购物广场", "经度": 118.060455, "纬度": 36.800429, "地址": "商场东路2号", "类型": "购物服务;商场;购物中心", "省": "山东省", "市": "淄博市", "区县": "张店区", "经度_wgs84": 118.059802, "纬度_wgs84": 36.795533, "一级分类": "购物" }, "geometry": { "type": "Point", "coordinates": [ 118.059802, 36.795533 ] } },
{ "type": "Feature", "properties": { "类别": "商超", "名称": "银座购物广场(五里桥店)", "经度": 118.032224, "纬度": 36.813519, "地址": "人民西路51号银座购物广场1层", "类型": "购物服务;商场;普通商场|购物服务;商场;购物中心", "省": "山东省", "市": "淄博市", "区县": "张店区", "经度_wgs84": 118.031636, "纬度_wgs84": 36.808672, "一级分类": "购物" }, "geometry": { "type": "Point", "coordinates": [ 118.031636, 36.808672 ] } },
{ "type": "Feature", "properties": { "类别": "商超", "名称": "奥朗特广场", "经度": 118.012429, "纬度": 36.810507, "地址": [ ], "类型": "购物服务;商场;普通商场|购物服务;商场;购物中心", "省": "山东省", "市": "淄博市", "区县": "张店区", "经度_wgs84": 118.011913, "纬度_wgs84": 36.805707, "一级分类": "购物" }, "geometry": { "type": "Point", "coordinates": [ 118.011913, 36.805707 ] } },
{ "type": "Feature", "properties": { "类别": "商超", "名称": "德泰智汇广场", "经度": 118.029104, "纬度": 36.822275, "地址": "华光路116号", "类型": "购物服务;商场;购物中心", "省": "山东省", "市": "淄博市", "区县": "张店区", "经度_wgs84": 118.028519, "纬度_wgs84": 36.817435, "一级分类": "购物" }, "geometry": { "type": "Point", "coordinates": [ 118.028519, 36.817435 ] } },
{ "type": "Feature", "properties": { "类别": "商超", "名称": "铝城购物中心", "经度": 118.045266, "纬度": 36.753116, "地址": "南定镇山铝花园路29号", "类型": "购物服务;商场;购物中心", "省": "山东省", "市": "淄博市", "区县": "张店区", "经度_wgs84": 118.044691, "纬度_wgs84": 36.748245, "一级分类": "购物" }, "geometry": { "type": "Point", "coordinates": [ 118.044691, 36.748245 ] } },
{ "type": "Feature", "properties": { "类别": "商超", "名称": "富丽商城", "经度": 118.056526, "纬度": 36.805114, "地址": "共青团西路23号", "类型": "购物服务;商场;购物中心", "省": "山东省", "市": "淄博市", "区县": "张店区", "经度_wgs84": 118.055878, "纬度_wgs84": 36.800223, "一级分类": "购物" }, "geometry": { "type": "Point", "coordinates": [ 118.055878, 36.800223 ] } },
{ "type": "Feature", "properties": { "类别": "商超", "名称": "利群时代(柳泉路店)", "经度": 118.047509, "纬度": 36.801921, "地址": "柳泉路29号", "类型": "购物服务;商场;普通商场", "省": "山东省", "市": "淄博市", "区县": "张店区", "经度_wgs84": 118.046886, "纬度_wgs84": 36.797044, "一级分类": "购物" }, "geometry": { "type": "Point", "coordinates": [ 118.046886, 36.797044 ] } },
{ "type": "Feature", "properties": { "类别": "商超", "名称": "亿丰商场", "经度": 118.002092, "纬度": 36.816668, "地址": "重庆路亿丰大厦1-3层", "类型": "购物服务;商场;普通商场", "省": "山东省", "市": "淄博市", "区县": "张店区", "经度_wgs84": 118.00161, "纬度_wgs84": 36.811895, "一级分类": "购物" }, "geometry": { "type": "Point", "coordinates": [ 118.00161, 36.811895 ] } },
{ "type": "Feature", "properties": { "类别": "商超", "名称": "沣水生活广场", "经度": 118.092496, "纬度": 36.770362, "地址": "昌国路良乡物流东1000米", "类型": "购物服务;综合市场;农副产品市场", "省": "山东省", "市": "淄博市", "区县": "张店区", "经度_wgs84": 118.09183, "纬度_wgs84": 36.765449, "一级分类": "购物" }, "geometry": { "type": "Point", "coordinates": [ 118.09183, 36.765449 ] } },
{ "type": "Feature", "properties": { "类别": "商超", "名称": "振华商厦", "经度": 118.056051, "纬度": 36.80162, "地址": "城中西内环路与西一路交叉口西北80米", "类型": "购物服务;商场;购物中心", "省": "山东省", "市": "淄博市", "区县": "张店区", "经度_wgs84": 118.055407, "纬度_wgs84": 36.79673, "一级分类": "购物" }, "geometry": { "type": "Point", "coordinates": [ 118.055407, 36.79673 ] } },
{ "type": "Feature", "properties": { "类别": "商超", "名称": "秀水地下商城(振华商厦店)", "经度": 118.055741, "纬度": 36.80212, "地址": "振华商厦", "类型": "购物服务;商场;普通商场", "省": "山东省", "市": "淄博市", "区县": "张店区", "经度_wgs84": 118.055097, "纬度_wgs84": 36.79723, "一级分类": "购物" }, "geometry": { "type": "Point", "coordinates": [ 118.055097, 36.79723 ] } },
{ "type": "Feature", "properties": { "类别": "商超", "名称": "铭辰生活广场", "经度": 118.092622, "纬度": 36.770385, "地址": "铭辰百货东南门旁", "类型": "购物服务;超级市场;超市", "省": "山东省", "市": "淄博市", "区县": "张店区", "经度_wgs84": 118.091956, "纬度_wgs84": 36.765472, "一级分类": "购物" }, "geometry": { "type": "Point", "coordinates": [ 118.091956, 36.765472 ] } },
{ "type": "Feature", "properties": { "类别": "商超", "名称": "银泰百货(名尚银泰城店)", "经度": 118.035825, "纬度": 36.848275, "地址": "鲁泰大道9号银泰城1F层", "类型": "购物服务;个人用品/化妆品店;其它个人用品店", "省": "山东省", "市": "淄博市", "区县": "张店区", "经度_wgs84": 118.035195, "纬度_wgs84": 36.843419, "一级分类": "购物" }, "geometry": { "type": "Point", "coordinates": [ 118.035195, 36.843419 ] } },
{ "type": "Feature", "properties": { "类别": "商超", "名称": "百信商场", "经度": 118.05071, "纬度": 36.803084, "地址": "健康街与美食街交叉口西50米", "类型": "购物服务;商场;普通商场", "省": "山东省", "市": "淄博市", "区县": "张店区", "经度_wgs84": 118.050077, "纬度_wgs84": 36.798202, "一级分类": "购物" }, "geometry": { "type": "Point", "coordinates": [ 118.050077, 36.798202 ] } },
{ "type": "Feature", "properties": { "类别": "商超", "名称": "KKV恒太城", "经度": 117.983495, "纬度": 36.822913, "地址": "马尚街道办事处华光路331号淄博超级恒太城F1层1F-003-005-006KKV店", "类型": "购物服务;购物相关场所;购物相关场所", "省": "山东省", "市": "淄博市", "区县": "张店区", "经度_wgs84": 117.983077, "纬度_wgs84": 36.818188, "一级分类": "购物" }, "geometry": { "type": "Point", "coordinates": [ 117.983077, 36.818188 ] } },
{ "type": "Feature", "properties": { "类别": "商超", "名称": "众成·美都汇服饰广场(健康街)", "经度": 118.051487, "纬度": 36.803548, "地址": "健康街96号", "类型": "购物服务;购物相关场所;购物相关场所", "省": "山东省", "市": "淄博市", "区县": "张店区", "经度_wgs84": 118.050852, "纬度_wgs84": 36.798665, "一级分类": "购物" }, "geometry": { "type": "Point", "coordinates": [ 118.050852, 36.798665 ] } },
{ "type": "Feature", "properties": { "类别": "商超", "名称": "银座中心店2期", "经度": 118.050725, "纬度": 36.805125, "地址": "柳泉路110号", "类型": "购物服务;商场;商场", "省": "山东省", "市": "淄博市", "区县": "张店区", "经度_wgs84": 118.050091, "纬度_wgs84": 36.800243, "一级分类": "购物" }, "geometry": { "type": "Point", "coordinates": [ 118.050091, 36.800243 ] } },
{ "type": "Feature", "properties": { "类别": "商超", "名称": "云顺购物广场", "经度": 118.025122, "纬度": 36.765016, "地址": "南苑绿洲小区2区", "类型": "购物服务;超级市场;超市", "省": "山东省", "市": "淄博市", "区县": "张店区", "经度_wgs84": 118.0246, "纬度_wgs84": 36.760186, "一级分类": "购物" }, "geometry": { "type": "Point", "coordinates": [ 118.0246, 36.760186 ] } },
{ "type": "Feature", "properties": { "类别": "商超", "名称": "万通", "经度": 118.050587, "纬度": 36.803687, "地址": "张店区美食街82号", "类型": "购物服务;商场;普通商场|公司企业;公司企业;公司企业", "省": "山东省", "市": "淄博市", "区县": "张店区", "经度_wgs84": 118.049954, "纬度_wgs84": 36.798805, "一级分类": "购物" }, "geometry": { "type": "Point", "coordinates": [ 118.049954, 36.798805 ] } },
{ "type": "Feature", "properties": { "类别": "商超", "名称": "南定购物广场(淄博商厦铝城购物中心店)", "经度": 118.046169, "纬度": 36.752724, "地址": "南定镇西山路3号", "类型": "购物服务;超级市场;超市", "省": "山东省", "市": "淄博市", "区县": "张店区", "经度_wgs84": 118.045592, "纬度_wgs84": 36.747851, "一级分类": "购物" }, "geometry": { "type": "Point", "coordinates": [ 118.045592, 36.747851 ] } },
{ "type": "Feature", "properties": { "类别": "商超", "名称": "淄博鑫阳二手商城(淄博仓)", "经度": 118.081153, "纬度": 36.830496, "地址": "中润大道156号", "类型": "购物服务;购物相关场所;购物相关场所", "省": "山东省", "市": "淄博市", "区县": "张店区", "经度_wgs84": 118.080442, "纬度_wgs84": 36.825583, "一级分类": "购物" }, "geometry": { "type": "Point", "coordinates": [ 118.080442, 36.825583 ] } },
{ "type": "Feature", "properties": { "类别": "商超", "名称": "淄博大成商场", "经度": 118.055089, "纬度": 36.805645, "地址": "西二路181号", "类型": "购物服务;商场;普通商场|购物服务;便民商店/便利店;便民商店/便利店", "省": "山东省", "市": "淄博市", "区县": "张店区", "经度_wgs84": 118.054444, "纬度_wgs84": 36.800756, "一级分类": "购物" }, "geometry": { "type": "Point", "coordinates": [ 118.054444, 36.800756 ] } },
{ "type": "Feature", "properties": { "类别": "商超", "名称": "钰朋购物中心(沣水店)", "经度": 118.090277, "纬度": 36.756057, "地址": "城东路南首", "类型": "购物服务;商场;购物中心", "省": "山东省", "市": "淄博市", "区县": "张店区", "经度_wgs84": 118.089624, "纬度_wgs84": 36.751145, "一级分类": "购物" }, "geometry": { "type": "Point", "coordinates": [ 118.089624, 36.751145 ] } },
{ "type": "Feature", "properties": { "类别": "商超", "名称": "核心商城", "经度": 118.02041, "纬度": 36.785217, "地址": "昌国路105号鲁中装饰博览城", "类型": "购物服务;商场;普通商场", "省": "山东省", "市": "淄博市", "区县": "张店区", "经度_wgs84": 118.019887, "纬度_wgs84": 36.780398, "一级分类": "购物" }, "geometry": { "type": "Point", "coordinates": [ 118.019887, 36.780398 ] } },
{ "type": "Feature", "properties": { "类别": "商超", "名称": "湖田供销社百货商场", "经度": 118.124208, "纬度": 36.789429, "地址": "湖光路12号", "类型": "政府机构及社会团体;政府机关;乡镇级政府及事业单位|购物服务;超级市场;超市|购物服务;便民商店/便利店;便民商店/便利店", "省": "山东省", "市": "淄博市", "区县": "张店区", "经度_wgs84": 118.123542, "纬度_wgs84": 36.784542, "一级分类": "购物" }, "geometry": { "type": "Point", "coordinates": [ 118.123542, 36.784542 ] } },
{ "type": "Feature", "properties": { "类别": "商超", "名称": "修德百货", "经度": 118.049951, "纬度": 36.797448, "地址": "健康街23号甲7号", "类型": "购物服务;便民商店/便利店;便民商店/便利店", "省": "山东省", "市": "淄博市", "区县": "张店区", "经度_wgs84": 118.049325, "纬度_wgs84": 36.792567, "一级分类": "购物" }, "geometry": { "type": "Point", "coordinates": [ 118.049325, 36.792567 ] } },
{ "type": "Feature", "properties": { "类别": "商超", "名称": "金达购物广场", "经度": 118.058281, "纬度": 36.842413, "地址": "金达大厦1号", "类型": "购物服务;商场;普通商场", "省": "山东省", "市": "淄博市", "区县": "张店区", "经度_wgs84": 118.057596, "纬度_wgs84": 36.837519, "一级分类": "购物" }, "geometry": { "type": "Point", "coordinates": [ 118.057596, 36.837519 ] } },
{ "type": "Feature", "properties": { "类别": "商超", "名称": "明珠百货(洪沟路店)", "经度": 118.096046, "纬度": 36.788613, "地址": "洪沟路与宝山路快速路辅路交叉口东80米", "类型": "购物服务;便民商店/便利店;便民商店/便利店", "省": "山东省", "市": "淄博市", "区县": "张店区", "经度_wgs84": 118.095364, "纬度_wgs84": 36.783701, "一级分类": "购物" }, "geometry": { "type": "Point", "coordinates": [ 118.095364, 36.783701 ] } },
{ "type": "Feature", "properties": { "类别": "商超", "名称": "百姓商城驿站", "经度": 118.068149, "纬度": 36.809626, "地址": "东二路与人民东路辅路交叉口南60米", "类型": "购物服务;购物相关场所;购物相关场所", "省": "山东省", "市": "淄博市", "区县": "张店区", "经度_wgs84": 118.067474, "纬度_wgs84": 36.804721, "一级分类": "购物" }, "geometry": { "type": "Point", "coordinates": [ 118.067474, 36.804721 ] } },
{ "type": "Feature", "properties": { "类别": "商超", "名称": "静墨澜百货服装工作室(乔里店)", "经度": 118.075073, "纬度": 36.81887, "地址": "体育场街道华光路16号乔里院落式办公D1", "类型": "购物服务;服装鞋帽皮具店;服装鞋帽皮具店", "省": "山东省", "市": "淄博市", "区县": "张店区", "经度_wgs84": 118.074379, "纬度_wgs84": 36.81396, "一级分类": "购物" }, "geometry": { "type": "Point", "coordinates": [ 118.074379, 36.81396 ] } },
{ "type": "Feature", "properties": { "类别": "商超", "名称": "天鸿综合商城", "经度": 118.062087, "纬度": 36.799304, "地址": "东一路区公安局对面", "类型": "购物服务;商场;普通商场", "省": "山东省", "市": "淄博市", "区县": "张店区", "经度_wgs84": 118.061432, "纬度_wgs84": 36.794406, "一级分类": "购物" }, "geometry": { "type": "Point", "coordinates": [ 118.061432, 36.794406 ] } },
{ "type": "Feature", "properties": { "类别": "商超", "名称": "京艺琴行戏剧舞蹈商场", "经度": 118.05342, "纬度": 36.805846, "地址": "共青团西路53之6-8", "类型": "购物服务;专卖店;专营店", "省": "山东省", "市": "淄博市", "区县": "张店区", "经度_wgs84": 118.052778, "纬度_wgs84": 36.800959, "一级分类": "购物" }, "geometry": { "type": "Point", "coordinates": [ 118.052778, 36.800959 ] } },
{ "type": "Feature", "properties": { "类别": "商超", "名称": "南定泰贸商场", "经度": 118.04791, "纬度": 36.751906, "地址": [ ], "类型": "购物服务;家居建材市场;建材五金市场", "省": "山东省", "市": "淄博市", "区县": "张店区", "经度_wgs84": 118.047329, "纬度_wgs84": 36.74703, "一级分类": "购物" }, "geometry": { "type": "Point", "coordinates": [ 118.047329, 36.74703 ] } },
{ "type": "Feature", "properties": { "类别": "商超", "名称": "嗨惠多商城", "经度": 118.043014, "纬度": 36.751244, "地址": "铝城第一小学西北门东北50米", "类型": "购物服务;购物相关场所;购物相关场所", "省": "山东省", "市": "淄博市", "区县": "张店区", "经度_wgs84": 118.042447, "纬度_wgs84": 36.746377, "一级分类": "购物" }, "geometry": { "type": "Point", "coordinates": [ 118.042447, 36.746377 ] } },
{ "type": "Feature", "properties": { "类别": "商超", "名称": "西山商场", "经度": 118.04399, "纬度": 36.752766, "地址": "花园路20号", "类型": "购物服务;花鸟鱼虫市场;花卉市场|购物服务;服装鞋帽皮具店;服装鞋帽皮具店", "省": "山东省", "市": "淄博市", "区县": "张店区", "经度_wgs84": 118.043419, "纬度_wgs84": 36.747897, "一级分类": "购物" }, "geometry": { "type": "Point", "coordinates": [ 118.043419, 36.747897 ] } },
{ "type": "Feature", "properties": { "类别": "商超", "名称": "花仙女鲜花店商场西街店", "经度": 118.045878, "纬度": 36.803872, "地址": "商场西街41号", "类型": "购物服务;花鸟鱼虫市场;花卉市场", "省": "山东省", "市": "淄博市", "区县": "张店区", "经度_wgs84": 118.045258, "纬度_wgs84": 36.798998, "一级分类": "购物" }, "geometry": { "type": "Point", "coordinates": [ 118.045258, 36.798998 ] } },
{ "type": "Feature", "properties": { "类别": "商超", "名称": "金世界商城", "经度": 118.050285, "纬度": 36.819, "地址": "柳泉路西三巷38号", "类型": "购物服务;购物相关场所;购物相关场所", "省": "山东省", "市": "淄博市", "区县": "张店区", "经度_wgs84": 118.04964, "纬度_wgs84": 36.814118, "一级分类": "购物" }, "geometry": { "type": "Point", "coordinates": [ 118.04964, 36.814118 ] } },
{ "type": "Feature", "properties": { "类别": "商超", "名称": "冰洁制冷电器家电商场", "经度": 118.093975, "纬度": 36.777328, "地址": "沣水镇", "类型": "购物服务;家电电子卖场;家电电子卖场", "省": "山东省", "市": "淄博市", "区县": "张店区", "经度_wgs84": 118.093303, "纬度_wgs84": 36.772416, "一级分类": "购物" }, "geometry": { "type": "Point", "coordinates": [ 118.093303, 36.772416 ] } },
{ "type": "Feature", "properties": { "类别": "商超", "名称": "鲁臣商城", "经度": 118.051405, "纬度": 36.809116, "地址": "柳泉路与西二路西六巷交叉口东北140米", "类型": "购物服务;商场;普通商场", "省": "山东省", "市": "淄博市", "区县": "张店区", "经度_wgs84": 118.050765, "纬度_wgs84": 36.804232, "一级分类": "购物" }, "geometry": { "type": "Point", "coordinates": [ 118.050765, 36.804232 ] } },
{ "type": "Feature", "properties": { "类别": "商超", "名称": "众赢商城", "经度": 118.053325, "纬度": 36.805784, "地址": "共青团路53号", "类型": "购物服务;商场;商场", "省": "山东省", "市": "淄博市", "区县": "张店区", "经度_wgs84": 118.052684, "纬度_wgs84": 36.800898, "一级分类": "购物" }, "geometry": { "type": "Point", "coordinates": [ 118.052684, 36.800898 ] } },
{ "type": "Feature", "properties": { "类别": "商超", "名称": "鹿隐女装(新东升·福园西区店)", "经度": 118.027729, "纬度": 36.807304, "地址": "福园福悦南街47甲19号鹿隐女装", "类型": "购物服务;服装鞋帽皮具店;服装鞋帽皮具店", "省": "山东省", "市": "淄博市", "区县": "张店区", "经度_wgs84": 118.027162, "纬度_wgs84": 36.802467, "一级分类": "购物" }, "geometry": { "type": "Point", "coordinates": [ 118.027162, 36.802467 ] } },
{ "type": "Feature", "properties": { "类别": "商超", "名称": "嗨惠多商城", "经度": 118.077323, "纬度": 36.804818, "地址": "杜科中心街与共青团东路辅路交叉口北220米", "类型": "购物服务;购物相关场所;购物相关场所", "省": "山东省", "市": "淄博市", "区县": "张店区", "经度_wgs84": 118.076639, "纬度_wgs84": 36.799907, "一级分类": "购物" }, "geometry": { "type": "Point", "coordinates": [ 118.076639, 36.799907 ] } },
{ "type": "Feature", "properties": { "类别": "商超", "名称": "惠购商城", "经度": 118.057835, "纬度": 36.827413, "地址": "联通路与柳泉路交叉口东240米", "类型": "购物服务;购物相关场所;购物相关场所", "省": "山东省", "市": "淄博市", "区县": "张店区", "经度_wgs84": 118.057164, "纬度_wgs84": 36.82252, "一级分类": "购物" }, "geometry": { "type": "Point", "coordinates": [ 118.057164, 36.82252 ] } },
{ "type": "Feature", "properties": { "类别": "商超", "名称": "永春日化义乌商城店", "经度": 118.020546, "纬度": 36.824888, "地址": "华川西16街3326号", "类型": "购物服务;个人用品/化妆品店;其它个人用品店", "省": "山东省", "市": "淄博市", "区县": "张店区", "经度_wgs84": 118.019988, "纬度_wgs84": 36.820068, "一级分类": "购物" }, "geometry": { "type": "Point", "coordinates": [ 118.019988, 36.820068 ] } },
{ "type": "Feature", "properties": { "类别": "商超", "名称": "义乌商城(博大广场店)", "经度": 118.017175, "纬度": 36.823575, "地址": "小商品街88号美达华庭", "类型": "购物服务;商场;普通商场", "省": "山东省", "市": "淄博市", "区县": "张店区", "经度_wgs84": 118.016631, "纬度_wgs84": 36.818763, "一级分类": "购物" }, "geometry": { "type": "Point", "coordinates": [ 118.016631, 36.818763 ] } },
{ "type": "Feature", "properties": { "类别": "商超", "名称": "名筑商城", "经度": 117.996469, "纬度": 36.799556, "地址": "马尚镇和平路148号", "类型": "购物服务;购物相关场所;购物相关场所", "省": "山东省", "市": "淄博市", "区县": "张店区", "经度_wgs84": 117.996023, "纬度_wgs84": 36.794798, "一级分类": "购物" }, "geometry": { "type": "Point", "coordinates": [ 117.996023, 36.794798 ] } },
{ "type": "Feature", "properties": { "类别": "商超", "名称": "嗨惠多商城", "经度": 118.017095, "纬度": 36.808445, "地址": "恒大帝景2期", "类型": "购物服务;购物相关场所;购物相关场所", "省": "山东省", "市": "淄博市", "区县": "张店区", "经度_wgs84": 118.016564, "纬度_wgs84": 36.803634, "一级分类": "购物" }, "geometry": { "type": "Point", "coordinates": [ 118.016564, 36.803634 ] } },
{ "type": "Feature", "properties": { "类别": "商超", "名称": "市青少年宫中心商城", "经度": 118.061839, "纬度": 36.806994, "地址": "金晶大道118号中心商城", "类型": "购物服务;购物相关场所;购物相关场所", "省": "山东省", "市": "淄博市", "区县": "张店区", "经度_wgs84": 118.061178, "纬度_wgs84": 36.802096, "一级分类": "购物" }, "geometry": { "type": "Point", "coordinates": [ 118.061178, 36.802096 ] } },
{ "type": "Feature", "properties": { "类别": "商超", "名称": "筑泰商贸城", "经度": 118.083075, "纬度": 36.798025, "地址": "商场东路与宝沣路交叉口西140米", "类型": "购物服务;购物相关场所;购物相关场所|商务住宅;商务住宅相关;商务住宅相关", "省": "山东省", "市": "淄博市", "区县": "张店区", "经度_wgs84": 118.082391, "纬度_wgs84": 36.793112, "一级分类": "购物" }, "geometry": { "type": "Point", "coordinates": [ 118.082391, 36.793112 ] } },
{ "type": "Feature", "properties": { "类别": "商超", "名称": "2元连锁超市(商城广场街店)", "经度": 118.022035, "纬度": 36.822985, "地址": "淄博义乌小商品城一期南门东南60米", "类型": "购物服务;超级市场;超市", "省": "山东省", "市": "淄博市", "区县": "张店区", "经度_wgs84": 118.021474, "纬度_wgs84": 36.818161, "一级分类": "购物" }, "geometry": { "type": "Point", "coordinates": [ 118.021474, 36.818161 ] } },
{ "type": "Feature", "properties": { "类别": "商超", "名称": "宏城国际广场商业街(宏程国际广场店)", "经度": 118.011066, "纬度": 36.827125, "地址": "宏程·国际广场", "类型": "购物服务;购物相关场所;购物相关场所", "省": "山东省", "市": "淄博市", "区县": "张店区", "经度_wgs84": 118.010541, "纬度_wgs84": 36.822328, "一级分类": "购物" }, "geometry": { "type": "Point", "coordinates": [ 118.010541, 36.822328 ] } },
{ "type": "Feature", "properties": { "类别": "商超", "名称": "淄博商厦针织商场仓库", "经度": 118.058175, "纬度": 36.801875, "地址": "金晶大道125号淄博商厦F3", "类型": "购物服务;家电电子卖场;手机销售", "省": "山东省", "市": "淄博市", "区县": "张店区", "经度_wgs84": 118.057526, "纬度_wgs84": 36.796982, "一级分类": "购物" }, "geometry": { "type": "Point", "coordinates": [ 118.057526, 36.796982 ] } },
{ "type": "Feature", "properties": { "类别": "商超", "名称": "洪沟五金机电城10号楼", "经度": 118.074202, "纬度": 36.786367, "地址": "杏园东路68号洪沟五金机电城", "类型": "购物服务;家居建材市场;建材五金市场", "省": "山东省", "市": "淄博市", "区县": "张店区", "经度_wgs84": 118.073538, "纬度_wgs84": 36.781458, "一级分类": "购物" }, "geometry": { "type": "Point", "coordinates": [ 118.073538, 36.781458 ] } },
{ "type": "Feature", "properties": { "类别": "商超", "名称": "麦德龙(淄博张店商场)", "经度": 118.038197, "纬度": 36.767146, "地址": "经济技术开发区山泉路102号", "类型": "购物服务;超级市场;麦德龙|公司企业;公司;公司", "省": "山东省", "市": "淄博市", "区县": "张店区", "经度_wgs84": 118.037631, "纬度_wgs84": 36.762288, "一级分类": "购物" }, "geometry": { "type": "Point", "coordinates": [ 118.037631, 36.762288 ] } },
{ "type": "Feature", "properties": { "类别": "商超", "名称": "红星美凯龙(淄博昌国商场)", "经度": 118.033773, "纬度": 36.783271, "地址": "昌国路23号红星美凯龙", "类型": "购物服务;家居建材市场;家具城", "省": "山东省", "市": "淄博市", "区县": "张店区", "经度_wgs84": 118.033207, "纬度_wgs84": 36.778421, "一级分类": "购物" }, "geometry": { "type": "Point", "coordinates": [ 118.033207, 36.778421 ] } },
{ "type": "Feature", "properties": { "类别": "商超", "名称": "顾家家居(政通路居然店)", "经度": 118.057556, "纬度": 36.84184, "地址": "柳泉路居然之家3楼", "类型": "购物服务;家居建材市场;家居建材市场", "省": "山东省", "市": "淄博市", "区县": "张店区", "经度_wgs84": 118.056873, "纬度_wgs84": 36.836946, "一级分类": "购物" }, "geometry": { "type": "Point", "coordinates": [ 118.056873, 36.836946 ] } },
{ "type": "Feature", "properties": { "类别": "商超", "名称": "星盟烟酒超市(商场西街店)", "经度": 118.046951, "纬度": 36.80392, "地址": "和平家具城社区北门旁", "类型": "购物服务;专卖店;烟酒专卖店", "省": "山东省", "市": "淄博市", "区县": "张店区", "经度_wgs84": 118.046328, "纬度_wgs84": 36.799044, "一级分类": "购物" }, "geometry": { "type": "Point", "coordinates": [ 118.046328, 36.799044 ] } },
{ "type": "Feature", "properties": { "类别": "商超", "名称": "桐桐超市(商场东街店)", "经度": 118.070653, "纬度": 36.799632, "地址": "商场东街22号13", "类型": "购物服务;便民商店/便利店;便民商店/便利店", "省": "山东省", "市": "淄博市", "区县": "张店区", "经度_wgs84": 118.069982, "纬度_wgs84": 36.794726, "一级分类": "购物" }, "geometry": { "type": "Point", "coordinates": [ 118.069982, 36.794726 ] } },
{ "type": "Feature", "properties": { "类别": "商超", "名称": "红高粱老酒坊(商场路店)", "经度": 118.066225, "纬度": 36.800475, "地址": "商场东街23号", "类型": "购物服务;专卖店;烟酒专卖店", "省": "山东省", "市": "淄博市", "区县": "张店区", "经度_wgs84": 118.065561, "纬度_wgs84": 36.795573, "一级分类": "购物" }, "geometry": { "type": "Point", "coordinates": [ 118.065561, 36.795573 ] } },
{ "type": "Feature", "properties": { "类别": "商超", "名称": "舒达床垫(淄博红星美凯龙昌国商场店)", "经度": 118.033875, "纬度": 36.783225, "地址": "车站街道昌国路23号红星美凯龙二楼", "类型": "购物服务;购物相关场所;购物相关场所", "省": "山东省", "市": "淄博市", "区县": "张店区", "经度_wgs84": 118.033308, "纬度_wgs84": 36.778375, "一级分类": "购物" }, "geometry": { "type": "Point", "coordinates": [ 118.033308, 36.778375 ] } },
{ "type": "Feature", "properties": { "类别": "商超", "名称": "莱克健康家电体验馆(商场东街店)", "经度": 118.069781, "纬度": 36.79978, "地址": "商场东路22-1", "类型": "购物服务;家电电子卖场;家电电子卖场", "省": "山东省", "市": "淄博市", "区县": "张店区", "经度_wgs84": 118.069112, "纬度_wgs84": 36.794874, "一级分类": "购物" }, "geometry": { "type": "Point", "coordinates": [ 118.069112, 36.794874 ] } },
{ "type": "Feature", "properties": { "类别": "商超", "名称": "新日电动车(商场路店)", "经度": 118.047278, "纬度": 36.80421, "地址": "商场西路10号世纪上城", "类型": "购物服务;专卖店;自行车专卖店", "省": "山东省", "市": "淄博市", "区县": "张店区", "经度_wgs84": 118.046653, "纬度_wgs84": 36.799333, "一级分类": "购物" }, "geometry": { "type": "Point", "coordinates": [ 118.046653, 36.799333 ] } },
{ "type": "Feature", "properties": { "类别": "商超", "名称": "银座超市(淄博银座商城店)", "经度": 118.050484, "纬度": 36.805618, "地址": "柳泉路128号银座商城B1", "类型": "购物服务;超级市场;超市", "省": "山东省", "市": "淄博市", "区县": "张店区", "经度_wgs84": 118.04985, "纬度_wgs84": 36.800736, "一级分类": "购物" }, "geometry": { "type": "Point", "coordinates": [ 118.04985, 36.800736 ] } },
{ "type": "Feature", "properties": { "类别": "商超", "名称": "添可Tineco银座商城(淄博店)", "经度": 118.050461, "纬度": 36.805134, "地址": "银座商城(淄博店)", "类型": "购物服务;购物相关场所;购物相关场所", "省": "山东省", "市": "淄博市", "区县": "张店区", "经度_wgs84": 118.049827, "纬度_wgs84": 36.800252, "一级分类": "购物" }, "geometry": { "type": "Point", "coordinates": [ 118.049827, 36.800252 ] } },
{ "type": "Feature", "properties": { "类别": "商超", "名称": "淄博银座商城四楼nike kids", "经度": 118.049965, "纬度": 36.8051, "地址": "公园街道柳泉路128号银座商城四楼", "类型": "购物服务;体育用品店;体育用品店", "省": "山东省", "市": "淄博市", "区县": "张店区", "经度_wgs84": 118.049333, "纬度_wgs84": 36.800219, "一级分类": "购物" }, "geometry": { "type": "Point", "coordinates": [ 118.049333, 36.800219 ] } },
{ "type": "Feature", "properties": { "类别": "商超", "名称": "名鞋商场", "经度": 118.058133, "纬度": 36.801923, "地址": "金晶大道125号淄博商厦F1层", "类型": "购物服务;购物相关场所;购物相关场所", "省": "山东省", "市": "淄博市", "区县": "张店区", "经度_wgs84": 118.057484, "纬度_wgs84": 36.79703, "一级分类": "购物" }, "geometry": { "type": "Point", "coordinates": [ 118.057484, 36.79703 ] } },
{ "type": "Feature", "properties": { "类别": "商超", "名称": "红樱桃时尚购物广场(振华商厦店)", "经度": 118.055728, "纬度": 36.802018, "地址": "和平街道美食街59号振华商厦负一楼", "类型": "购物服务;商场;商场", "省": "山东省", "市": "淄博市", "区县": "张店区", "经度_wgs84": 118.055084, "纬度_wgs84": 36.797128, "一级分类": "购物" }, "geometry": { "type": "Point", "coordinates": [ 118.055084, 36.797128 ] } },
{ "type": "Feature", "properties": { "类别": "商超", "名称": "淄博理想城商业休闲广场", "经度": 118.001994, "纬度": 36.816309, "地址": "亿丰商场", "类型": "购物服务;购物相关场所;购物相关场所", "省": "山东省", "市": "淄博市", "区县": "张店区", "经度_wgs84": 118.001512, "纬度_wgs84": 36.811536, "一级分类": "购物" }, "geometry": { "type": "Point", "coordinates": [ 118.001512, 36.811536 ] } },
{ "type": "Feature", "properties": { "类别": "商超", "名称": "王府井通讯商城(淄博王府井广场店)", "经度": 118.052126, "纬度": 36.805493, "地址": "西二路231号怡莱酒店", "类型": "购物服务;家电电子卖场;手机销售", "省": "山东省", "市": "淄博市", "区县": "张店区", "经度_wgs84": 118.051488, "纬度_wgs84": 36.800608, "一级分类": "购物" }, "geometry": { "type": "Point", "coordinates": [ 118.051488, 36.800608 ] } },
{ "type": "Feature", "properties": { "类别": "商超", "名称": "巴达商贸(利群时代广场店)", "经度": 118.048045, "纬度": 36.801854, "地址": "柳泉路29号利群时代广场F1层", "类型": "购物服务;购物相关场所;购物相关场所", "省": "山东省", "市": "淄博市", "区县": "张店区", "经度_wgs84": 118.04742, "纬度_wgs84": 36.796976, "一级分类": "购物" }, "geometry": { "type": "Point", "coordinates": [ 118.04742, 36.796976 ] } },
{ "type": "Feature", "properties": { "类别": "商超", "名称": "淄诚电子商贸(利群时代广场店)", "经度": 118.048046, "纬度": 36.801821, "地址": "柳泉路29号利群时代广场正门南侧", "类型": "购物服务;购物相关场所;购物相关场所", "省": "山东省", "市": "淄博市", "区县": "张店区", "经度_wgs84": 118.047421, "纬度_wgs84": 36.796943, "一级分类": "购物" }, "geometry": { "type": "Point", "coordinates": [ 118.047421, 36.796943 ] } },
{ "type": "Feature", "properties": { "类别": "商超", "名称": "非同(昌国商场红星美凯龙店)", "经度": 118.03451, "纬度": 36.782601, "地址": "南西五路与昌国路路口红星美凯龙(昌国商场店)一楼非同", "类型": "购物服务;家居建材市场;家具城", "省": "山东省", "市": "淄博市", "区县": "张店区", "经度_wgs84": 118.033942, "纬度_wgs84": 36.77775, "一级分类": "购物" }, "geometry": { "type": "Point", "coordinates": [ 118.033942, 36.77775 ] } },
{ "type": "Feature", "properties": { "类别": "商超", "名称": "日立中央空调智慧空气馆(红星美凯龙昌国商场店)", "经度": 118.033875, "纬度": 36.783025, "地址": "昌国西路23号红星美凯龙四楼中厅", "类型": "购物服务;家电电子卖场;家电电子卖场", "省": "山东省", "市": "淄博市", "区县": "张店区", "经度_wgs84": 118.033308, "纬度_wgs84": 36.778175, "一级分类": "购物" }, "geometry": { "type": "Point", "coordinates": [ 118.033308, 36.778175 ] } },
{ "type": "Feature", "properties": { "类别": "商超", "名称": "华鹤(红星美凯龙淄博昌国商场)", "经度": 118.033775, "纬度": 36.783225, "地址": "车站街道昌国路23号3楼中厅", "类型": "购物服务;家居建材市场;建材五金市场", "省": "山东省", "市": "淄博市", "区县": "张店区", "经度_wgs84": 118.033209, "纬度_wgs84": 36.778375, "一级分类": "购物" }, "geometry": { "type": "Point", "coordinates": [ 118.033209, 36.778375 ] } },
{ "type": "Feature", "properties": { "类别": "商超", "名称": "西门子(昌国商场红星美凯龙店)", "经度": 118.033105, "纬度": 36.783367, "地址": "昌国路红星美凯龙1楼西北角", "类型": "购物服务;家电电子卖场;家电电子卖场", "省": "山东省", "市": "淄博市", "区县": "张店区", "经度_wgs84": 118.032541, "纬度_wgs84": 36.778519, "一级分类": "购物" }, "geometry": { "type": "Point", "coordinates": [ 118.032541, 36.778519 ] } },
{ "type": "Feature", "properties": { "类别": "商超", "名称": "世友地板(红星美凯龙昌国商场)", "经度": 118.033063, "纬度": 36.783085, "地址": "车站街道昌国西路23号红星美凯龙一楼", "类型": "购物服务;家居建材市场;建材五金市场", "省": "山东省", "市": "淄博市", "区县": "张店区", "经度_wgs84": 118.032499, "纬度_wgs84": 36.778237, "一级分类": "购物" }, "geometry": { "type": "Point", "coordinates": [ 118.032499, 36.778237 ] } },
{ "type": "Feature", "properties": { "类别": "商超", "名称": "芝华仕头等舱沙发(昌国商场红星美凯龙店)", "经度": 118.03428, "纬度": 36.783035, "地址": "昌国路29号1楼", "类型": "购物服务;家居建材市场;家具城", "省": "山东省", "市": "淄博市", "区县": "张店区", "经度_wgs84": 118.033712, "纬度_wgs84": 36.778184, "一级分类": "购物" }, "geometry": { "type": "Point", "coordinates": [ 118.033712, 36.778184 ] } },
{ "type": "Feature", "properties": { "类别": "商超", "名称": "绿源电动车(商场东街店)", "经度": 118.071479, "纬度": 36.799307, "地址": "商场东街与东二路交叉口东220米", "类型": "购物服务;专卖店;自行车专卖店", "省": "山东省", "市": "淄博市", "区县": "张店区", "经度_wgs84": 118.070808, "纬度_wgs84": 36.7944, "一级分类": "购物" }, "geometry": { "type": "Point", "coordinates": [ 118.070808, 36.7944 ] } },
{ "type": "Feature", "properties": { "类别": "商超", "名称": "茂业天地(暂停营业)", "经度": 118.050853, "纬度": 36.807477, "地址": "柳泉路152号", "类型": "购物服务;商场;购物中心", "省": "山东省", "市": "淄博市", "区县": "张店区", "经度_wgs84": 118.050216, "纬度_wgs84": 36.802594, "一级分类": "购物" }, "geometry": { "type": "Point", "coordinates": [ 118.050216, 36.802594 ] } },
{ "type": "Feature", "properties": { "类别": "商超", "名称": "莲池利群购物广场(暂停营业)", "经度": 118.036154, "纬度": 36.831436, "地址": "北西五路25号", "类型": "购物服务;商场;购物中心", "省": "山东省", "市": "淄博市", "区县": "张店区", "经度_wgs84": 118.035538, "纬度_wgs84": 36.82658, "一级分类": "购物" }, "geometry": { "type": "Point", "coordinates": [ 118.035538, 36.82658 ] } },
{ "type": "Feature", "properties": { "类别": "商超", "名称": "自贸免税商城(建设中)", "经度": 118.055953, "纬度": 36.845954, "地址": "鲁泰大道辅路与天鸿路交叉口东南140米", "类型": "购物服务;商场;普通商场", "省": "山东省", "市": "淄博市", "区县": "张店区", "经度_wgs84": 118.05527, "纬度_wgs84": 36.841063, "一级分类": "购物" }, "geometry": { "type": "Point", "coordinates": [ 118.05527, 36.841063 ] } },
{ "type": "Feature", "properties": { "类别": "商超", "名称": "楚楚整家定制(红星美凯龙昌国商场店)", "经度": 118.033775, "纬度": 36.783225, "地址": "昌国路23号红星美凯龙昌国商场二楼", "类型": "购物服务;家居建材市场;建材五金市场", "省": "山东省", "市": "淄博市", "区县": "张店区", "经度_wgs84": 118.033209, "纬度_wgs84": 36.778375, "一级分类": "购物" }, "geometry": { "type": "Point", "coordinates": [ 118.033209, 36.778375 ] } },
{ "type": "Feature", "properties": { "类别": "商超", "名称": "得力文具(商场东街店)", "经度": 118.064748, "纬度": 36.800478, "地址": "商场东路6号6号甲4号", "类型": "购物服务;文化用品店;文化用品店", "省": "山东省", "市": "淄博市", "区县": "张店区", "经度_wgs84": 118.064087, "纬度_wgs84": 36.795577, "一级分类": "购物" }, "geometry": { "type": "Point", "coordinates": [ 118.064087, 36.795577 ] } },
{ "type": "Feature", "properties": { "类别": "商超", "名称": "英国集宝保险柜(红星美凯龙昌国商场店)", "经度": 118.033773, "纬度": 36.783271, "地址": "昌国路23号", "类型": "购物服务;购物相关场所;购物相关场所", "省": "山东省", "市": "淄博市", "区县": "张店区", "经度_wgs84": 118.033207, "纬度_wgs84": 36.778421, "一级分类": "购物" }, "geometry": { "type": "Point", "coordinates": [ 118.033207, 36.778421 ] } },
{ "type": "Feature", "properties": { "类别": "商超", "名称": "花星语鲜花店(商场西街店)", "经度": 118.045846, "纬度": 36.803841, "地址": "和平街道商场西路中段3号楼一层东数第一间", "类型": "购物服务;花鸟鱼虫市场;花卉市场", "省": "山东省", "市": "淄博市", "区县": "张店区", "经度_wgs84": 118.045226, "纬度_wgs84": 36.798967, "一级分类": "购物" }, "geometry": { "type": "Point", "coordinates": [ 118.045226, 36.798967 ] } },
{ "type": "Feature", "properties": { "类别": "商超", "名称": "潍坊六和窗帘(商场西街店)", "经度": 118.038974, "纬度": 36.805017, "地址": "商场西街博物馆北门北十三巷", "类型": "购物服务;家居建材市场;布艺市场", "省": "山东省", "市": "淄博市", "区县": "张店区", "经度_wgs84": 118.038373, "纬度_wgs84": 36.800156, "一级分类": "购物" }, "geometry": { "type": "Point", "coordinates": [ 118.038373, 36.800156 ] } },
{ "type": "Feature", "properties": { "类别": "商超", "名称": "馨雅窗帘布艺(商场西街店)", "经度": 118.039563, "纬度": 36.805039, "地址": "商场西街62号甲77号", "类型": "购物服务;家居建材市场;布艺市场", "省": "山东省", "市": "淄博市", "区县": "张店区", "经度_wgs84": 118.03896, "纬度_wgs84": 36.800177, "一级分类": "购物" }, "geometry": { "type": "Point", "coordinates": [ 118.03896, 36.800177 ] } },
{ "type": "Feature", "properties": { "类别": "商超", "名称": "华丽窗帘沙发套(商场西街店)", "经度": 118.039425, "纬度": 36.805079, "地址": "商场西街62号甲44号", "类型": "购物服务;家居建材市场;布艺市场", "省": "山东省", "市": "淄博市", "区县": "张店区", "经度_wgs84": 118.038822, "纬度_wgs84": 36.800217, "一级分类": "购物" }, "geometry": { "type": "Point", "coordinates": [ 118.038822, 36.800217 ] } },
{ "type": "Feature", "properties": { "类别": "商超", "名称": "雅居窗帘(商场西街店)", "经度": 118.037682, "纬度": 36.805073, "地址": "商场西街62号甲77号", "类型": "购物服务;家居建材市场;布艺市场", "省": "山东省", "市": "淄博市", "区县": "张店区", "经度_wgs84": 118.037084, "纬度_wgs84": 36.800215, "一级分类": "购物" }, "geometry": { "type": "Point", "coordinates": [ 118.037084, 36.800215 ] } },
{ "type": "Feature", "properties": { "类别": "商超", "名称": "贵雅窗帘(商场西街店)", "经度": 118.04412, "纬度": 36.804702, "地址": "商场西街40号", "类型": "购物服务;家居建材市场;布艺市场", "省": "山东省", "市": "淄博市", "区县": "张店区", "经度_wgs84": 118.043504, "纬度_wgs84": 36.799831, "一级分类": "购物" }, "geometry": { "type": "Point", "coordinates": [ 118.043504, 36.799831 ] } },
{ "type": "Feature", "properties": { "类别": "商超", "名称": "小李水果(商场东街店)", "经度": 118.064253, "纬度": 36.800562, "地址": "商场路东街4号甲11号", "类型": "购物服务;综合市场;果品市场", "省": "山东省", "市": "淄博市", "区县": "张店区", "经度_wgs84": 118.063593, "纬度_wgs84": 36.795662, "一级分类": "购物" }, "geometry": { "type": "Point", "coordinates": [ 118.063593, 36.795662 ] } },
{ "type": "Feature", "properties": { "类别": "商超", "名称": "林海窗帘布艺(商场西街店)", "经度": 118.038125, "纬度": 36.805025, "地址": "商场西街62号甲75号", "类型": "购物服务;家居建材市场;布艺市场", "省": "山东省", "市": "淄博市", "区县": "张店区", "经度_wgs84": 118.037526, "纬度_wgs84": 36.800166, "一级分类": "购物" }, "geometry": { "type": "Point", "coordinates": [ 118.037526, 36.800166 ] } },
{ "type": "Feature", "properties": { "类别": "商超", "名称": "暹罗阁泰国佛牌(富丽商城店)", "经度": 118.056082, "纬度": 36.805339, "地址": "公园街道共青团西路23号富丽商城西区B151室", "类型": "购物服务;专卖店;珠宝首饰工艺品", "省": "山东省", "市": "淄博市", "区县": "张店区", "经度_wgs84": 118.055434, "纬度_wgs84": 36.800449, "一级分类": "购物" }, "geometry": { "type": "Point", "coordinates": [ 118.055434, 36.800449 ] } },
{ "type": "Feature", "properties": { "类别": "商超", "名称": "潍坊六丰窗饰(商场西街店)", "经度": 118.038918, "纬度": 36.805017, "地址": "商场西街62号甲52号", "类型": "购物服务;家居建材市场;布艺市场", "省": "山东省", "市": "淄博市", "区县": "张店区", "经度_wgs84": 118.038317, "纬度_wgs84": 36.800156, "一级分类": "购物" }, "geometry": { "type": "Point", "coordinates": [ 118.038317, 36.800156 ] } },
{ "type": "Feature", "properties": { "类别": "商超", "名称": "台铃电动车(公园街道商场西街2店)", "经度": 118.027639, "纬度": 36.805522, "地址": "公园街道新东升福园西区南门,78号甲17号", "类型": "购物服务;专卖店;自行车专卖店", "省": "山东省", "市": "淄博市", "区县": "张店区", "经度_wgs84": 118.027074, "纬度_wgs84": 36.800685, "一级分类": "购物" }, "geometry": { "type": "Point", "coordinates": [ 118.027074, 36.800685 ] } },
{ "type": "Feature", "properties": { "类别": "商超", "名称": "龙展烟酒商行(公园办事处商场西路店)", "经度": 118.046743, "纬度": 36.804318, "地址": "商场西街8号", "类型": "购物服务;专卖店;烟酒专卖店", "省": "山东省", "市": "淄博市", "区县": "张店区", "经度_wgs84": 118.04612, "纬度_wgs84": 36.799442, "一级分类": "购物" }, "geometry": { "type": "Point", "coordinates": [ 118.04612, 36.799442 ] } },
{ "type": "Feature", "properties": { "类别": "商超", "名称": "爱尚花坊(商场东街店)", "经度": 118.062131, "纬度": 36.800792, "地址": "商场东路2甲8号万象汇3门正对面", "类型": "购物服务;花鸟鱼虫市场;花卉市场", "省": "山东省", "市": "淄博市", "区县": "张店区", "经度_wgs84": 118.061475, "纬度_wgs84": 36.795894, "一级分类": "购物" }, "geometry": { "type": "Point", "coordinates": [ 118.061475, 36.795894 ] } },
{ "type": "Feature", "properties": { "类别": "商超", "名称": "正泰照明(装饰材料城核心商场店)", "经度": 118.020625, "纬度": 36.784084, "地址": "傅家镇昌国路105号鲁中装饰材料城核心商场二楼左转博瑞特灯饰", "类型": "购物服务;家居建材市场;灯具瓷器市场", "省": "山东省", "市": "淄博市", "区县": "张店区", "经度_wgs84": 118.020103, "纬度_wgs84": 36.779265, "一级分类": "购物" }, "geometry": { "type": "Point", "coordinates": [ 118.020103, 36.779265 ] } },
{ "type": "Feature", "properties": { "类别": "商超", "名称": "乐芙服装店(商场西街店)", "经度": 118.027922, "纬度": 36.807305, "地址": "共青团西路155号新东升·福园西区", "类型": "购物服务;服装鞋帽皮具店;服装鞋帽皮具店", "省": "山东省", "市": "淄博市", "区县": "张店区", "经度_wgs84": 118.027354, "纬度_wgs84": 36.802468, "一级分类": "购物" }, "geometry": { "type": "Point", "coordinates": [ 118.027354, 36.802468 ] } },
{ "type": "Feature", "properties": { "类别": "商超", "名称": "雅帝乐入户门车库门(红星美凯龙昌国商场)", "经度": 118.033791, "纬度": 36.783286, "地址": "昌国路红星美凯龙中厅3楼西北角", "类型": "购物服务;家居建材市场;建材五金市场", "省": "山东省", "市": "淄博市", "区县": "张店区", "经度_wgs84": 118.033225, "纬度_wgs84": 36.778436, "一级分类": "购物" }, "geometry": { "type": "Point", "coordinates": [ 118.033225, 36.778436 ] } },
{ "type": "Feature", "properties": { "类别": "商超", "名称": "红旗仪表(商场东路店)", "经度": 118.082759, "纬度": 36.79858, "地址": "商场东路(古玩市场D一112)", "类型": "购物服务;购物相关场所;购物相关场所", "省": "山东省", "市": "淄博市", "区县": "张店区", "经度_wgs84": 118.082075, "纬度_wgs84": 36.793667, "一级分类": "购物" }, "geometry": { "type": "Point", "coordinates": [ 118.082075, 36.793667 ] } },
{ "type": "Feature", "properties": { "类别": "商超", "名称": "海尔冰箱专卖店(商场东街店)", "经度": 118.082017, "纬度": 36.798602, "地址": "商场路与东四路往西200米路北海尔专卖店", "类型": "购物服务;家电电子卖场;家电电子卖场", "省": "山东省", "市": "淄博市", "区县": "张店区", "经度_wgs84": 118.081333, "纬度_wgs84": 36.793689, "一级分类": "购物" }, "geometry": { "type": "Point", "coordinates": [ 118.081333, 36.793689 ] } },
{ "type": "Feature", "properties": { "类别": "商超", "名称": "东盛水暖(商场东街店)", "经度": 118.068532, "纬度": 36.799993, "地址": "商场东街18-8号", "类型": "购物服务;家居建材市场;建材五金市场", "省": "山东省", "市": "淄博市", "区县": "张店区", "经度_wgs84": 118.067865, "纬度_wgs84": 36.795088, "一级分类": "购物" }, "geometry": { "type": "Point", "coordinates": [ 118.067865, 36.795088 ] } },
{ "type": "Feature", "properties": { "类别": "商超", "名称": "富源茶庄(商场西街店)", "经度": 118.038847, "纬度": 36.805024, "地址": "商场西街62号甲57号", "类型": "购物服务;专卖店;专营店", "省": "山东省", "市": "淄博市", "区县": "张店区", "经度_wgs84": 118.038246, "纬度_wgs84": 36.800163, "一级分类": "购物" }, "geometry": { "type": "Point", "coordinates": [ 118.038246, 36.800163 ] } },
{ "type": "Feature", "properties": { "类别": "商超", "名称": "鹏源五金工具商行(天乐园商场店)", "经度": 118.057161, "纬度": 36.792686, "地址": "兴学街21号甲4号天乐园商场F1层", "类型": "购物服务;家居建材市场;建材五金市场", "省": "山东省", "市": "淄博市", "区县": "张店区", "经度_wgs84": 118.056522, "纬度_wgs84": 36.787794, "一级分类": "购物" }, "geometry": { "type": "Point", "coordinates": [ 118.056522, 36.787794 ] } },
{ "type": "Feature", "properties": { "类别": "商超", "名称": "新豪轩门窗(红星美凯龙昌国商场店)", "经度": 118.033775, "纬度": 36.783175, "地址": "车站街道办事处昌国西路23号红星美凯龙二楼B8056", "类型": "购物服务;家居建材市场;建材五金市场", "省": "山东省", "市": "淄博市", "区县": "张店区", "经度_wgs84": 118.033209, "纬度_wgs84": 36.778325, "一级分类": "购物" }, "geometry": { "type": "Point", "coordinates": [ 118.033209, 36.778325 ] } },
{ "type": "Feature", "properties": { "类别": "商超", "名称": "东方弘叶家具(红星美凯龙昌国商场)", "经度": 118.034375, "纬度": 36.782975, "地址": "红星美凯龙淄博昌国商场", "类型": "购物服务;家居建材市场;家具城", "省": "山东省", "市": "淄博市", "区县": "张店区", "经度_wgs84": 118.033807, "纬度_wgs84": 36.778124, "一级分类": "购物" }, "geometry": { "type": "Point", "coordinates": [ 118.033807, 36.778124 ] } },
{ "type": "Feature", "properties": { "类别": "商超", "名称": "陶渤建材(红星美凯龙昌国商场)", "经度": 118.033392, "纬度": 36.783624, "地址": "昌国路23号红星美凯龙1层", "类型": "购物服务;家居建材市场;厨卫市场|购物服务;家居建材市场;建材五金市场", "省": "山东省", "市": "淄博市", "区县": "张店区", "经度_wgs84": 118.032827, "纬度_wgs84": 36.778775, "一级分类": "购物" }, "geometry": { "type": "Point", "coordinates": [ 118.032827, 36.778775 ] } },
{ "type": "Feature", "properties": { "类别": "商超", "名称": "诗荟花礼(商场东路南一巷店)", "经度": 118.061902, "纬度": 36.800463, "地址": "商场东街与东一路交叉口西120米", "类型": "购物服务;购物相关场所;购物相关场所", "省": "山东省", "市": "淄博市", "区县": "张店区", "经度_wgs84": 118.061246, "纬度_wgs84": 36.795565, "一级分类": "购物" }, "geometry": { "type": "Point", "coordinates": [ 118.061246, 36.795565 ] } },
{ "type": "Feature", "properties": { "类别": "商超", "名称": "美瞳公主(秀水服饰商场店)", "经度": 118.055802, "纬度": 36.802171, "地址": "秀水西区4街415号", "类型": "购物服务;购物相关场所;购物相关场所", "省": "山东省", "市": "淄博市", "区县": "张店区", "经度_wgs84": 118.055158, "纬度_wgs84": 36.797281, "一级分类": "购物" }, "geometry": { "type": "Point", "coordinates": [ 118.055158, 36.797281 ] } },
{ "type": "Feature", "properties": { "类别": "商超", "名称": "优品购超市(商场西街店)", "经度": 118.043986, "纬度": 36.805202, "地址": "梦圆广场", "类型": "购物服务;超级市场;超市", "省": "山东省", "市": "淄博市", "区县": "张店区", "经度_wgs84": 118.04337, "纬度_wgs84": 36.800331, "一级分类": "购物" }, "geometry": { "type": "Point", "coordinates": [ 118.04337, 36.800331 ] } },
{ "type": "Feature", "properties": { "类别": "商超", "名称": "888服饰(商场西街店)", "经度": 118.047616, "纬度": 36.803791, "地址": "柳泉路37号金宝岛大厦F1层", "类型": "购物服务;服装鞋帽皮具店;服装鞋帽皮具店", "省": "山东省", "市": "淄博市", "区县": "张店区", "经度_wgs84": 118.046991, "纬度_wgs84": 36.798914, "一级分类": "购物" }, "geometry": { "type": "Point", "coordinates": [ 118.046991, 36.798914 ] } },
{ "type": "Feature", "properties": { "类别": "商超", "名称": "中国名酒货仓(商场东街店)", "经度": 118.082157, "纬度": 36.798607, "地址": "商场东路与宝沣路交叉口西220米", "类型": "购物服务;专卖店;烟酒专卖店", "省": "山东省", "市": "淄博市", "区县": "张店区", "经度_wgs84": 118.081473, "纬度_wgs84": 36.793694, "一级分类": "购物" }, "geometry": { "type": "Point", "coordinates": [ 118.081473, 36.793694 ] } },
{ "type": "Feature", "properties": { "类别": "商超", "名称": "海尔电器(商场东街店)", "经度": 118.068321, "纬度": 36.800018, "地址": "东二路19号附近", "类型": "购物服务;购物相关场所;购物相关场所", "省": "山东省", "市": "淄博市", "区县": "张店区", "经度_wgs84": 118.067654, "纬度_wgs84": 36.795114, "一级分类": "购物" }, "geometry": { "type": "Point", "coordinates": [ 118.067654, 36.795114 ] } },
{ "type": "Feature", "properties": { "类别": "商超", "名称": "鑫鑫窗帘(商场西街店)", "经度": 118.044268, "纬度": 36.804643, "地址": "商场西街32甲1(大红门对面)", "类型": "购物服务;家居建材市场;布艺市场", "省": "山东省", "市": "淄博市", "区县": "张店区", "经度_wgs84": 118.043651, "纬度_wgs84": 36.799772, "一级分类": "购物" }, "geometry": { "type": "Point", "coordinates": [ 118.043651, 36.799772 ] } },
{ "type": "Feature", "properties": { "类别": "商超", "名称": "云峰茗茶(商场西街店)", "经度": 118.038528, "纬度": 36.805017, "地址": "商场西街62号甲65号", "类型": "购物服务;专卖店;专营店", "省": "山东省", "市": "淄博市", "区县": "张店区", "经度_wgs84": 118.037928, "纬度_wgs84": 36.800157, "一级分类": "购物" }, "geometry": { "type": "Point", "coordinates": [ 118.037928, 36.800157 ] } },
{ "type": "Feature", "properties": { "类别": "商超", "名称": "小巴士电动车(东源商场店)", "经度": 118.055747, "纬度": 36.805996, "地址": "共青团西路辅路与西二路交叉口东20米", "类型": "购物服务;专卖店;自行车专卖店|生活服务;维修站点;维修站点", "省": "山东省", "市": "淄博市", "区县": "张店区", "经度_wgs84": 118.0551, "纬度_wgs84": 36.801106, "一级分类": "购物" }, "geometry": { "type": "Point", "coordinates": [ 118.0551, 36.801106 ] } },
{ "type": "Feature", "properties": { "类别": "商超", "名称": "鲁中五金机电汽配城(通力家园店)", "经度": 118.014521, "纬度": 36.783633, "地址": "傅家镇昌国路鲁中五金机电汽配城中区", "类型": "购物服务;家居建材市场;建材五金市场|汽车服务;汽车配件销售;汽车配件销售", "省": "山东省", "市": "淄博市", "区县": "张店区", "经度_wgs84": 118.014021, "纬度_wgs84": 36.778829, "一级分类": "购物" }, "geometry": { "type": "Point", "coordinates": [ 118.014021, 36.778829 ] } },
{ "type": "Feature", "properties": { "类别": "商超", "名称": "禧又(商场西街北十七巷店)", "经度": 118.028725, "纬度": 36.806375, "地址": "共青团西路155号新东升·福园西区", "类型": "购物服务;购物相关场所;购物相关场所", "省": "山东省", "市": "淄博市", "区县": "张店区", "经度_wgs84": 118.028155, "纬度_wgs84": 36.801536, "一级分类": "购物" }, "geometry": { "type": "Point", "coordinates": [ 118.028155, 36.801536 ] } },
{ "type": "Feature", "properties": { "类别": "商超", "名称": "金锣冷鲜肉专卖店(商场东街店)", "经度": 118.071442, "纬度": 36.799322, "地址": "商场东街与东二路交叉口东200米", "类型": "购物服务;专卖店;专营店", "省": "山东省", "市": "淄博市", "区县": "张店区", "经度_wgs84": 118.070771, "纬度_wgs84": 36.794415, "一级分类": "购物" }, "geometry": { "type": "Point", "coordinates": [ 118.070771, 36.794415 ] } },
{ "type": "Feature", "properties": { "类别": "商超", "名称": "洪沟五金机电城", "经度": 118.075571, "纬度": 36.785841, "地址": "杏园东路66号甲7号", "类型": "购物服务;家居建材市场;建材五金市场", "省": "山东省", "市": "淄博市", "区县": "张店区", "经度_wgs84": 118.074906, "纬度_wgs84": 36.780932, "一级分类": "购物" }, "geometry": { "type": "Point", "coordinates": [ 118.074906, 36.780932 ] } },
{ "type": "Feature", "properties": { "类别": "商超", "名称": "飞利浦空调(商场东街店)", "经度": 118.082874, "纬度": 36.798579, "地址": "商场东路与宝沣路交叉口西160米", "类型": "购物服务;家电电子卖场;家电电子卖场", "省": "山东省", "市": "淄博市", "区县": "张店区", "经度_wgs84": 118.08219, "纬度_wgs84": 36.793666, "一级分类": "购物" }, "geometry": { "type": "Point", "coordinates": [ 118.08219, 36.793666 ] } },
{ "type": "Feature", "properties": { "类别": "商超", "名称": "爱恒优选(商场西街店)", "经度": 118.046258, "纬度": 36.804043, "地址": "和平家具城社区北门西90米", "类型": "购物服务;购物相关场所;购物相关场所", "省": "山东省", "市": "淄博市", "区县": "张店区", "经度_wgs84": 118.045636, "纬度_wgs84": 36.799168, "一级分类": "购物" }, "geometry": { "type": "Point", "coordinates": [ 118.045636, 36.799168 ] } },
{ "type": "Feature", "properties": { "类别": "商超", "名称": "德银五金淄博总公司", "经度": 118.072206, "纬度": 36.787541, "地址": "洪沟西街与杏园东路交汇处东北角", "类型": "购物服务;家居建材市场;建材五金市场|公司企业;公司企业;公司企业", "省": "山东省", "市": "淄博市", "区县": "张店区", "经度_wgs84": 118.071544, "纬度_wgs84": 36.782634, "一级分类": "购物" }, "geometry": { "type": "Point", "coordinates": [ 118.071544, 36.782634 ] } },
{ "type": "Feature", "properties": { "类别": "商超", "名称": "晨光文具(商场东街店)", "经度": 118.064783, "纬度": 36.800436, "地址": "淄建第三生活小区北门西50米", "类型": "购物服务;文化用品店;文化用品店", "省": "山东省", "市": "淄博市", "区县": "张店区", "经度_wgs84": 118.064122, "纬度_wgs84": 36.795535, "一级分类": "购物" }, "geometry": { "type": "Point", "coordinates": [ 118.064122, 36.795535 ] } },
{ "type": "Feature", "properties": { "类别": "商超", "名称": "鲁中五金机电汽配城-中区", "经度": 118.014456, "纬度": 36.783787, "地址": "复兴路与唐家山路交叉口西北300米", "类型": "购物服务;家居建材市场;家居建材市场", "省": "山东省", "市": "淄博市", "区县": "张店区", "经度_wgs84": 118.013956, "纬度_wgs84": 36.778983, "一级分类": "购物" }, "geometry": { "type": "Point", "coordinates": [ 118.013956, 36.778983 ] } },
{ "type": "Feature", "properties": { "类别": "商超", "名称": "蓝精灵童装(商场东街店)", "经度": 118.070589, "纬度": 36.799653, "地址": "商场东街与东二路交叉口东120米", "类型": "购物服务;专卖店;儿童用品店", "省": "山东省", "市": "淄博市", "区县": "张店区", "经度_wgs84": 118.069919, "纬度_wgs84": 36.794747, "一级分类": "购物" }, "geometry": { "type": "Point", "coordinates": [ 118.069919, 36.794747 ] } },
{ "type": "Feature", "properties": { "类别": "商超", "名称": "木子尚·心动(商场西街北十七巷店)", "经度": 118.027703, "纬度": 36.80722, "地址": "共青团西路155号新东升·福园西区", "类型": "购物服务;服装鞋帽皮具店;服装鞋帽皮具店", "省": "山东省", "市": "淄博市", "区县": "张店区", "经度_wgs84": 118.027136, "纬度_wgs84": 36.802383, "一级分类": "购物" }, "geometry": { "type": "Point", "coordinates": [ 118.027136, 36.802383 ] } },
{ "type": "Feature", "properties": { "类别": "商超", "名称": "黑骑士部落(商场西街北九巷店)", "经度": 118.043564, "纬度": 36.805963, "地址": "共青团西路南八巷与商场西街北八巷交叉口西北60米", "类型": "购物服务;专卖店;专营店", "省": "山东省", "市": "淄博市", "区县": "张店区", "经度_wgs84": 118.042948, "纬度_wgs84": 36.801093, "一级分类": "购物" }, "geometry": { "type": "Point", "coordinates": [ 118.042948, 36.801093 ] } },
{ "type": "Feature", "properties": { "类别": "商超", "名称": "红豆居家(大商新玛特商场店)", "经度": 118.028625, "纬度": 36.837975, "地址": "中润大道1号新玛特购物广场中润店F3层", "类型": "购物服务;服装鞋帽皮具店;品牌服装店", "省": "山东省", "市": "淄博市", "区县": "张店区", "经度_wgs84": 118.028028, "纬度_wgs84": 36.833135, "一级分类": "购物" }, "geometry": { "type": "Point", "coordinates": [ 118.028028, 36.833135 ] } },
{ "type": "Feature", "properties": { "类别": "商超", "名称": "步阳安全门(红星美凯龙淄博昌国商场店)", "经度": 118.033325, "纬度": 36.783075, "地址": "南西五路与昌国路辅路交叉口南160米", "类型": "购物服务;家居建材市场;建材五金市场", "省": "山东省", "市": "淄博市", "区县": "张店区", "经度_wgs84": 118.03276, "纬度_wgs84": 36.778226, "一级分类": "购物" }, "geometry": { "type": "Point", "coordinates": [ 118.03276, 36.778226 ] } },
{ "type": "Feature", "properties": { "类别": "商超", "名称": "菜大全生鲜果蔬超市(商场西街店)", "经度": 118.046007, "纬度": 36.8038, "地址": "商场西街与共青团西路南六巷交叉口南40米", "类型": "购物服务;综合市场;农副产品市场", "省": "山东省", "市": "淄博市", "区县": "张店区", "经度_wgs84": 118.045386, "纬度_wgs84": 36.798926, "一级分类": "购物" }, "geometry": { "type": "Point", "coordinates": [ 118.045386, 36.798926 ] } },
{ "type": "Feature", "properties": { "类别": "商超", "名称": "vivo(天乐园商场店)", "经度": 118.05771, "纬度": 36.793618, "地址": "兴学街与金晶大道辅路交叉口西北20米", "类型": "购物服务;家电电子卖场;家电电子卖场", "省": "山东省", "市": "淄博市", "区县": "张店区", "经度_wgs84": 118.057069, "纬度_wgs84": 36.788726, "一级分类": "购物" }, "geometry": { "type": "Point", "coordinates": [ 118.057069, 36.788726 ] } },
{ "type": "Feature", "properties": { "类别": "商超", "名称": "东成专业电动工具(天乐园商场店)", "经度": 118.057002, "纬度": 36.792055, "地址": "安乐街与杏园西路交叉口西北80米", "类型": "购物服务;专卖店;专营店", "省": "山东省", "市": "淄博市", "区县": "张店区", "经度_wgs84": 118.056364, "纬度_wgs84": 36.787164, "一级分类": "购物" }, "geometry": { "type": "Point", "coordinates": [ 118.056364, 36.787164 ] } },
{ "type": "Feature", "properties": { "类别": "商超", "名称": "德尔地板(红星美凯龙淄博昌国商场店)", "经度": 118.033325, "纬度": 36.782975, "地址": "昌国路23号", "类型": "购物服务;家居建材市场;建材五金市场", "省": "山东省", "市": "淄博市", "区县": "张店区", "经度_wgs84": 118.03276, "纬度_wgs84": 36.778126, "一级分类": "购物" }, "geometry": { "type": "Point", "coordinates": [ 118.03276, 36.778126 ] } },
{ "type": "Feature", "properties": { "类别": "商超", "名称": "名烟名酒(商场西街店)", "经度": 118.045371, "纬度": 36.804095, "地址": "商场西街与商场西街北七巷交叉口东南40米", "类型": "购物服务;专卖店;烟酒专卖店", "省": "山东省", "市": "淄博市", "区县": "张店区", "经度_wgs84": 118.044752, "纬度_wgs84": 36.799222, "一级分类": "购物" }, "geometry": { "type": "Point", "coordinates": [ 118.044752, 36.799222 ] } },
{ "type": "Feature", "properties": { "类别": "商超", "名称": "顺发五金配钥匙大全", "经度": 118.018837, "纬度": 36.848666, "地址": "高新区大张新村1号沿街房", "类型": "购物服务;家居建材市场;建材五金市场", "省": "山东省", "市": "淄博市", "区县": "张店区", "经度_wgs84": 118.018264, "纬度_wgs84": 36.843849, "一级分类": "购物" }, "geometry": { "type": "Point", "coordinates": [ 118.018264, 36.843849 ] } },
{ "type": "Feature", "properties": { "类别": "商超", "名称": "金贵族(商场西街店)", "经度": 118.045921, "纬度": 36.804109, "地址": "小商品街83号", "类型": "购物服务;购物相关场所;购物相关场所", "省": "山东省", "市": "淄博市", "区县": "张店区", "经度_wgs84": 118.0453, "纬度_wgs84": 36.799235, "一级分类": "购物" }, "geometry": { "type": "Point", "coordinates": [ 118.0453, 36.799235 ] } },
{ "type": "Feature", "properties": { "类别": "商超", "名称": "海林五金建材(石村居民小区齐鲁德艺城店)", "经度": 118.009446, "纬度": 36.81942, "地址": "西八路金石苑沿街房67号", "类型": "购物服务;家居建材市场;建材五金市场", "省": "山东省", "市": "淄博市", "区县": "张店区", "经度_wgs84": 118.008934, "纬度_wgs84": 36.814628, "一级分类": "购物" }, "geometry": { "type": "Point", "coordinates": [ 118.008934, 36.814628 ] } },
{ "type": "Feature", "properties": { "类别": "商超", "名称": "旭升五金", "经度": 118.131626, "纬度": 36.789142, "地址": "杏园街道办事处上湖村湖光路20号甲13号", "类型": "购物服务;家居建材市场;建材五金市场", "省": "山东省", "市": "淄博市", "区县": "张店区", "经度_wgs84": 118.130971, "纬度_wgs84": 36.784267, "一级分类": "购物" }, "geometry": { "type": "Point", "coordinates": [ 118.130971, 36.784267 ] } },
{ "type": "Feature", "properties": { "类别": "商超", "名称": "广东靖达五金(盛世康城3期店)", "经度": 118.023225, "纬度": 36.783036, "地址": "傅家镇鲁中材料城热力公司斜对面", "类型": "购物服务;家居建材市场;建材五金市场", "省": "山东省", "市": "淄博市", "区县": "张店区", "经度_wgs84": 118.022694, "纬度_wgs84": 36.77821, "一级分类": "购物" }, "geometry": { "type": "Point", "coordinates": [ 118.022694, 36.77821 ] } },
{ "type": "Feature", "properties": { "类别": "商超", "名称": "泡泡玛特机器人商店(富力万达广场店)", "经度": 118.011122, "纬度": 36.838607, "地址": "中润大道17号富力万达广场F1", "类型": "购物服务;专卖店;专营店", "省": "山东省", "市": "淄博市", "区县": "张店区", "经度_wgs84": 118.010586, "纬度_wgs84": 36.83381, "一级分类": "购物" }, "geometry": { "type": "Point", "coordinates": [ 118.010586, 36.83381 ] } },
{ "type": "Feature", "properties": { "类别": "商超", "名称": "世高五金工具建材商行(市建行宿舍店)", "经度": 118.053846, "纬度": 36.800252, "地址": "西二路78号市建行宿舍", "类型": "购物服务;家居建材市场;建材五金市场", "省": "山东省", "市": "淄博市", "区县": "张店区", "经度_wgs84": 118.053208, "纬度_wgs84": 36.795365, "一级分类": "购物" }, "geometry": { "type": "Point", "coordinates": [ 118.053208, 36.795365 ] } },
{ "type": "Feature", "properties": { "类别": "商超", "名称": "佳鑫盛五金", "经度": 118.043705, "纬度": 36.83519, "地址": "张桓路与中润大道交叉口南160米", "类型": "购物服务;家居建材市场;建材五金市场", "省": "山东省", "市": "淄博市", "区县": "张店区", "经度_wgs84": 118.043063, "纬度_wgs84": 36.830319, "一级分类": "购物" }, "geometry": { "type": "Point", "coordinates": [ 118.043063, 36.830319 ] } },
{ "type": "Feature", "properties": { "类别": "商超", "名称": "淄博西张五金机电城", "经度": 118.082793, "纬度": 36.797008, "地址": "宝沣路", "类型": "购物服务;家居建材市场;建材五金市场", "省": "山东省", "市": "淄博市", "区县": "张店区", "经度_wgs84": 118.08211, "纬度_wgs84": 36.792095, "一级分类": "购物" }, "geometry": { "type": "Point", "coordinates": [ 118.08211, 36.792095 ] } },
{ "type": "Feature", "properties": { "类别": "商超", "名称": "杨生伟通讯商行(王府井广场店)", "经度": 118.052329, "纬度": 36.805522, "地址": "共青团西路王府井通讯城二楼E13号", "类型": "购物服务;家电电子卖场;手机销售", "省": "山东省", "市": "淄博市", "区县": "张店区", "经度_wgs84": 118.05169, "纬度_wgs84": 36.800637, "一级分类": "购物" }, "geometry": { "type": "Point", "coordinates": [ 118.05169, 36.800637 ] } },
{ "type": "Feature", "properties": { "类别": "商超", "名称": "淄博华川小商品城", "经度": 118.02133, "纬度": 36.824093, "地址": [ ], "类型": "购物服务;综合市场;小商品市场", "省": "山东省", "市": "淄博市", "区县": "张店区", "经度_wgs84": 118.02077, "纬度_wgs84": 36.819271, "一级分类": "购物" }, "geometry": { "type": "Point", "coordinates": [ 118.02077, 36.819271 ] } },
{ "type": "Feature", "properties": { "类别": "商超", "名称": "盒马鲜生(富力万达广场店)", "经度": 118.010974, "纬度": 36.838866, "地址": "万达广场B1层", "类型": "购物服务;超级市场;超市", "省": "山东省", "市": "淄博市", "区县": "张店区", "经度_wgs84": 118.010439, "纬度_wgs84": 36.834069, "一级分类": "购物" }, "geometry": { "type": "Point", "coordinates": [ 118.010439, 36.834069 ] } },
{ "type": "Feature", "properties": { "类别": "商超", "名称": "鲁中装饰材料城", "经度": 118.020606, "纬度": 36.785234, "地址": "昌国路与世纪路交叉口西300米", "类型": "购物服务;家居建材市场;建材五金市场", "省": "山东省", "市": "淄博市", "区县": "张店区", "经度_wgs84": 118.020083, "纬度_wgs84": 36.780415, "一级分类": "购物" }, "geometry": { "type": "Point", "coordinates": [ 118.020083, 36.780415 ] } },
{ "type": "Feature", "properties": { "类别": "商超", "名称": "淄博义乌小商品城一期", "经度": 118.021555, "纬度": 36.823656, "地址": "华光路与瑞安路交叉口西北220米", "类型": "购物服务;综合市场;小商品市场", "省": "山东省", "市": "淄博市", "区县": "张店区", "经度_wgs84": 118.020995, "纬度_wgs84": 36.818833, "一级分类": "购物" }, "geometry": { "type": "Point", "coordinates": [ 118.020995, 36.818833 ] } },
{ "type": "Feature", "properties": { "类别": "商超", "名称": "银泰·金街", "经度": 118.03485, "纬度": 36.848682, "地址": "鲁泰大道9号(鲁泰大道与西五路交汇处)", "类型": "购物服务;商场;商场", "省": "山东省", "市": "淄博市", "区县": "张店区", "经度_wgs84": 118.034223, "纬度_wgs84": 36.843828, "一级分类": "购物" }, "geometry": { "type": "Point", "coordinates": [ 118.034223, 36.843828 ] } },
{ "type": "Feature", "properties": { "类别": "商超", "名称": "百脑汇", "经度": 118.048091, "纬度": 36.802835, "地址": "柳泉路31号", "类型": "购物服务;家电电子卖场;数码电子", "省": "山东省", "市": "淄博市", "区县": "张店区", "经度_wgs84": 118.047465, "纬度_wgs84": 36.797957, "一级分类": "购物" }, "geometry": { "type": "Point", "coordinates": [ 118.047465, 36.797957 ] } },
{ "type": "Feature", "properties": { "类别": "商超", "名称": "淄博国际商贸城", "经度": 117.99447, "纬度": 36.789472, "地址": "昌国西路88号北京路与昌国路口东北角(原陶瓷科技城D馆)", "类型": "购物服务;商场;商场|购物服务;综合市场;综合市场", "省": "山东省", "市": "淄博市", "区县": "张店区", "经度_wgs84": 117.99404, "纬度_wgs84": 36.78472, "一级分类": "购物" }, "geometry": { "type": "Point", "coordinates": [ 117.99404, 36.78472 ] } },
{ "type": "Feature", "properties": { "类别": "商超", "名称": "淄博新世界商业街", "经度": 118.042176, "纬度": 36.805194, "地址": "商业步行街北段路东", "类型": "购物服务;特色商业街;步行街", "省": "山东省", "市": "淄博市", "区县": "张店区", "经度_wgs84": 118.041565, "纬度_wgs84": 36.800327, "一级分类": "购物" }, "geometry": { "type": "Point", "coordinates": [ 118.041565, 36.800327 ] } },
{ "type": "Feature", "properties": { "类别": "商超", "名称": "八大局西门广场", "经度": 118.06228, "纬度": 36.809413, "地址": "金晶大道140号", "类型": "购物服务;购物相关场所;购物相关场所", "省": "山东省", "市": "淄博市", "区县": "张店区", "经度_wgs84": 118.061616, "纬度_wgs84": 36.804515, "一级分类": "购物" }, "geometry": { "type": "Point", "coordinates": [ 118.061616, 36.804515 ] } },
{ "type": "Feature", "properties": { "类别": "商超", "名称": "常青园便民市场", "经度": 118.03729, "纬度": 36.806015, "地址": "西四路西街与南西五路交叉口东20米", "类型": "购物服务;综合市场;农副产品市场", "省": "山东省", "市": "淄博市", "区县": "张店区", "经度_wgs84": 118.036693, "纬度_wgs84": 36.801157, "一级分类": "购物" }, "geometry": { "type": "Point", "coordinates": [ 118.036693, 36.801157 ] } },
{ "type": "Feature", "properties": { "类别": "商超", "名称": "联华·盛德美生活广场(淄博店)", "经度": 117.989055, "纬度": 36.801376, "地址": "和平路与北京路交叉口向西100米路北", "类型": "购物服务;超级市场;超市", "省": "山东省", "市": "淄博市", "区县": "张店区", "经度_wgs84": 117.988635, "纬度_wgs84": 36.796637, "一级分类": "购物" }, "geometry": { "type": "Point", "coordinates": [ 117.988635, 36.796637 ] } },
{ "type": "Feature", "properties": { "类别": "商超", "名称": "富尔玛国际家居", "经度": 118.026557, "纬度": 36.814842, "地址": "人民西路120号", "类型": "购物服务;家居建材市场;家具城", "省": "山东省", "市": "淄博市", "区县": "张店区", "经度_wgs84": 118.025987, "纬度_wgs84": 36.810008, "一级分类": "购物" }, "geometry": { "type": "Point", "coordinates": [ 118.025987, 36.810008 ] } },
{ "type": "Feature", "properties": { "类别": "商超", "名称": "鲁中家具城", "经度": 118.042899, "纬度": 36.803976, "地址": "商场西街121号", "类型": "购物服务;家居建材市场;家具城", "省": "山东省", "市": "淄博市", "区县": "张店区", "经度_wgs84": 118.042287, "纬度_wgs84": 36.799107, "一级分类": "购物" }, "geometry": { "type": "Point", "coordinates": [ 118.042287, 36.799107 ] } },
{ "type": "Feature", "properties": { "类别": "商超", "名称": "京东奥莱(淄博利群广场店)", "经度": 118.060524, "纬度": 36.800448, "地址": "商场东路2号利群购物广场1-2层", "类型": "购物服务;服装鞋帽皮具店;服装鞋帽皮具店", "省": "山东省", "市": "淄博市", "区县": "张店区", "经度_wgs84": 118.059871, "纬度_wgs84": 36.795552, "一级分类": "购物" }, "geometry": { "type": "Point", "coordinates": [ 118.059871, 36.795552 ] } },
{ "type": "Feature", "properties": { "类别": "商超", "名称": "盛德美超市(淄博鑫马吾悦广场店)", "经度": 118.000686, "纬度": 36.82423, "地址": "马尚街道华光路288号淄博鑫马吾悦广场F1层", "类型": "购物服务;超级市场;超市", "省": "山东省", "市": "淄博市", "区县": "张店区", "经度_wgs84": 118.000202, "纬度_wgs84": 36.81946, "一级分类": "购物" }, "geometry": { "type": "Point", "coordinates": [ 118.000202, 36.81946 ] } },
{ "type": "Feature", "properties": { "类别": "商超", "名称": "优衣库(淄博万象汇店)", "经度": 118.062527, "纬度": 36.801504, "地址": "金晶大道66号淄博万象汇L1层L125(3号门附近)", "类型": "购物服务;服装鞋帽皮具店;品牌服装店", "省": "山东省", "市": "淄博市", "区县": "张店区", "经度_wgs84": 118.061869, "纬度_wgs84": 36.796605, "一级分类": "购物" }, "geometry": { "type": "Point", "coordinates": [ 118.061869, 36.796605 ] } },
{ "type": "Feature", "properties": { "类别": "商超", "名称": "大润发(福园店)", "经度": 118.027806, "纬度": 36.808057, "地址": "世纪路与共青团路交叉口东南角的福园22-179-181号商业房", "类型": "购物服务;超级市场;超市|地名地址信息;热点地名;热点地名", "省": "山东省", "市": "淄博市", "区县": "张店区", "经度_wgs84": 118.027238, "纬度_wgs84": 36.80322, "一级分类": "购物" }, "geometry": { "type": "Point", "coordinates": [ 118.027238, 36.80322 ] } },
{ "type": "Feature", "properties": { "类别": "商超", "名称": "华为智能生活馆•淄博万象汇", "经度": 118.061048, "纬度": 36.801426, "地址": "金晶大道66号淄博万象汇L1层L160(2号门附近)", "类型": "购物服务;家电电子卖场;手机销售|购物服务;家电电子卖场;数码电子", "省": "山东省", "市": "淄博市", "区县": "张店区", "经度_wgs84": 118.060393, "纬度_wgs84": 36.796529, "一级分类": "购物" }, "geometry": { "type": "Point", "coordinates": [ 118.060393, 36.796529 ] } },
{ "type": "Feature", "properties": { "类别": "商超", "名称": "王府井大街(淄博王府井广场店)", "经度": 118.051974, "纬度": 36.804646, "地址": "公园街道共青团西路57号王府井广场G幢", "类型": "购物服务;超级市场;北京华联|购物服务;特色商业街;特色商业街", "省": "山东省", "市": "淄博市", "区县": "张店区", "经度_wgs84": 118.051337, "纬度_wgs84": 36.799762, "一级分类": "购物" }, "geometry": { "type": "Point", "coordinates": [ 118.051337, 36.799762 ] } },
{ "type": "Feature", "properties": { "类别": "商超", "名称": "淄博吉星装饰材料城", "经度": 118.055809, "纬度": 36.799534, "地址": "新村西路8号", "类型": "购物服务;家居建材市场;建材五金市场", "省": "山东省", "市": "淄博市", "区县": "张店区", "经度_wgs84": 118.055167, "纬度_wgs84": 36.794644, "一级分类": "购物" }, "geometry": { "type": "Point", "coordinates": [ 118.055167, 36.794644 ] } },
{ "type": "Feature", "properties": { "类别": "商超", "名称": "嘉汇文具(新村路店)", "经度": 118.04424, "纬度": 36.80153, "地址": "新村西路150-3号", "类型": "购物服务;文化用品店;文化用品店", "省": "山东省", "市": "淄博市", "区县": "张店区", "经度_wgs84": 118.043626, "纬度_wgs84": 36.796659, "一级分类": "购物" }, "geometry": { "type": "Point", "coordinates": [ 118.043626, 36.796659 ] } },
{ "type": "Feature", "properties": { "类别": "商超", "名称": "新星家电淄博中心店", "经度": 118.059613, "纬度": 36.802739, "地址": "金晶大道159号新星家电", "类型": "购物服务;家电电子卖场;综合家电商场", "省": "山东省", "市": "淄博市", "区县": "张店区", "经度_wgs84": 118.05896, "纬度_wgs84": 36.797844, "一级分类": "购物" }, "geometry": { "type": "Point", "coordinates": [ 118.05896, 36.797844 ] } },
{ "type": "Feature", "properties": { "类别": "商超", "名称": "三星授权体验店(淄博万象汇店)", "经度": 118.061417, "纬度": 36.802112, "地址": "体育场街道66号华润社区淄博万象汇1楼L177", "类型": "购物服务;家电电子卖场;家电电子卖场", "省": "山东省", "市": "淄博市", "区县": "张店区", "经度_wgs84": 118.060761, "纬度_wgs84": 36.797215, "一级分类": "购物" }, "geometry": { "type": "Point", "coordinates": [ 118.060761, 36.797215 ] } },
{ "type": "Feature", "properties": { "类别": "商超", "名称": "联想体验店(淄博鑫马吾悦店)", "经度": 118.000281, "纬度": 36.824687, "地址": "马上街道办事处华光路288号鑫马吾悦广场一楼1016室", "类型": "购物服务;购物相关场所;购物相关场所", "省": "山东省", "市": "淄博市", "区县": "张店区", "经度_wgs84": 117.999799, "纬度_wgs84": 36.819918, "一级分类": "购物" }, "geometry": { "type": "Point", "coordinates": [ 117.999799, 36.819918 ] } },
{ "type": "Feature", "properties": { "类别": "商超", "名称": "美的智慧家(淄博吾悦美行旗舰店)", "经度": 118.025605, "纬度": 36.784289, "地址": "傅家镇昌国路77号吾悦广场(淄博店)三楼3006", "类型": "购物服务;家电电子卖场;家电电子卖场", "省": "山东省", "市": "淄博市", "区县": "张店区", "经度_wgs84": 118.025065, "纬度_wgs84": 36.779458, "一级分类": "购物" }, "geometry": { "type": "Point", "coordinates": [ 118.025065, 36.779458 ] } },
{ "type": "Feature", "properties": { "类别": "商超", "名称": "小米之家(淄博市张店区淄博万象汇汽车体验店)", "经度": 118.06141, "纬度": 36.801371, "地址": "体育场街道山东淄博市张店区体育场街道万象汇一楼2号门入口处小米之家", "类型": "购物服务;家电电子卖场;数码电子|购物服务;家电电子卖场;手机销售|汽车销售;汽车销售;汽车销售", "省": "山东省", "市": "淄博市", "区县": "张店区", "经度_wgs84": 118.060754, "纬度_wgs84": 36.796474, "一级分类": "购物" }, "geometry": { "type": "Point", "coordinates": [ 118.060754, 36.796474 ] } },
{ "type": "Feature", "properties": { "类别": "商超", "名称": "优衣库(富力万达广场店)", "经度": 118.011445, "纬度": 36.838549, "地址": "中润大道17号富力万达广场5号楼F1层", "类型": "购物服务;服装鞋帽皮具店;品牌服装店", "省": "山东省", "市": "淄博市", "区县": "张店区", "经度_wgs84": 118.010908, "纬度_wgs84": 36.833751, "一级分类": "购物" }, "geometry": { "type": "Point", "coordinates": [ 118.010908, 36.833751 ] } },
{ "type": "Feature", "properties": { "类别": "商超", "名称": "Apple授权专营店(鑫马吾悦店)", "经度": 118.000991, "纬度": 36.824575, "地址": "马尚街道办事处华光路288号鑫马吾悦广场1层1065号", "类型": "购物服务;家电电子卖场;数码电子|购物服务;家电电子卖场;手机销售", "省": "山东省", "市": "淄博市", "区县": "张店区", "经度_wgs84": 118.000506, "纬度_wgs84": 36.819805, "一级分类": "购物" }, "geometry": { "type": "Point", "coordinates": [ 118.000506, 36.819805 ] } },
{ "type": "Feature", "properties": { "类别": "商超", "名称": "Apple授权专营店(张店吾悦店)", "经度": 118.024909, "纬度": 36.784583, "地址": "世纪路与昌国路交叉口吾悦广场一层1042号", "类型": "购物服务;家电电子卖场;手机销售", "省": "山东省", "市": "淄博市", "区县": "张店区", "经度_wgs84": 118.024371, "纬度_wgs84": 36.779753, "一级分类": "购物" }, "geometry": { "type": "Point", "coordinates": [ 118.024371, 36.779753 ] } },
{ "type": "Feature", "properties": { "类别": "商超", "名称": "源氏木语(张店万达店)", "经度": 118.011006, "纬度": 36.839077, "地址": "中润大道17号万达广场三楼东南角源氏木语3FCB", "类型": "购物服务;家居建材市场;家居建材市场", "省": "山东省", "市": "淄博市", "区县": "张店区", "经度_wgs84": 118.01047, "纬度_wgs84": 36.83428, "一级分类": "购物" }, "geometry": { "type": "Point", "coordinates": [ 118.01047, 36.83428 ] } },
{ "type": "Feature", "properties": { "类别": "商超", "名称": "KKV(淄博富力万达广场店)", "经度": 118.010366, "纬度": 36.838863, "地址": "中润大道17号富力万达广场一楼次主2", "类型": "购物服务;购物相关场所;购物相关场所", "省": "山东省", "市": "淄博市", "区县": "张店区", "经度_wgs84": 118.009833, "纬度_wgs84": 36.834068, "一级分类": "购物" }, "geometry": { "type": "Point", "coordinates": [ 118.009833, 36.834068 ] } },
{ "type": "Feature", "properties": { "类别": "商超", "名称": "KKV(淄博万象汇主力店)", "经度": 118.060646, "纬度": 36.8015, "地址": "金晶大道66号淄博万象汇L2层L273(1号门进入直行30m,扶梯上到L2可见)", "类型": "购物服务;购物相关场所;购物相关场所", "省": "山东省", "市": "淄博市", "区县": "张店区", "经度_wgs84": 118.059992, "纬度_wgs84": 36.796604, "一级分类": "购物" }, "geometry": { "type": "Point", "coordinates": [ 118.059992, 36.796604 ] } },
{ "type": "Feature", "properties": { "类别": "商超", "名称": "九号电动车(共青团西路店)", "经度": 118.056714, "纬度": 36.805879, "地址": "共青团西路30号齐鲁医药商场东", "类型": "购物服务;专卖店;自行车专卖店|地名地址信息;普通地名;村庄级地名|购物服务;服装鞋帽皮具店;服装鞋帽皮具店", "省": "山东省", "市": "淄博市", "区县": "张店区", "经度_wgs84": 118.056065, "纬度_wgs84": 36.800988, "一级分类": "购物" }, "geometry": { "type": "Point", "coordinates": [ 118.056065, 36.800988 ] } },
{ "type": "Feature", "properties": { "类别": "商超", "名称": "DJI大疆(淄博万象汇授权体验店)", "经度": 118.061844, "纬度": 36.801767, "地址": "金晶大道66号万象汇一楼L135", "类型": "购物服务;家电电子卖场;数码电子", "省": "山东省", "市": "淄博市", "区县": "张店区", "经度_wgs84": 118.061187, "纬度_wgs84": 36.796869, "一级分类": "购物" }, "geometry": { "type": "Point", "coordinates": [ 118.061187, 36.796869 ] } },
{ "type": "Feature", "properties": { "类别": "商超", "名称": "家家悦(淄博万象汇店)", "经度": 118.061957, "纬度": 36.801673, "地址": "体育场街道金晶大道66号淄博万象汇负一", "类型": "购物服务;超级市场;超市", "省": "山东省", "市": "淄博市", "区县": "张店区", "经度_wgs84": 118.0613, "纬度_wgs84": 36.796775, "一级分类": "购物" }, "geometry": { "type": "Point", "coordinates": [ 118.0613, 36.796775 ] } },
{ "type": "Feature", "properties": { "类别": "商超", "名称": "联想来酷智生活体验店(淄博商厦店)", "经度": 118.05872, "纬度": 36.802064, "地址": "公园街道金晶大道125号淄博商厦5层", "类型": "购物服务;家电电子卖场;数码电子", "省": "山东省", "市": "淄博市", "区县": "张店区", "经度_wgs84": 118.058069, "纬度_wgs84": 36.79717, "一级分类": "购物" }, "geometry": { "type": "Point", "coordinates": [ 118.058069, 36.79717 ] } },
{ "type": "Feature", "properties": { "类别": "商超", "名称": "大润发(淄博店)", "经度": 118.041643, "纬度": 36.822082, "地址": "华光路86号", "类型": "购物服务;超级市场;超市", "省": "山东省", "市": "淄博市", "区县": "张店区", "经度_wgs84": 118.041019, "纬度_wgs84": 36.817215, "一级分类": "购物" }, "geometry": { "type": "Point", "coordinates": [ 118.041019, 36.817215 ] } },
{ "type": "Feature", "properties": { "类别": "商超", "名称": "海圃生鲜超市", "经度": 118.032036, "纬度": 36.796781, "地址": "和平路27甲号一层", "类型": "购物服务;超级市场;超市", "省": "山东省", "市": "淄博市", "区县": "张店区", "经度_wgs84": 118.031464, "纬度_wgs84": 36.791935, "一级分类": "购物" }, "geometry": { "type": "Point", "coordinates": [ 118.031464, 36.791935 ] } },
{ "type": "Feature", "properties": { "类别": "商超", "名称": "天猫小店万春超市", "经度": 118.065163, "纬度": 36.855773, "地址": "柳泉路民祥路路口往东200米路南", "类型": "购物服务;购物相关场所;购物相关场所", "省": "山东省", "市": "淄博市", "区县": "张店区", "经度_wgs84": 118.064452, "纬度_wgs84": 36.85087, "一级分类": "购物" }, "geometry": { "type": "Point", "coordinates": [ 118.064452, 36.85087 ] } },
{ "type": "Feature", "properties": { "类别": "商超", "名称": "名集百福", "经度": 118.019565, "纬度": 36.814246, "地址": "马尚镇人民西路185号凯瑞碧园北门往东约200米", "类型": "购物服务;超级市场;超市|购物服务;专卖店;专营店", "省": "山东省", "市": "淄博市", "区县": "张店区", "经度_wgs84": 118.01902, "纬度_wgs84": 36.809428, "一级分类": "购物" }, "geometry": { "type": "Point", "coordinates": [ 118.01902, 36.809428 ] } },
{ "type": "Feature", "properties": { "类别": "商超", "名称": "家家悦超市(淄博华光路店)", "经度": 118.072517, "纬度": 36.816607, "地址": "华光路北东三路213号", "类型": "购物服务;超级市场;超市|购物服务;便民商店/便利店;便民商店/便利店", "省": "山东省", "市": "淄博市", "区县": "张店区", "经度_wgs84": 118.071829, "纬度_wgs84": 36.811699, "一级分类": "购物" }, "geometry": { "type": "Point", "coordinates": [ 118.071829, 36.811699 ] } },
{ "type": "Feature", "properties": { "类别": "商超", "名称": "丰阳大超市(淄博店)", "经度": 118.053854, "纬度": 36.798598, "地址": "西二路与新村西路辅路交叉口东南80米", "类型": "购物服务;超级市场;超市", "省": "山东省", "市": "淄博市", "区县": "张店区", "经度_wgs84": 118.053218, "纬度_wgs84": 36.793711, "一级分类": "购物" }, "geometry": { "type": "Point", "coordinates": [ 118.053218, 36.793711 ] } },
{ "type": "Feature", "properties": { "类别": "商超", "名称": "家家悦(联通路店)", "经度": 118.010705, "纬度": 36.82892, "地址": "红星美凯龙(联通路店)", "类型": "购物服务;超级市场;超市", "省": "山东省", "市": "淄博市", "区县": "张店区", "经度_wgs84": 118.01018, "纬度_wgs84": 36.824124, "一级分类": "购物" }, "geometry": { "type": "Point", "coordinates": [ 118.01018, 36.824124 ] } },
{ "type": "Feature", "properties": { "类别": "商超", "名称": "来佳仓储折扣工厂店", "经度": 118.037616, "纬度": 36.837445, "地址": "中润大道49号(与西五路交叉路口东北角)", "类型": "购物服务;购物相关场所;购物相关场所", "省": "山东省", "市": "淄博市", "区县": "张店区", "经度_wgs84": 118.03699, "纬度_wgs84": 36.832586, "一级分类": "购物" }, "geometry": { "type": "Point", "coordinates": [ 118.03699, 36.832586 ] } },
{ "type": "Feature", "properties": { "类别": "商超", "名称": "名集百福仓储店", "经度": 118.060489, "纬度": 36.818916, "地址": "华光路47号", "类型": "购物服务;超级市场;超市", "省": "山东省", "市": "淄博市", "区县": "张店区", "经度_wgs84": 118.05982, "纬度_wgs84": 36.814019, "一级分类": "购物" }, "geometry": { "type": "Point", "coordinates": [ 118.05982, 36.814019 ] } },
{ "type": "Feature", "properties": { "类别": "商超", "名称": "同善德食材超市", "经度": 118.01772, "纬度": 36.786992, "地址": "西七路与昌国路交叉口西", "类型": "购物服务;综合市场;农副产品市场|公司企业;公司;公司", "省": "山东省", "市": "淄博市", "区县": "张店区", "经度_wgs84": 118.017205, "纬度_wgs84": 36.78218, "一级分类": "购物" }, "geometry": { "type": "Point", "coordinates": [ 118.017205, 36.78218 ] } },
{ "type": "Feature", "properties": { "类别": "商超", "名称": "大众超市(南石社区南区店)", "经度": 118.034599, "纬度": 36.865077, "地址": "南石社区南区东北门东100米", "类型": "购物服务;超级市场;超市", "省": "山东省", "市": "淄博市", "区县": "张店区", "经度_wgs84": 118.033958, "纬度_wgs84": 36.860223, "一级分类": "购物" }, "geometry": { "type": "Point", "coordinates": [ 118.033958, 36.860223 ] } },
{ "type": "Feature", "properties": { "类别": "商超", "名称": "大福源超市(民泰龙凤苑店)", "经度": 118.009675, "纬度": 36.836725, "地址": "马尚街道办事处中润大道西路66号民泰龙风苑农贸市场负一层", "类型": "购物服务;购物相关场所;购物相关场所", "省": "山东省", "市": "淄博市", "区县": "张店区", "经度_wgs84": 118.009147, "纬度_wgs84": 36.831932, "一级分类": "购物" }, "geometry": { "type": "Point", "coordinates": [ 118.009147, 36.831932 ] } },
{ "type": "Feature", "properties": { "类别": "商超", "名称": "宏伟生活超市", "经度": 118.068234, "纬度": 36.874979, "地址": "柳泉路北苑社区西门南侧16号沿街房", "类型": "购物服务;便民商店/便利店;便民商店/便利店", "省": "山东省", "市": "淄博市", "区县": "张店区", "经度_wgs84": 118.0675, "纬度_wgs84": 36.870072, "一级分类": "购物" }, "geometry": { "type": "Point", "coordinates": [ 118.0675, 36.870072 ] } },
{ "type": "Feature", "properties": { "类别": "商超", "名称": "家家悦超市淄博恒太城店", "经度": 117.982955, "纬度": 36.823318, "地址": "华光路331号淄博恒太城B1层", "类型": "购物服务;购物相关场所;购物相关场所", "省": "山东省", "市": "淄博市", "区县": "张店区", "经度_wgs84": 117.982538, "纬度_wgs84": 36.818594, "一级分类": "购物" }, "geometry": { "type": "Point", "coordinates": [ 117.982538, 36.818594 ] } },
{ "type": "Feature", "properties": { "类别": "商超", "名称": "家家悦(淄博柳泉店)", "经度": 118.053458, "纬度": 36.823382, "地址": "柳泉路67号印象汇F2层", "类型": "购物服务;超级市场;超市", "省": "山东省", "市": "淄博市", "区县": "张店区", "经度_wgs84": 118.052801, "纬度_wgs84": 36.818495, "一级分类": "购物" }, "geometry": { "type": "Point", "coordinates": [ 118.052801, 36.818495 ] } },
{ "type": "Feature", "properties": { "类别": "商超", "名称": "友谊超市(傅山店)", "经度": 118.140827, "纬度": 36.876836, "地址": "卫固镇傅山村商贸中心102号商铺", "类型": "购物服务;超级市场;超市", "省": "山东省", "市": "淄博市", "区县": "张店区", "经度_wgs84": 118.14011, "纬度_wgs84": 36.871975, "一级分类": "购物" }, "geometry": { "type": "Point", "coordinates": [ 118.14011, 36.871975 ] } },
{ "type": "Feature", "properties": { "类别": "商超", "名称": "赵一鸣省钱超市(山东淄博万象汇店)", "经度": 118.059719, "纬度": 36.802845, "地址": "金晶大道157号", "类型": "购物服务;便民商店/便利店;便民商店/便利店", "省": "山东省", "市": "淄博市", "区县": "张店区", "经度_wgs84": 118.059066, "纬度_wgs84": 36.79795, "一级分类": "购物" }, "geometry": { "type": "Point", "coordinates": [ 118.059066, 36.79795 ] } },
{ "type": "Feature", "properties": { "类别": "商超", "名称": "家家悦(淄博吾悦广场店)", "经度": 118.025204, "纬度": 36.784227, "地址": "世纪路昌国路交汇处东南角吾悦广场(淄博店)B1层", "类型": "购物服务;便民商店/便利店;便民商店/便利店|购物服务;超级市场;超市", "省": "山东省", "市": "淄博市", "区县": "张店区", "经度_wgs84": 118.024665, "纬度_wgs84": 36.779397, "一级分类": "购物" }, "geometry": { "type": "Point", "coordinates": [ 118.024665, 36.779397 ] } },
{ "type": "Feature", "properties": { "类别": "商超", "名称": "山姆会员DG商店", "经度": 118.069121, "纬度": 36.799467, "地址": "东二路19-5号", "类型": "购物服务;购物相关场所;购物相关场所", "省": "山东省", "市": "淄博市", "区县": "张店区", "经度_wgs84": 118.068453, "纬度_wgs84": 36.794562, "一级分类": "购物" }, "geometry": { "type": "Point", "coordinates": [ 118.068453, 36.794562 ] } },
{ "type": "Feature", "properties": { "类别": "商超", "名称": "7-ELEVEn(淄博财富广场店)", "经度": 118.061178, "纬度": 36.804277, "地址": "体育场街道金晶大道96号财富广场1层L108商铺", "类型": "购物服务;超级市场;超市", "省": "山东省", "市": "淄博市", "区县": "张店区", "经度_wgs84": 118.06052, "纬度_wgs84": 36.79938, "一级分类": "购物" }, "geometry": { "type": "Point", "coordinates": [ 118.06052, 36.79938 ] } },
{ "type": "Feature", "properties": { "类别": "商超", "名称": "利群超市(淄博购物广场店)", "经度": 118.060574, "纬度": 36.800418, "地址": "商场路2号淄博购物广场B1层", "类型": "购物服务;超级市场;超市", "省": "山东省", "市": "淄博市", "区县": "张店区", "经度_wgs84": 118.059921, "纬度_wgs84": 36.795522, "一级分类": "购物" }, "geometry": { "type": "Point", "coordinates": [ 118.059921, 36.795522 ] } },
{ "type": "Feature", "properties": { "类别": "商超", "名称": "红柿子生鲜超市(齐悦一期店)", "经度": 117.987939, "纬度": 36.809138, "地址": "马尚街道办事处北京路齐悦花园一期G01栋", "类型": "购物服务;综合市场;农副产品市场|购物服务;超级市场;超市", "省": "山东省", "市": "淄博市", "区县": "张店区", "经度_wgs84": 117.987517, "纬度_wgs84": 36.804402, "一级分类": "购物" }, "geometry": { "type": "Point", "coordinates": [ 117.987517, 36.804402 ] } },
{ "type": "Feature", "properties": { "类别": "商超", "名称": "7-ELEVEn(新世界商业街南段店)", "经度": 118.042209, "纬度": 36.807662, "地址": "新世界商业街与共青团路路口路南", "类型": "购物服务;便民商店/便利店;7-ELEVEn便利店", "省": "山东省", "市": "淄博市", "区县": "张店区", "经度_wgs84": 118.041596, "纬度_wgs84": 36.802795, "一级分类": "购物" }, "geometry": { "type": "Point", "coordinates": [ 118.041596, 36.802795 ] } },
{ "type": "Feature", "properties": { "类别": "商超", "名称": "盈吉超市", "经度": 117.993525, "纬度": 36.778393, "地址": "傅家镇营子村北门东100米路南院内营业房", "类型": "购物服务;超级市场;超市|购物服务;便民商店/便利店;便民商店/便利店", "省": "山东省", "市": "淄博市", "区县": "张店区", "经度_wgs84": 117.993108, "纬度_wgs84": 36.773643, "一级分类": "购物" }, "geometry": { "type": "Point", "coordinates": [ 117.993108, 36.773643 ] } },
{ "type": "Feature", "properties": { "类别": "商超", "名称": "辛坤超市", "经度": 118.065891, "纬度": 36.855443, "地址": "北营金鑫园", "类型": "购物服务;便民商店/便利店;便民商店/便利店", "省": "山东省", "市": "淄博市", "区县": "张店区", "经度_wgs84": 118.065179, "纬度_wgs84": 36.850539, "一级分类": "购物" }, "geometry": { "type": "Point", "coordinates": [ 118.065179, 36.850539 ] } },
{ "type": "Feature", "properties": { "类别": "商超", "名称": "嘉汇文具生活(美博二店)", "经度": 118.031329, "纬度": 36.822141, "地址": "科苑街道办事处华光路108号黄金1号公馆3号楼1层102-104营业房", "类型": "购物服务;购物相关场所;购物相关场所", "省": "山东省", "市": "淄博市", "区县": "张店区", "经度_wgs84": 118.030737, "纬度_wgs84": 36.817296, "一级分类": "购物" }, "geometry": { "type": "Point", "coordinates": [ 118.030737, 36.817296 ] } },
{ "type": "Feature", "properties": { "类别": "商超", "名称": "新星超市(杜科店)", "经度": 118.072276, "纬度": 36.803663, "地址": "东三路1号", "类型": "购物服务;超级市场;超市", "省": "山东省", "市": "淄博市", "区县": "张店区", "经度_wgs84": 118.0716, "纬度_wgs84": 36.798755, "一级分类": "购物" }, "geometry": { "type": "Point", "coordinates": [ 118.0716, 36.798755 ] } },
{ "type": "Feature", "properties": { "类别": "商超", "名称": "万佳超市(济南路店)", "经度": 117.969801, "纬度": 36.837014, "地址": "房东村西大门口", "类型": "购物服务;便民商店/便利店;便民商店/便利店|购物服务;超级市场;超市", "省": "山东省", "市": "淄博市", "区县": "张店区", "经度_wgs84": 117.969418, "纬度_wgs84": 36.832321, "一级分类": "购物" }, "geometry": { "type": "Point", "coordinates": [ 117.969418, 36.832321 ] } },
{ "type": "Feature", "properties": { "类别": "商超", "名称": "晶晶超市(孙家店)", "经度": 118.02328, "纬度": 36.763038, "地址": "傅家镇世纪路孙家社区孙家幼儿园对面", "类型": "购物服务;购物相关场所;购物相关场所", "省": "山东省", "市": "淄博市", "区县": "张店区", "经度_wgs84": 118.022766, "纬度_wgs84": 36.758213, "一级分类": "购物" }, "geometry": { "type": "Point", "coordinates": [ 118.022766, 36.758213 ] } },
{ "type": "Feature", "properties": { "类别": "商超", "名称": "供销万家超市", "经度": 118.022875, "纬度": 36.781307, "地址": "复兴路16号(盛世康城3期南门旁)", "类型": "购物服务;超级市场;超市", "省": "山东省", "市": "淄博市", "区县": "张店区", "经度_wgs84": 118.022347, "纬度_wgs84": 36.776482, "一级分类": "购物" }, "geometry": { "type": "Point", "coordinates": [ 118.022347, 36.776482 ] } },
{ "type": "Feature", "properties": { "类别": "商超", "名称": "丞丞妈冰品旗舰店", "经度": 118.019762, "纬度": 36.825796, "地址": "玉龙商街停车楼北06号", "类型": "购物服务;专卖店;专营店", "省": "山东省", "市": "淄博市", "区县": "张店区", "经度_wgs84": 118.019206, "纬度_wgs84": 36.820978, "一级分类": "购物" }, "geometry": { "type": "Point", "coordinates": [ 118.019206, 36.820978 ] } },
{ "type": "Feature", "properties": { "类别": "商超", "名称": "叶波大润发(矿机路店)", "经度": 118.034946, "纬度": 36.752729, "地址": "矿机路与西山五街交叉口西20米", "类型": "购物服务;超级市场;超市", "省": "山东省", "市": "淄博市", "区县": "张店区", "经度_wgs84": 118.034402, "纬度_wgs84": 36.747878, "一级分类": "购物" }, "geometry": { "type": "Point", "coordinates": [ 118.034402, 36.747878 ] } },
{ "type": "Feature", "properties": { "类别": "商超", "名称": "赵一鸣零食(淄博明清街店)", "经度": 118.043933, "纬度": 36.827972, "地址": "明清街", "类型": "购物服务;便民商店/便利店;便民商店/便利店", "省": "山东省", "市": "淄博市", "区县": "张店区", "经度_wgs84": 118.043297, "纬度_wgs84": 36.823101, "一级分类": "购物" }, "geometry": { "type": "Point", "coordinates": [ 118.043297, 36.823101 ] } },
{ "type": "Feature", "properties": { "类别": "商超", "名称": "得益鲜活牛奶(北二巷店)", "经度": 118.064207, "纬度": 36.806941, "地址": "金晶大道东一街71号", "类型": "购物服务;综合市场;农副产品市场", "省": "山东省", "市": "淄博市", "区县": "张店区", "经度_wgs84": 118.063541, "纬度_wgs84": 36.80204, "一级分类": "购物" }, "geometry": { "type": "Point", "coordinates": [ 118.063541, 36.80204 ] } },
{ "type": "Feature", "properties": { "类别": "商超", "名称": "十足便利店(淄博恒大帝景店)", "经度": 118.017935, "纬度": 36.808681, "地址": "共青团西路203号恒大帝景", "类型": "购物服务;购物相关场所;购物相关场所", "省": "山东省", "市": "淄博市", "区县": "张店区", "经度_wgs84": 118.017401, "纬度_wgs84": 36.803868, "一级分类": "购物" }, "geometry": { "type": "Point", "coordinates": [ 118.017401, 36.803868 ] } },
{ "type": "Feature", "properties": { "类别": "商超", "名称": "名创优品(淄博市万达广场店)", "经度": 118.010537, "纬度": 36.839001, "地址": "中润大道17号富力万达广场二层2081铺位", "类型": "购物服务;购物相关场所;购物相关场所", "省": "山东省", "市": "淄博市", "区县": "张店区", "经度_wgs84": 118.010003, "纬度_wgs84": 36.834205, "一级分类": "购物" }, "geometry": { "type": "Point", "coordinates": [ 118.010003, 36.834205 ] } },
{ "type": "Feature", "properties": { "类别": "商超", "名称": "7-ELEVEn(印象汇店)", "经度": 118.053351, "纬度": 36.823839, "地址": "化纤街2号商铺", "类型": "购物服务;便民商店/便利店;便民商店/便利店", "省": "山东省", "市": "淄博市", "区县": "张店区", "经度_wgs84": 118.052694, "纬度_wgs84": 36.818952, "一级分类": "购物" }, "geometry": { "type": "Point", "coordinates": [ 118.052694, 36.818952 ] } },
{ "type": "Feature", "properties": { "类别": "商超", "名称": "亿鲜源超市(鲁泰大道)", "经度": 118.042169, "纬度": 36.847729, "地址": "正圆小区南门东70米", "类型": "购物服务;便民商店/便利店;便民商店/便利店", "省": "山东省", "市": "淄博市", "区县": "张店区", "经度_wgs84": 118.04152, "纬度_wgs84": 36.84286, "一级分类": "购物" }, "geometry": { "type": "Point", "coordinates": [ 118.04152, 36.84286 ] } },
{ "type": "Feature", "properties": { "类别": "商超", "名称": "十足便利店(淄博洲际中心店)", "经度": 118.055369, "纬度": 36.82669, "地址": "科苑街道柳泉路240号潘成大厦B座一单元一层", "类型": "购物服务;购物相关场所;购物相关场所", "省": "山东省", "市": "淄博市", "区县": "张店区", "经度_wgs84": 118.054704, "纬度_wgs84": 36.8218, "一级分类": "购物" }, "geometry": { "type": "Point", "coordinates": [ 118.054704, 36.8218 ] } },
{ "type": "Feature", "properties": { "类别": "商超", "名称": "晶晶超市(嘉怡城店)", "经度": 118.027542, "纬度": 36.780223, "地址": "嘉怡城北门东60米", "类型": "购物服务;便民商店/便利店;便民商店/便利店", "省": "山东省", "市": "淄博市", "区县": "张店区", "经度_wgs84": 118.026999, "纬度_wgs84": 36.775387, "一级分类": "购物" }, "geometry": { "type": "Point", "coordinates": [ 118.026999, 36.775387 ] } },
{ "type": "Feature", "properties": { "类别": "商超", "名称": "友谊超市(卫固店)", "经度": 118.145112, "纬度": 36.867408, "地址": "淄博高新技术产业开发区卫固镇卫固中心卫生院东北侧", "类型": "购物服务;超级市场;超市|购物服务;便民商店/便利店;便民商店/便利店", "省": "山东省", "市": "淄博市", "区县": "张店区", "经度_wgs84": 118.144412, "纬度_wgs84": 36.862556, "一级分类": "购物" }, "geometry": { "type": "Point", "coordinates": [ 118.144412, 36.862556 ] } },
{ "type": "Feature", "properties": { "类别": "商超", "名称": "十足便利店(淄博宏程国际店)", "经度": 118.010201, "纬度": 36.828922, "地址": "马尚街道办事处联通路169号甲7号", "类型": "购物服务;便民商店/便利店;便民商店/便利店", "省": "山东省", "市": "淄博市", "区县": "张店区", "经度_wgs84": 118.009677, "纬度_wgs84": 36.824127, "一级分类": "购物" }, "geometry": { "type": "Point", "coordinates": [ 118.009677, 36.824127 ] } },
{ "type": "Feature", "properties": { "类别": "商超", "名称": "7-ELEVEn(大学生创业园店)", "经度": 118.018025, "纬度": 36.802625, "地址": "新村西路173号", "类型": "购物服务;购物相关场所;购物相关场所", "省": "山东省", "市": "淄博市", "区县": "张店区", "经度_wgs84": 118.017496, "纬度_wgs84": 36.797811, "一级分类": "购物" }, "geometry": { "type": "Point", "coordinates": [ 118.017496, 36.797811 ] } },
{ "type": "Feature", "properties": { "类别": "商超", "名称": "嘉汇文具生活(世纪店)", "经度": 118.023875, "纬度": 36.832875, "地址": "房镇镇联通路169号锦商购物中心8号楼57号", "类型": "购物服务;便民商店/便利店;便民商店/便利店|购物服务;超级市场;超市", "省": "山东省", "市": "淄博市", "区县": "张店区", "经度_wgs84": 118.023298, "纬度_wgs84": 36.828046, "一级分类": "购物" }, "geometry": { "type": "Point", "coordinates": [ 118.023298, 36.828046 ] } },
{ "type": "Feature", "properties": { "类别": "商超", "名称": "叶波大润发生活超市(科苑市场店)", "经度": 118.044851, "纬度": 36.829789, "地址": "联通路与明清街北科苑市场内", "类型": "购物服务;综合市场;综合市场", "省": "山东省", "市": "淄博市", "区县": "张店区", "经度_wgs84": 118.044211, "纬度_wgs84": 36.824916, "一级分类": "购物" }, "geometry": { "type": "Point", "coordinates": [ 118.044211, 36.824916 ] } },
{ "type": "Feature", "properties": { "类别": "商超", "名称": "7-ELEVEn(新世界商业街店)", "经度": 118.042541, "纬度": 36.820665, "地址": "山东省张店区华光路93号7号营业房", "类型": "购物服务;便民商店/便利店;便民商店/便利店", "省": "山东省", "市": "淄博市", "区县": "张店区", "经度_wgs84": 118.041915, "纬度_wgs84": 36.815797, "一级分类": "购物" }, "geometry": { "type": "Point", "coordinates": [ 118.041915, 36.815797 ] } },
{ "type": "Feature", "properties": { "类别": "商超", "名称": "淄博商厦超市(小田店)", "经度": 118.021832, "纬度": 36.77207, "地址": "傅家镇世纪路小田村13号楼3单元", "类型": "购物服务;超级市场;超市", "省": "山东省", "市": "淄博市", "区县": "张店区", "经度_wgs84": 118.021316, "纬度_wgs84": 36.767248, "一级分类": "购物" }, "geometry": { "type": "Point", "coordinates": [ 118.021316, 36.767248 ] } },
{ "type": "Feature", "properties": { "类别": "商超", "名称": "赵一鸣零食(淄博福园社区店)", "经度": 118.029024, "纬度": 36.807956, "地址": "福园社区店", "类型": "购物服务;便民商店/便利店;便民商店/便利店", "省": "山东省", "市": "淄博市", "区县": "张店区", "经度_wgs84": 118.028452, "纬度_wgs84": 36.803116, "一级分类": "购物" }, "geometry": { "type": "Point", "coordinates": [ 118.028452, 36.803116 ] } },
{ "type": "Feature", "properties": { "类别": "商超", "名称": "7-ELEVEn(711宏程云锦店)", "经度": 117.976505, "纬度": 36.847598, "地址": "宏程云锦北门", "类型": "购物服务;购物相关场所;购物相关场所", "省": "山东省", "市": "淄博市", "区县": "张店区", "经度_wgs84": 117.97609, "纬度_wgs84": 36.842889, "一级分类": "购物" }, "geometry": { "type": "Point", "coordinates": [ 117.97609, 36.842889 ] } },
{ "type": "Feature", "properties": { "类别": "商超", "名称": "嘉汇文具生活(凤凰店)", "经度": 118.000909, "纬度": 36.83758, "地址": "房镇镇重庆路方正·凤凰城15号楼7号", "类型": "购物服务;超级市场;超市|购物服务;便民商店/便利店;便民商店/便利店", "省": "山东省", "市": "淄博市", "区县": "张店区", "经度_wgs84": 118.000413, "纬度_wgs84": 36.832809, "一级分类": "购物" }, "geometry": { "type": "Point", "coordinates": [ 118.000413, 36.832809 ] } },
{ "type": "Feature", "properties": { "类别": "商超", "名称": "德熙超市(华福大道店)", "经度": 118.00622, "纬度": 36.761943, "地址": "浮山驿西区南门东90米", "类型": "购物服务;便民商店/便利店;便民商店/便利店", "省": "山东省", "市": "淄博市", "区县": "张店区", "经度_wgs84": 118.005769, "纬度_wgs84": 36.757161, "一级分类": "购物" }, "geometry": { "type": "Point", "coordinates": [ 118.005769, 36.757161 ] } },
{ "type": "Feature", "properties": { "类别": "商超", "名称": "十足便利店(淄博中德金科学府店)", "经度": 118.0684, "纬度": 36.875879, "地址": "柳泉路374号", "类型": "购物服务;购物相关场所;购物相关场所", "省": "山东省", "市": "淄博市", "区县": "张店区", "经度_wgs84": 118.067665, "纬度_wgs84": 36.870972, "一级分类": "购物" }, "geometry": { "type": "Point", "coordinates": [ 118.067665, 36.870972 ] } },
{ "type": "Feature", "properties": { "类别": "商超", "名称": "名创优品(淄博吾悦广场店)", "经度": 118.024882, "纬度": 36.783891, "地址": "世纪路昌国路交汇处东南角吾悦广场(淄博店)F1层", "类型": "购物服务;购物相关场所;购物相关场所", "省": "山东省", "市": "淄博市", "区县": "张店区", "经度_wgs84": 118.024345, "纬度_wgs84": 36.779061, "一级分类": "购物" }, "geometry": { "type": "Point", "coordinates": [ 118.024345, 36.779061 ] } },
{ "type": "Feature", "properties": { "类别": "商超", "名称": "橙子便利(金达大厦店)", "经度": 118.058134, "纬度": 36.843012, "地址": "淄博市高新区柳泉路115号金达大厦A座一楼大厅东北角106室", "类型": "购物服务;便民商店/便利店;便民商店/便利店", "省": "山东省", "市": "淄博市", "区县": "张店区", "经度_wgs84": 118.057449, "纬度_wgs84": 36.838118, "一级分类": "购物" }, "geometry": { "type": "Point", "coordinates": [ 118.057449, 36.838118 ] } },
{ "type": "Feature", "properties": { "类别": "商超", "名称": "赵一鸣零食(傅家镇吾悦金街店)", "经度": 118.024704, "纬度": 36.782889, "地址": "傅家镇吾悅金街店", "类型": "购物服务;便民商店/便利店;便民商店/便利店", "省": "山东省", "市": "淄博市", "区县": "张店区", "经度_wgs84": 118.024168, "纬度_wgs84": 36.77806, "一级分类": "购物" }, "geometry": { "type": "Point", "coordinates": [ 118.024168, 36.77806 ] } },
{ "type": "Feature", "properties": { "类别": "商超", "名称": "LAWSON罗森(淄博万象汇店)", "经度": 118.061668, "纬度": 36.803546, "地址": "体育场街道办事处共青团东路南一巷17号华润凯旋门5号楼2号铺", "类型": "购物服务;便民商店/便利店;便民商店/便利店", "省": "山东省", "市": "淄博市", "区县": "张店区", "经度_wgs84": 118.06101, "纬度_wgs84": 36.798648, "一级分类": "购物" }, "geometry": { "type": "Point", "coordinates": [ 118.06101, 36.798648 ] } },
{ "type": "Feature", "properties": { "类别": "商超", "名称": "赵一鸣零食(淄博金鑫园店)", "经度": 118.017727, "纬度": 36.79902, "地址": "和平路96号", "类型": "购物服务;便民商店/便利店;便民商店/便利店", "省": "山东省", "市": "淄博市", "区县": "张店区", "经度_wgs84": 118.017202, "纬度_wgs84": 36.794207, "一级分类": "购物" }, "geometry": { "type": "Point", "coordinates": [ 118.017202, 36.794207 ] } },
{ "type": "Feature", "properties": { "类别": "商超", "名称": "橙子便利(玉龙大厦店)", "经度": 118.023736, "纬度": 36.822546, "地址": "东一街27号玉龙大厦A座F1层", "类型": "购物服务;便民商店/便利店;便民商店/便利店", "省": "山东省", "市": "淄博市", "区县": "张店区", "经度_wgs84": 118.023169, "纬度_wgs84": 36.817718, "一级分类": "购物" }, "geometry": { "type": "Point", "coordinates": [ 118.023169, 36.817718 ] } },
{ "type": "Feature", "properties": { "类别": "商超", "名称": "名创优品(山东淄博张店银泰2店)", "经度": 118.034471, "纬度": 36.848698, "地址": "鲁泰大道9号银泰城一楼", "类型": "购物服务;专卖店;专营店", "省": "山东省", "市": "淄博市", "区县": "张店区", "经度_wgs84": 118.033845, "纬度_wgs84": 36.843845, "一级分类": "购物" }, "geometry": { "type": "Point", "coordinates": [ 118.033845, 36.843845 ] } },
{ "type": "Feature", "properties": { "类别": "商超", "名称": "十足便利店(淄博王府井店)", "经度": 118.051554, "纬度": 36.806042, "地址": "公园街道共青团西路57-3号AB栋B01一层", "类型": "购物服务;便民商店/便利店;便民商店/便利店", "省": "山东省", "市": "淄博市", "区县": "张店区", "经度_wgs84": 118.050917, "纬度_wgs84": 36.801158, "一级分类": "购物" }, "geometry": { "type": "Point", "coordinates": [ 118.050917, 36.801158 ] } },
{ "type": "Feature", "properties": { "类别": "商超", "名称": "7-ELEVEn(淄博市图书馆店)", "经度": 117.986052, "纬度": 36.828789, "地址": "市图书馆一楼西南角书香驿站", "类型": "购物服务;便民商店/便利店;便民商店/便利店", "省": "山东省", "市": "淄博市", "区县": "张店区", "经度_wgs84": 117.985619, "纬度_wgs84": 36.824057, "一级分类": "购物" }, "geometry": { "type": "Point", "coordinates": [ 117.985619, 36.824057 ] } },
{ "type": "Feature", "properties": { "类别": "商超", "名称": "十足便利店(淄博陶瓷产业园店)", "经度": 118.061125, "纬度": 36.856925, "地址": "先进陶瓷产业创新园C座C3北门", "类型": "购物服务;便民商店/便利店;便民商店/便利店", "省": "山东省", "市": "淄博市", "区县": "张店区", "经度_wgs84": 118.060421, "纬度_wgs84": 36.852026, "一级分类": "购物" }, "geometry": { "type": "Point", "coordinates": [ 118.060421, 36.852026 ] } },
{ "type": "Feature", "properties": { "类别": "商超", "名称": "赵一鸣省钱超市(山东淄博龙泰店)", "经度": 118.000531, "纬度": 36.834097, "地址": "华润·橡树湾东门东南100米", "类型": "购物服务;便民商店/便利店;便民商店/便利店", "省": "山东省", "市": "淄博市", "区县": "张店区", "经度_wgs84": 118.000039, "纬度_wgs84": 36.829327, "一级分类": "购物" }, "geometry": { "type": "Point", "coordinates": [ 118.000039, 36.829327 ] } },
{ "type": "Feature", "properties": { "类别": "商超", "名称": "橙子便利(淄博吾悦广场店)", "经度": 118.024853, "纬度": 36.782544, "地址": "傅家镇南世纪路与昌国路路口东南角嘉美大厦一层0122号", "类型": "购物服务;便民商店/便利店;便民商店/便利店", "省": "山东省", "市": "淄博市", "区县": "张店区", "经度_wgs84": 118.024317, "纬度_wgs84": 36.777715, "一级分类": "购物" }, "geometry": { "type": "Point", "coordinates": [ 118.024317, 36.777715 ] } },
{ "type": "Feature", "properties": { "类别": "商超", "名称": "友客便利店(北京路百合花园紫薇店)", "经度": 117.994997, "纬度": 36.846938, "地址": "绿城百合紫薇园南门旁", "类型": "购物服务;便民商店/便利店;便民商店/便利店", "省": "山东省", "市": "淄博市", "区县": "张店区", "经度_wgs84": 117.994515, "纬度_wgs84": 36.842183, "一级分类": "购物" }, "geometry": { "type": "Point", "coordinates": [ 117.994515, 36.842183 ] } },
{ "type": "Feature", "properties": { "类别": "商超", "名称": "盈吉超市(傅家店)", "经度": 117.99877, "纬度": 36.762434, "地址": "华福大道112号", "类型": "购物服务;便民商店/便利店;便民商店/便利店", "省": "山东省", "市": "淄博市", "区县": "张店区", "经度_wgs84": 117.998347, "纬度_wgs84": 36.757671, "一级分类": "购物" }, "geometry": { "type": "Point", "coordinates": [ 117.998347, 36.757671 ] } },
{ "type": "Feature", "properties": { "类别": "商超", "名称": "宜品惠硬折扣超市", "经度": 118.014211, "纬度": 36.80342, "地址": "新村西路185号甲7号", "类型": "购物服务;超级市场;超市", "省": "山东省", "市": "淄博市", "区县": "张店区", "经度_wgs84": 118.013695, "纬度_wgs84": 36.798616, "一级分类": "购物" }, "geometry": { "type": "Point", "coordinates": [ 118.013695, 36.798616 ] } },
{ "type": "Feature", "properties": { "类别": "商超", "名称": "十足便利店(淄博风景华庭酒店店)", "经度": 118.049973, "纬度": 36.820995, "地址": "华光路62-甲1号(中国农业银行南门旁)", "类型": "购物服务;便民商店/便利店;便民商店/便利店", "省": "山东省", "市": "淄博市", "区县": "张店区", "经度_wgs84": 118.049327, "纬度_wgs84": 36.816113, "一级分类": "购物" }, "geometry": { "type": "Point", "coordinates": [ 118.049327, 36.816113 ] } },
{ "type": "Feature", "properties": { "类别": "商超", "名称": "惠泽超市(魏家庄店)", "经度": 118.060903, "纬度": 36.834204, "地址": "华瑞园北区东南门南90米", "类型": "购物服务;超级市场;超市", "省": "山东省", "市": "淄博市", "区县": "张店区", "经度_wgs84": 118.06022, "纬度_wgs84": 36.829306, "一级分类": "购物" }, "geometry": { "type": "Point", "coordinates": [ 118.06022, 36.829306 ] } },
{ "type": "Feature", "properties": { "类别": "商超", "名称": "锅圈食汇火锅烧烤食材超市(共青团路凯旋门店)", "经度": 118.063191, "纬度": 36.804357, "地址": "共青团东路9号院65号", "类型": "购物服务;综合市场;农副产品市场", "省": "山东省", "市": "淄博市", "区县": "张店区", "经度_wgs84": 118.062529, "纬度_wgs84": 36.799458, "一级分类": "购物" }, "geometry": { "type": "Point", "coordinates": [ 118.062529, 36.799458 ] } },
{ "type": "Feature", "properties": { "类别": "商超", "名称": "淄博商厦超市(东城华府店)", "经度": 118.07642, "纬度": 36.808969, "地址": "人民东路33甲19-22号", "类型": "购物服务;超级市场;超市", "省": "山东省", "市": "淄博市", "区县": "张店区", "经度_wgs84": 118.075733, "纬度_wgs84": 36.804058, "一级分类": "购物" }, "geometry": { "type": "Point", "coordinates": [ 118.075733, 36.804058 ] } },
{ "type": "Feature", "properties": { "类别": "商超", "名称": "十足便利店(淄博中欧国际大厦店)", "经度": 117.992984, "纬度": 36.820632, "地址": "中欧国际大厦30号一层", "类型": "购物服务;便民商店/便利店;便民商店/便利店", "省": "山东省", "市": "淄博市", "区县": "张店区", "经度_wgs84": 117.992533, "纬度_wgs84": 36.815883, "一级分类": "购物" }, "geometry": { "type": "Point", "coordinates": [ 117.992533, 36.815883 ] } },
{ "type": "Feature", "properties": { "类别": "商超", "名称": "快享便利(石村店)", "经度": 118.008528, "纬度": 36.819802, "地址": "马尚镇新石街24号", "类型": "购物服务;便民商店/便利店;便民商店/便利店", "省": "山东省", "市": "淄博市", "区县": "张店区", "经度_wgs84": 118.008019, "纬度_wgs84": 36.815012, "一级分类": "购物" }, "geometry": { "type": "Point", "coordinates": [ 118.008019, 36.815012 ] } },
{ "type": "Feature", "properties": { "类别": "商超", "名称": "鑫强超市(兰雁大道店)", "经度": 118.068349, "纬度": 36.850703, "地址": "兰雁大道华南园33号沿街房", "类型": "购物服务;便民商店/便利店;便民商店/便利店", "省": "山东省", "市": "淄博市", "区县": "张店区", "经度_wgs84": 118.067637, "纬度_wgs84": 36.845797, "一级分类": "购物" }, "geometry": { "type": "Point", "coordinates": [ 118.067637, 36.845797 ] } },
{ "type": "Feature", "properties": { "类别": "商超", "名称": "橙子便利(中欧大厦店)", "经度": 117.992936, "纬度": 36.820622, "地址": "马尚街道中欧国际大厦1号", "类型": "购物服务;便民商店/便利店;便民商店/便利店", "省": "山东省", "市": "淄博市", "区县": "张店区", "经度_wgs84": 117.992485, "纬度_wgs84": 36.815873, "一级分类": "购物" }, "geometry": { "type": "Point", "coordinates": [ 117.992485, 36.815873 ] } },
{ "type": "Feature", "properties": { "类别": "商超", "名称": "聚贤苑快递超市", "经度": 118.072519, "纬度": 36.8684, "地址": "淄博高新区人民法院法官便民工作站北侧100米", "类型": "购物服务;超级市场;超市", "省": "山东省", "市": "淄博市", "区县": "张店区", "经度_wgs84": 118.071785, "纬度_wgs84": 36.86349, "一级分类": "购物" }, "geometry": { "type": "Point", "coordinates": [ 118.071785, 36.86349 ] } },
{ "type": "Feature", "properties": { "类别": "商超", "名称": "淄博商厦超市(翡翠园店)", "经度": 118.052748, "纬度": 36.831627, "地址": "翡翠园樱红路9号", "类型": "购物服务;超级市场;超市", "省": "山东省", "市": "淄博市", "区县": "张店区", "经度_wgs84": 118.052085, "纬度_wgs84": 36.826741, "一级分类": "购物" }, "geometry": { "type": "Point", "coordinates": [ 118.052085, 36.826741 ] } },
{ "type": "Feature", "properties": { "类别": "商超", "名称": "利群超市(利群时代店)", "经度": 118.048038, "纬度": 36.801885, "地址": "柳泉路29号利群时代柳泉路店F1层", "类型": "购物服务;便民商店/便利店;便民商店/便利店", "省": "山东省", "市": "淄博市", "区县": "张店区", "经度_wgs84": 118.047413, "纬度_wgs84": 36.797007, "一级分类": "购物" }, "geometry": { "type": "Point", "coordinates": [ 118.047413, 36.797007 ] } },
{ "type": "Feature", "properties": { "类别": "商超", "名称": "名创优品(印象汇店)", "经度": 118.053139, "纬度": 36.823185, "地址": "柳泉路67号凯德广场一楼", "类型": "购物服务;购物相关场所;购物相关场所", "省": "山东省", "市": "淄博市", "区县": "张店区", "经度_wgs84": 118.052483, "纬度_wgs84": 36.818298, "一级分类": "购物" }, "geometry": { "type": "Point", "coordinates": [ 118.052483, 36.818298 ] } },
{ "type": "Feature", "properties": { "类别": "商超", "名称": "华联超市(淄博站店)", "经度": 118.057168, "纬度": 36.787016, "地址": "昌国快速路出口与昌国快速路入口交叉口东北220米", "类型": "购物服务;购物相关场所;购物相关场所", "省": "山东省", "市": "淄博市", "区县": "张店区", "经度_wgs84": 118.056534, "纬度_wgs84": 36.782125, "一级分类": "购物" }, "geometry": { "type": "Point", "coordinates": [ 118.056534, 36.782125 ] } },
{ "type": "Feature", "properties": { "类别": "商超", "名称": "十足便利店(淄博明博新城店)", "经度": 117.982375, "纬度": 36.820825, "地址": "明博新城小区18幢", "类型": "购物服务;便民商店/便利店;便民商店/便利店", "省": "山东省", "市": "淄博市", "区县": "张店区", "经度_wgs84": 117.981963, "纬度_wgs84": 36.816103, "一级分类": "购物" }, "geometry": { "type": "Point", "coordinates": [ 117.981963, 36.816103 ] } },
{ "type": "Feature", "properties": { "类别": "商超", "名称": "银泉超市(柳泉路店)", "经度": 118.023346, "纬度": 36.74502, "地址": "傅家镇山泉路287号", "类型": "购物服务;便民商店/便利店;便民商店/便利店", "省": "山东省", "市": "淄博市", "区县": "张店区", "经度_wgs84": 118.022847, "纬度_wgs84": 36.740195, "一级分类": "购物" }, "geometry": { "type": "Point", "coordinates": [ 118.022847, 36.740195 ] } },
{ "type": "Feature", "properties": { "类别": "商超", "名称": "7-ELEVEn(万科翡翠书院店)", "经度": 118.008075, "纬度": 36.841025, "地址": "丰安路69号", "类型": "购物服务;便民商店/便利店;便民商店/便利店", "省": "山东省", "市": "淄博市", "区县": "张店区", "经度_wgs84": 118.007549, "纬度_wgs84": 36.836236, "一级分类": "购物" }, "geometry": { "type": "Point", "coordinates": [ 118.007549, 36.836236 ] } },
{ "type": "Feature", "properties": { "类别": "商超", "名称": "叶波大润发(叶波店)", "经度": 118.061002, "纬度": 36.820902, "地址": "华光路与市府东一街交叉口东340米", "类型": "购物服务;超级市场;超市", "省": "山东省", "市": "淄博市", "区县": "张店区", "经度_wgs84": 118.06033, "纬度_wgs84": 36.816005, "一级分类": "购物" }, "geometry": { "type": "Point", "coordinates": [ 118.06033, 36.816005 ] } },
{ "type": "Feature", "properties": { "类别": "商超", "名称": "橙子便利(星河城店)", "经度": 117.988558, "纬度": 36.799932, "地址": "和平路177号", "类型": "购物服务;购物相关场所;购物相关场所", "省": "山东省", "市": "淄博市", "区县": "张店区", "经度_wgs84": 117.988141, "纬度_wgs84": 36.795195, "一级分类": "购物" }, "geometry": { "type": "Point", "coordinates": [ 117.988141, 36.795195 ] } },
{ "type": "Feature", "properties": { "类别": "商超", "名称": "7-ELEVEn(重庆路店)", "经度": 118.002475, "纬度": 36.816725, "地址": "亿丰商场", "类型": "购物服务;便民商店/便利店;便民商店/便利店", "省": "山东省", "市": "淄博市", "区县": "张店区", "经度_wgs84": 118.001991, "纬度_wgs84": 36.811951, "一级分类": "购物" }, "geometry": { "type": "Point", "coordinates": [ 118.001991, 36.811951 ] } },
{ "type": "Feature", "properties": { "类别": "商超", "名称": "名创优品(淄博鑫马吾悦广场店)", "经度": 118.001025, "纬度": 36.824525, "地址": "鑫马吾悦广场一层1066-1067", "类型": "购物服务;购物相关场所;购物相关场所", "省": "山东省", "市": "淄博市", "区县": "张店区", "经度_wgs84": 118.00054, "纬度_wgs84": 36.819754, "一级分类": "购物" }, "geometry": { "type": "Point", "coordinates": [ 118.00054, 36.819754 ] } },
{ "type": "Feature", "properties": { "类别": "商超", "名称": "银川清真牛羊肉(万科店)", "经度": 118.007819, "纬度": 36.840918, "地址": "万科翡翠书院南区北门东北60米", "类型": "购物服务;综合市场;农副产品市场", "省": "山东省", "市": "淄博市", "区县": "张店区", "经度_wgs84": 118.007294, "纬度_wgs84": 36.836129, "一级分类": "购物" }, "geometry": { "type": "Point", "coordinates": [ 118.007294, 36.836129 ] } },
{ "type": "Feature", "properties": { "类别": "商超", "名称": "橙子便利(淄博万达店)", "经度": 118.00904, "纬度": 36.839698, "地址": "丰悦路与丰安路交叉口南180米", "类型": "购物服务;购物相关场所;购物相关场所", "省": "山东省", "市": "淄博市", "区县": "张店区", "经度_wgs84": 118.008511, "纬度_wgs84": 36.834906, "一级分类": "购物" }, "geometry": { "type": "Point", "coordinates": [ 118.008511, 36.834906 ] } },
{ "type": "Feature", "properties": { "类别": "商超", "名称": "眼镜直通车超市(金晶大道店)", "经度": 118.059346, "纬度": 36.80102, "地址": "和平街道金晶大道115号科技大楼二楼", "类型": "购物服务;专卖店;眼镜店", "省": "山东省", "市": "淄博市", "区县": "张店区", "经度_wgs84": 118.058695, "纬度_wgs84": 36.796125, "一级分类": "购物" }, "geometry": { "type": "Point", "coordinates": [ 118.058695, 36.796125 ] } },
{ "type": "Feature", "properties": { "类别": "商超", "名称": "橙子便利(尚美店)", "经度": 118.038962, "纬度": 36.809118, "地址": "公园街道办事处北西五路6号院19号楼101号", "类型": "购物服务;购物相关场所;购物相关场所", "省": "山东省", "市": "淄博市", "区县": "张店区", "经度_wgs84": 118.038357, "纬度_wgs84": 36.804257, "一级分类": "购物" }, "geometry": { "type": "Point", "coordinates": [ 118.038357, 36.804257 ] } },
{ "type": "Feature", "properties": { "类别": "商超", "名称": "7-ELEVEn(兴业家园店)", "经度": 118.032525, "纬度": 36.820125, "地址": "北西六路78甲1号1层", "类型": "购物服务;便民商店/便利店;便民商店/便利店", "省": "山东省", "市": "淄博市", "区县": "张店区", "经度_wgs84": 118.03193, "纬度_wgs84": 36.815277, "一级分类": "购物" }, "geometry": { "type": "Point", "coordinates": [ 118.03193, 36.815277 ] } },
{ "type": "Feature", "properties": { "类别": "商超", "名称": "赵一鸣省钱超市(山东淄博九级金塔社区店)", "经度": 118.020935, "纬度": 36.815565, "地址": "马尚街道瑞安路02号九级村金塔农贸市场内", "类型": "购物服务;便民商店/便利店;便民商店/便利店", "省": "山东省", "市": "淄博市", "区县": "张店区", "经度_wgs84": 118.020384, "纬度_wgs84": 36.810744, "一级分类": "购物" }, "geometry": { "type": "Point", "coordinates": [ 118.020384, 36.810744 ] } },
{ "type": "Feature", "properties": { "类别": "商超", "名称": "十足便利店(淄博天乙花苑店)", "经度": 117.999694, "纬度": 36.846354, "地址": "丰宁路23号曦园", "类型": "购物服务;便民商店/便利店;便民商店/便利店", "省": "山东省", "市": "淄博市", "区县": "张店区", "经度_wgs84": 117.999195, "纬度_wgs84": 36.841586, "一级分类": "购物" }, "geometry": { "type": "Point", "coordinates": [ 117.999195, 36.841586 ] } },
{ "type": "Feature", "properties": { "类别": "商超", "名称": "锅圈食汇火锅烧烤食材超市(曦园店)", "经度": 117.997572, "纬度": 36.846319, "地址": "北京路132号", "类型": "购物服务;综合市场;农副产品市场", "省": "山东省", "市": "淄博市", "区县": "张店区", "经度_wgs84": 117.997081, "纬度_wgs84": 36.841557, "一级分类": "购物" }, "geometry": { "type": "Point", "coordinates": [ 117.997081, 36.841557 ] } },
{ "type": "Feature", "properties": { "类别": "商超", "名称": "赵一鸣省钱超市(山东淄博四宝山三玉店)", "经度": 118.072406, "纬度": 36.873569, "地址": "四宝山街道王东村超市西第一间商铺", "类型": "购物服务;便民商店/便利店;便民商店/便利店", "省": "山东省", "市": "淄博市", "区县": "张店区", "经度_wgs84": 118.071667, "纬度_wgs84": 36.868659, "一级分类": "购物" }, "geometry": { "type": "Point", "coordinates": [ 118.071667, 36.868659 ] } },
{ "type": "Feature", "properties": { "类别": "商超", "名称": "7-ELEVEn(宏程·国际广场店)", "经度": 118.01094, "纬度": 36.827576, "地址": [ ], "类型": "购物服务;超级市场;超市", "省": "山东省", "市": "淄博市", "区县": "张店区", "经度_wgs84": 118.010415, "纬度_wgs84": 36.82278, "一级分类": "购物" }, "geometry": { "type": "Point", "coordinates": [ 118.010415, 36.82278 ] } },
{ "type": "Feature", "properties": { "类别": "商超", "名称": "锅圈食汇火锅烧烤食材超市(世纪路店)", "经度": 118.022273, "纬度": 36.772633, "地址": "傅家镇南世纪路78号(福林小区北2门北170米)", "类型": "购物服务;综合市场;农副产品市场", "省": "山东省", "市": "淄博市", "区县": "张店区", "经度_wgs84": 118.021755, "纬度_wgs84": 36.76781, "一级分类": "购物" }, "geometry": { "type": "Point", "coordinates": [ 118.021755, 36.76781 ] } },
{ "type": "Feature", "properties": { "类别": "商超", "名称": "可好(创业火炬广场店)", "经度": 118.057613, "纬度": 36.841119, "地址": "柳泉路109号创业火炬广场F1层", "类型": "购物服务;购物相关场所;购物相关场所", "省": "山东省", "市": "淄博市", "区县": "张店区", "经度_wgs84": 118.05693, "纬度_wgs84": 36.836225, "一级分类": "购物" }, "geometry": { "type": "Point", "coordinates": [ 118.05693, 36.836225 ] } },
{ "type": "Feature", "properties": { "类别": "商超", "名称": "锅圈食汇火锅烧烤食材超市(北营店)", "经度": 118.06793, "纬度": 36.85588, "地址": "民祥路668号(北营金鑫园南区15号楼底商、南2门东侧)", "类型": "购物服务;综合市场;农副产品市场", "省": "山东省", "市": "淄博市", "区县": "张店区", "经度_wgs84": 118.067214, "纬度_wgs84": 36.850974, "一级分类": "购物" }, "geometry": { "type": "Point", "coordinates": [ 118.067214, 36.850974 ] } },
{ "type": "Feature", "properties": { "类别": "商超", "名称": "惠东生鲜超市(新世界商业街店)", "经度": 118.042025, "纬度": 36.818175, "地址": "新世界步行街北段92号(道庄小区东区西2门旁)", "类型": "购物服务;超级市场;超市", "省": "山东省", "市": "淄博市", "区县": "张店区", "经度_wgs84": 118.041403, "纬度_wgs84": 36.813308, "一级分类": "购物" }, "geometry": { "type": "Point", "coordinates": [ 118.041403, 36.813308 ] } },
{ "type": "Feature", "properties": { "类别": "商超", "名称": "711便利店(淄博水晶街店)", "经度": 118.002475, "纬度": 36.816697, "地址": "马尚街道人民西路186号亿丰大厦1层东北侧门头房", "类型": "购物服务;便民商店/便利店;便民商店/便利店", "省": "山东省", "市": "淄博市", "区县": "张店区", "经度_wgs84": 118.001991, "纬度_wgs84": 36.811923, "一级分类": "购物" }, "geometry": { "type": "Point", "coordinates": [ 118.001991, 36.811923 ] } },
{ "type": "Feature", "properties": { "类别": "商超", "名称": "嘉汇生活(北营店)", "经度": 118.062075, "纬度": 36.853125, "地址": "柳泉路342号一楼嘉汇北营店", "类型": "购物服务;便民商店/便利店;便民商店/便利店", "省": "山东省", "市": "淄博市", "区县": "张店区", "经度_wgs84": 118.061372, "纬度_wgs84": 36.848225, "一级分类": "购物" }, "geometry": { "type": "Point", "coordinates": [ 118.061372, 36.848225 ] } },
{ "type": "Feature", "properties": { "类别": "商超", "名称": "可好(银泰时代广场店)", "经度": 118.034384, "纬度": 36.849914, "地址": "玉龙大厦b座2号", "类型": "购物服务;便民商店/便利店;便民商店/便利店", "省": "山东省", "市": "淄博市", "区县": "张店区", "经度_wgs84": 118.033757, "纬度_wgs84": 36.845061, "一级分类": "购物" }, "geometry": { "type": "Point", "coordinates": [ 118.033757, 36.845061 ] } },
{ "type": "Feature", "properties": { "类别": "商超", "名称": "锅圈食汇火锅烧烤食材超市(义乌路店)", "经度": 118.019114, "纬度": 36.828678, "地址": "江南豪庭西北门北60米", "类型": "购物服务;综合市场;农副产品市场|餐饮服务;餐饮相关场所;餐饮相关", "省": "山东省", "市": "淄博市", "区县": "张店区", "经度_wgs84": 118.018558, "纬度_wgs84": 36.823861, "一级分类": "购物" }, "geometry": { "type": "Point", "coordinates": [ 118.018558, 36.823861 ] } },
{ "type": "Feature", "properties": { "类别": "商超", "名称": "锅圈食汇火锅烧烤食材超市(齐悦国际店)", "经度": 117.989475, "纬度": 36.810024, "地址": "马尚街道齐悦国际花园一期沿街商铺G01-5", "类型": "购物服务;综合市场;农副产品市场", "省": "山东省", "市": "淄博市", "区县": "张店区", "经度_wgs84": 117.989046, "纬度_wgs84": 36.805284, "一级分类": "购物" }, "geometry": { "type": "Point", "coordinates": [ 117.989046, 36.805284 ] } },
{ "type": "Feature", "properties": { "类别": "商超", "名称": "乾兴超市(王舍路店)", "经度": 118.028741, "纬度": 36.78975, "地址": "王舍路237号植物园南门对过", "类型": "购物服务;便民商店/便利店;便民商店/便利店", "省": "山东省", "市": "淄博市", "区县": "张店区", "经度_wgs84": 118.028186, "纬度_wgs84": 36.784911, "一级分类": "购物" }, "geometry": { "type": "Point", "coordinates": [ 118.028186, 36.784911 ] } },
{ "type": "Feature", "properties": { "类别": "商超", "名称": "雪银超市", "经度": 118.088871, "纬度": 36.811739, "地址": "潘南东路22号小化纤工会礼堂一楼", "类型": "购物服务;便民商店/便利店;便民商店/便利店", "省": "山东省", "市": "淄博市", "区县": "张店区", "经度_wgs84": 118.088171, "纬度_wgs84": 36.806825, "一级分类": "购物" }, "geometry": { "type": "Point", "coordinates": [ 118.088171, 36.806825 ] } },
{ "type": "Feature", "properties": { "类别": "商超", "名称": "卫固信诚超市", "经度": 118.146474, "纬度": 36.86886, "地址": "卫北路与中心路交叉口东500米", "类型": "购物服务;便民商店/便利店;便民商店/便利店", "省": "山东省", "市": "淄博市", "区县": "张店区", "经度_wgs84": 118.145775, "纬度_wgs84": 36.864011, "一级分类": "购物" }, "geometry": { "type": "Point", "coordinates": [ 118.145775, 36.864011 ] } },
{ "type": "Feature", "properties": { "类别": "商超", "名称": "松鼠便利(山理工店)", "经度": 117.991491, "纬度": 36.813667, "地址": "淄博市体育中心地下停车场四号口下来后跨过栏杆步行右拐后直走50米", "类型": "购物服务;便民商店/便利店;便民商店/便利店", "省": "山东省", "市": "淄博市", "区县": "张店区", "经度_wgs84": 117.991051, "纬度_wgs84": 36.808922, "一级分类": "购物" }, "geometry": { "type": "Point", "coordinates": [ 117.991051, 36.808922 ] } },
{ "type": "Feature", "properties": { "类别": "商超", "名称": "赵一鸣省钱超市(山东淄博王舍店)", "经度": 118.040367, "纬度": 36.789898, "地址": "王舍路68号王舍生活区一区", "类型": "购物服务;便民商店/便利店;便民商店/便利店", "省": "山东省", "市": "淄博市", "区县": "张店区", "经度_wgs84": 118.039774, "纬度_wgs84": 36.785035, "一级分类": "购物" }, "geometry": { "type": "Point", "coordinates": [ 118.039774, 36.785035 ] } },
{ "type": "Feature", "properties": { "类别": "商超", "名称": "菲高超市(张店区店)", "经度": 117.992973, "纬度": 36.847498, "地址": "房镇镇北京路77号绿城百合花园桂花园", "类型": "购物服务;超级市场;超市", "省": "山东省", "市": "淄博市", "区县": "张店区", "经度_wgs84": 117.992498, "纬度_wgs84": 36.842748, "一级分类": "购物" }, "geometry": { "type": "Point", "coordinates": [ 117.992498, 36.842748 ] } },
{ "type": "Feature", "properties": { "类别": "商超", "名称": "可好便利店(万象汇店)", "经度": 118.06171, "纬度": 36.803537, "地址": "金晶大道66号万象汇F1层", "类型": "购物服务;便民商店/便利店;便民商店/便利店", "省": "山东省", "市": "淄博市", "区县": "张店区", "经度_wgs84": 118.061052, "纬度_wgs84": 36.798639, "一级分类": "购物" }, "geometry": { "type": "Point", "coordinates": [ 118.061052, 36.798639 ] } },
{ "type": "Feature", "properties": { "类别": "商超", "名称": "名创优品(水晶街店)", "经度": 118.003875, "纬度": 36.816325, "地址": "马尚街道人民西路与重庆路交汇处水晶街F座一层6A", "类型": "购物服务;购物相关场所;购物相关场所", "省": "山东省", "市": "淄博市", "区县": "张店区", "经度_wgs84": 118.003386, "纬度_wgs84": 36.811547, "一级分类": "购物" }, "geometry": { "type": "Point", "coordinates": [ 118.003386, 36.811547 ] } },
{ "type": "Feature", "properties": { "类别": "商超", "名称": "绿农生鲜超市(三八线店)", "经度": 117.967375, "纬度": 36.808875, "地址": "班家村便民市场12A", "类型": "购物服务;综合市场;农副产品市场", "省": "山东省", "市": "淄博市", "区县": "张店区", "经度_wgs84": 117.967025, "纬度_wgs84": 36.804188, "一级分类": "购物" }, "geometry": { "type": "Point", "coordinates": [ 117.967025, 36.804188 ] } },
{ "type": "Feature", "properties": { "类别": "商超", "名称": "可好(金晶大道061707店)", "经度": 118.063439, "纬度": 36.814585, "地址": "金晶大道197号", "类型": "购物服务;便民商店/便利店;便民商店/便利店", "省": "山东省", "市": "淄博市", "区县": "张店区", "经度_wgs84": 118.062768, "纬度_wgs84": 36.809685, "一级分类": "购物" }, "geometry": { "type": "Point", "coordinates": [ 118.062768, 36.809685 ] } },
{ "type": "Feature", "properties": { "类别": "商超", "名称": "聚合购物(尚庄店)", "经度": 118.10215, "纬度": 36.819746, "地址": "春风路与联通路交叉口南140米", "类型": "购物服务;便民商店/便利店;便民商店/便利店", "省": "山东省", "市": "淄博市", "区县": "张店区", "经度_wgs84": 118.101441, "纬度_wgs84": 36.814836, "一级分类": "购物" }, "geometry": { "type": "Point", "coordinates": [ 118.101441, 36.814836 ] } },
{ "type": "Feature", "properties": { "类别": "商超", "名称": "锅圈食汇火锅烧烤食材超市(张店区房镇店)", "经度": 117.976066, "纬度": 36.827721, "地址": "淄博创新谷东门南100米", "类型": "购物服务;综合市场;农副产品市场", "省": "山东省", "市": "淄博市", "区县": "张店区", "经度_wgs84": 117.97567, "纬度_wgs84": 36.823014, "一级分类": "购物" }, "geometry": { "type": "Point", "coordinates": [ 117.97567, 36.823014 ] } },
{ "type": "Feature", "properties": { "类别": "商超", "名称": "橙子便利(西六路店)", "经度": 118.031819, "纬度": 36.80162, "地址": "南西六路45号,山东省淄博市张店区南西六路45号", "类型": "购物服务;便民商店/便利店;便民商店/便利店", "省": "山东省", "市": "淄博市", "区县": "张店区", "经度_wgs84": 118.031243, "纬度_wgs84": 36.796774, "一级分类": "购物" }, "geometry": { "type": "Point", "coordinates": [ 118.031243, 36.796774 ] } },
{ "type": "Feature", "properties": { "类别": "商超", "名称": "奥朗特超市", "经度": 118.012656, "纬度": 36.81028, "地址": "奥朗特购物广场西南门旁", "类型": "购物服务;超级市场;超市", "省": "山东省", "市": "淄博市", "区县": "张店区", "经度_wgs84": 118.01214, "纬度_wgs84": 36.80548, "一级分类": "购物" }, "geometry": { "type": "Point", "coordinates": [ 118.01214, 36.80548 ] } },
{ "type": "Feature", "properties": { "类别": "商超", "名称": "橙子便利(宏程国际店)", "经度": 118.008706, "纬度": 36.828506, "地址": "房镇镇联通路169号宏程国际广场4号楼12号", "类型": "购物服务;便民商店/便利店;便民商店/便利店", "省": "山东省", "市": "淄博市", "区县": "张店区", "经度_wgs84": 118.008188, "纬度_wgs84": 36.823715, "一级分类": "购物" }, "geometry": { "type": "Point", "coordinates": [ 118.008188, 36.823715 ] } },
{ "type": "Feature", "properties": { "类别": "商超", "名称": "十足便利店(淄博吾悦广场店)", "经度": 118.025553, "纬度": 36.782655, "地址": "傅家镇南世纪路与昌国路路口东南角嘉亿国际财富中心5号楼1单元1层", "类型": "购物服务;便民商店/便利店;便民商店/便利店", "省": "山东省", "市": "淄博市", "区县": "张店区", "经度_wgs84": 118.025015, "纬度_wgs84": 36.777824, "一级分类": "购物" }, "geometry": { "type": "Point", "coordinates": [ 118.025015, 36.777824 ] } },
{ "type": "Feature", "properties": { "类别": "商超", "名称": "锅圈食汇火锅烧烤食材超市(张店区橡树湾店)", "经度": 118.000225, "纬度": 36.835225, "地址": "北京路64号", "类型": "购物服务;综合市场;农副产品市场", "省": "山东省", "市": "淄博市", "区县": "张店区", "经度_wgs84": 117.999733, "纬度_wgs84": 36.830456, "一级分类": "购物" }, "geometry": { "type": "Point", "coordinates": [ 117.999733, 36.830456 ] } },
{ "type": "Feature", "properties": { "类别": "商超", "名称": "嘉汇生活(天乙店)", "经度": 117.998045, "纬度": 36.846393, "地址": "房镇镇北京路与天乙路路口东南角沿街房4-02百虹宾馆对面", "类型": "购物服务;超级市场;超市", "省": "山东省", "市": "淄博市", "区县": "张店区", "经度_wgs84": 117.997552, "纬度_wgs84": 36.84163, "一级分类": "购物" }, "geometry": { "type": "Point", "coordinates": [ 117.997552, 36.84163 ] } },
{ "type": "Feature", "properties": { "类别": "商超", "名称": "小玉杂货铺vintage", "经度": 118.005551, "纬度": 36.796908, "地址": "和平路131号唐库文创园", "类型": "购物服务;便民商店/便利店;便民商店/便利店", "省": "山东省", "市": "淄博市", "区县": "张店区", "经度_wgs84": 118.005073, "纬度_wgs84": 36.792126, "一级分类": "购物" }, "geometry": { "type": "Point", "coordinates": [ 118.005073, 36.792126 ] } },
{ "type": "Feature", "properties": { "类别": "商超", "名称": "7-ELEVEn(淄博恒太城店)", "经度": 117.982175, "纬度": 36.823775, "地址": "华光路331号淄博恒太城F1层", "类型": "购物服务;便民商店/便利店;便民商店/便利店", "省": "山东省", "市": "淄博市", "区县": "张店区", "经度_wgs84": 117.981761, "纬度_wgs84": 36.819053, "一级分类": "购物" }, "geometry": { "type": "Point", "coordinates": [ 117.981761, 36.819053 ] } },
{ "type": "Feature", "properties": { "类别": "商超", "名称": "锅圈食汇火锅烧烤食材超市(华光路金乔店)", "经度": 118.073205, "纬度": 36.816741, "地址": "金乔社区北区西南2门南110米", "类型": "购物服务;综合市场;农副产品市场", "省": "山东省", "市": "淄博市", "区县": "张店区", "经度_wgs84": 118.072516, "纬度_wgs84": 36.811832, "一级分类": "购物" }, "geometry": { "type": "Point", "coordinates": [ 118.072516, 36.811832 ] } },
{ "type": "Feature", "properties": { "类别": "商超", "名称": "呈大生鲜超市", "经度": 118.05593, "纬度": 36.853115, "地址": "山东博泰集团西南门东60米", "类型": "购物服务;综合市场;农副产品市场", "省": "山东省", "市": "淄博市", "区县": "张店区", "经度_wgs84": 118.05524, "纬度_wgs84": 36.848223, "一级分类": "购物" }, "geometry": { "type": "Point", "coordinates": [ 118.05524, 36.848223 ] } },
{ "type": "Feature", "properties": { "类别": "商超", "名称": "如意超市(中德奥林新城店)", "经度": 118.06982, "纬度": 36.87342, "地址": "柳泉路372号", "类型": "购物服务;超级市场;超市|购物服务;便民商店/便利店;便民商店/便利店", "省": "山东省", "市": "淄博市", "区县": "张店区", "经度_wgs84": 118.069085, "纬度_wgs84": 36.868512, "一级分类": "购物" }, "geometry": { "type": "Point", "coordinates": [ 118.069085, 36.868512 ] } },
{ "type": "Feature", "properties": { "类别": "商超", "名称": "锅圈食汇火锅烧烤食材超市(和平路店)", "经度": 117.992519, "纬度": 36.799389, "地址": "马尚街道办事处和平路169甲", "类型": "购物服务;综合市场;农副产品市场", "省": "山东省", "市": "淄博市", "区县": "张店区", "经度_wgs84": 117.992088, "纬度_wgs84": 36.794641, "一级分类": "购物" }, "geometry": { "type": "Point", "coordinates": [ 117.992088, 36.794641 ] } },
{ "type": "Feature", "properties": { "类别": "商超", "名称": "锅圈食汇火锅烧烤食材超市(华侨城店)", "经度": 118.038088, "纬度": 36.843699, "地址": "张店区高新区万杰路79号天府名城1号楼甲4号沿街房一楼", "类型": "购物服务;综合市场;农副产品市场", "省": "山东省", "市": "淄博市", "区县": "张店区", "经度_wgs84": 118.037455, "纬度_wgs84": 36.838839, "一级分类": "购物" }, "geometry": { "type": "Point", "coordinates": [ 118.037455, 36.838839 ] } },
{ "type": "Feature", "properties": { "类别": "商超", "名称": "秋润鲜果蔬超市(和平路店)", "经度": 117.99457, "纬度": 36.7992, "地址": "尚美苑西1门旁", "类型": "购物服务;综合市场;果品市场", "省": "山东省", "市": "淄博市", "区县": "张店区", "经度_wgs84": 117.994131, "纬度_wgs84": 36.794447, "一级分类": "购物" }, "geometry": { "type": "Point", "coordinates": [ 117.994131, 36.794447 ] } },
{ "type": "Feature", "properties": { "类别": "商超", "名称": "淄博山姆甄选", "经度": 118.004809, "纬度": 36.816033, "地址": "水晶街人民路与重庆路东北侧", "类型": "购物服务;购物相关场所;购物相关场所", "省": "山东省", "市": "淄博市", "区县": "张店区", "经度_wgs84": 118.004317, "纬度_wgs84": 36.811253, "一级分类": "购物" }, "geometry": { "type": "Point", "coordinates": [ 118.004317, 36.811253 ] } },
{ "type": "Feature", "properties": { "类别": "商超", "名称": "爱家易购2元超市(小徐世纪嘉苑店)", "经度": 118.023221, "纬度": 36.765554, "地址": "世纪路与海岱大道交叉口南460米", "类型": "购物服务;购物相关场所;购物相关场所", "省": "山东省", "市": "淄博市", "区县": "张店区", "经度_wgs84": 118.022705, "纬度_wgs84": 36.760729, "一级分类": "购物" }, "geometry": { "type": "Point", "coordinates": [ 118.022705, 36.760729 ] } },
{ "type": "Feature", "properties": { "类别": "商超", "名称": "十足便利店(淄博华夏国际店)", "经度": 118.050456, "纬度": 36.803379, "地址": "张店区美食街135号一楼", "类型": "购物服务;便民商店/便利店;便民商店/便利店", "省": "山东省", "市": "淄博市", "区县": "张店区", "经度_wgs84": 118.049824, "纬度_wgs84": 36.798497, "一级分类": "购物" }, "geometry": { "type": "Point", "coordinates": [ 118.049824, 36.798497 ] } },
{ "type": "Feature", "properties": { "类别": "商超", "名称": "十足便利店(黄金总部大厦店)", "经度": 118.031013, "纬度": 36.822144, "地址": "华光路108号", "类型": "购物服务;便民商店/便利店;便民商店/便利店", "省": "山东省", "市": "淄博市", "区县": "张店区", "经度_wgs84": 118.030422, "纬度_wgs84": 36.817299, "一级分类": "购物" }, "geometry": { "type": "Point", "coordinates": [ 118.030422, 36.817299 ] } },
{ "type": "Feature", "properties": { "类别": "商超", "名称": "林华生鲜超市(林溪郡店)", "经度": 118.024066, "纬度": 36.86404, "地址": "林溪郡", "类型": "购物服务;综合市场;农副产品市场", "省": "山东省", "市": "淄博市", "区县": "张店区", "经度_wgs84": 118.023461, "纬度_wgs84": 36.85921, "一级分类": "购物" }, "geometry": { "type": "Point", "coordinates": [ 118.023461, 36.85921 ] } },
{ "type": "Feature", "properties": { "类别": "商超", "名称": "鲜啤福鹿家(淄博八大局店)", "经度": 118.064889, "纬度": 36.80465, "地址": "体育场街道八大局便民市场南门东北侧", "类型": "购物服务;专卖店;烟酒专卖店", "省": "山东省", "市": "淄博市", "区县": "张店区", "经度_wgs84": 118.064224, "纬度_wgs84": 36.799749, "一级分类": "购物" }, "geometry": { "type": "Point", "coordinates": [ 118.064224, 36.799749 ] } },
{ "type": "Feature", "properties": { "类别": "商超", "名称": "团批司令", "经度": 118.03128, "纬度": 36.781482, "地址": "昌国西路29号B12-6号", "类型": "购物服务;购物相关场所;购物相关场所", "省": "山东省", "市": "淄博市", "区县": "张店区", "经度_wgs84": 118.030723, "纬度_wgs84": 36.776638, "一级分类": "购物" }, "geometry": { "type": "Point", "coordinates": [ 118.030723, 36.776638 ] } },
{ "type": "Feature", "properties": { "类别": "商超", "名称": "德好便利店(银领店)", "经度": 118.04957, "纬度": 36.820286, "地址": "华光路79号银领国际6号楼", "类型": "购物服务;便民商店/便利店;便民商店/便利店", "省": "山东省", "市": "淄博市", "区县": "张店区", "经度_wgs84": 118.048925, "纬度_wgs84": 36.815405, "一级分类": "购物" }, "geometry": { "type": "Point", "coordinates": [ 118.048925, 36.815405 ] } },
{ "type": "Feature", "properties": { "类别": "商超", "名称": "可好(蓝钻国际店)", "经度": 118.035244, "纬度": 36.807599, "地址": "共青团西路119号蓝钻国际F1层", "类型": "购物服务;购物相关场所;购物相关场所", "省": "山东省", "市": "淄博市", "区县": "张店区", "经度_wgs84": 118.034652, "纬度_wgs84": 36.802746, "一级分类": "购物" }, "geometry": { "type": "Point", "coordinates": [ 118.034652, 36.802746 ] } },
{ "type": "Feature", "properties": { "类别": "商超", "名称": "惠东生鲜超市(潘南东路店)", "经度": 118.078846, "纬度": 36.811945, "地址": "潘南东路27号西北100米", "类型": "购物服务;购物相关场所;购物相关场所", "省": "山东省", "市": "淄博市", "区县": "张店区", "经度_wgs84": 118.078154, "纬度_wgs84": 36.807033, "一级分类": "购物" }, "geometry": { "type": "Point", "coordinates": [ 118.078154, 36.807033 ] } },
{ "type": "Feature", "properties": { "类别": "商超", "名称": "心联心生活超市(南营双营园店)", "经度": 118.072249, "纬度": 36.850075, "地址": "兰雁大道与华菁园西路交叉口东100米", "类型": "购物服务;超级市场;超市", "省": "山东省", "市": "淄博市", "区县": "张店区", "经度_wgs84": 118.071531, "纬度_wgs84": 36.845166, "一级分类": "购物" }, "geometry": { "type": "Point", "coordinates": [ 118.071531, 36.845166 ] } },
{ "type": "Feature", "properties": { "类别": "商超", "名称": "红梅超市(南营路店)", "经度": 118.065603, "纬度": 36.844766, "地址": "南营小区西南门旁", "类型": "购物服务;便民商店/便利店;便民商店/便利店", "省": "山东省", "市": "淄博市", "区县": "张店区", "经度_wgs84": 118.064901, "纬度_wgs84": 36.839863, "一级分类": "购物" }, "geometry": { "type": "Point", "coordinates": [ 118.064901, 36.839863 ] } },
{ "type": "Feature", "properties": { "类别": "商超", "名称": "广州眼镜直通车超市(理工大店)", "经度": 118.039939, "纬度": 36.80823, "地址": "共青团路88号-甲1号甲2号", "类型": "购物服务;专卖店;眼镜店|购物服务;超级市场;超市", "省": "山东省", "市": "淄博市", "区县": "张店区", "经度_wgs84": 118.039332, "纬度_wgs84": 36.803367, "一级分类": "购物" }, "geometry": { "type": "Point", "coordinates": [ 118.039332, 36.803367 ] } },
{ "type": "Feature", "properties": { "类别": "商超", "名称": "佳居源百货商行(大卫拖把专家)", "经度": 118.021675, "纬度": 36.825075, "地址": "华光路268号义乌小商品城二期三楼东区1618至1623佳居源百货商行大卫拖把专家", "类型": "购物服务;便民商店/便利店;便民商店/便利店", "省": "山东省", "市": "淄博市", "区县": "张店区", "经度_wgs84": 118.021113, "纬度_wgs84": 36.820252, "一级分类": "购物" }, "geometry": { "type": "Point", "coordinates": [ 118.021113, 36.820252 ] } },
{ "type": "Feature", "properties": { "类别": "商超", "名称": "淄博荟锦福超市(三玉店)", "经度": 118.073431, "纬度": 36.87345, "地址": "淄博开发区石桥办事处王东村文化路与赵王路交叉口向西150米路北", "类型": "购物服务;购物相关场所;购物相关场所", "省": "山东省", "市": "淄博市", "区县": "张店区", "经度_wgs84": 118.072691, "纬度_wgs84": 36.868539, "一级分类": "购物" }, "geometry": { "type": "Point", "coordinates": [ 118.072691, 36.868539 ] } },
{ "type": "Feature", "properties": { "类别": "商超", "名称": "银泉烟酒超市", "经度": 118.083946, "纬度": 36.79771, "地址": "淄博西张五金机电城A座115号", "类型": "购物服务;专卖店;烟酒专卖店", "省": "山东省", "市": "淄博市", "区县": "张店区", "经度_wgs84": 118.083262, "纬度_wgs84": 36.792797, "一级分类": "购物" }, "geometry": { "type": "Point", "coordinates": [ 118.083262, 36.792797 ] } },
{ "type": "Feature", "properties": { "类别": "商超", "名称": "嘉汇生活(百合店)", "经度": 117.992319, "纬度": 36.847562, "地址": "房镇镇北北京路77号百合花园桂花园8号楼1层105铺", "类型": "购物服务;便民商店/便利店;便民商店/便利店", "省": "山东省", "市": "淄博市", "区县": "张店区", "经度_wgs84": 117.991846, "纬度_wgs84": 36.842813, "一级分类": "购物" }, "geometry": { "type": "Point", "coordinates": [ 117.991846, 36.842813 ] } },
{ "type": "Feature", "properties": { "类别": "商超", "名称": "7-ELEVEn(山东理工大学店)", "经度": 118.001642, "纬度": 36.813754, "地址": "绿岛东路与绿岛西路交叉口东160米", "类型": "购物服务;购物相关场所;购物相关场所", "省": "山东省", "市": "淄博市", "区县": "张店区", "经度_wgs84": 118.001164, "纬度_wgs84": 36.808982, "一级分类": "购物" }, "geometry": { "type": "Point", "coordinates": [ 118.001164, 36.808982 ] } },
{ "type": "Feature", "properties": { "类别": "商超", "名称": "华城惠家精品生鲜超市", "经度": 118.033552, "纬度": 36.865286, "地址": "张店区高新区四宝山街道南石社区南区北门西侧24号楼沿街商铺东侧一楼", "类型": "购物服务;购物相关场所;购物相关场所", "省": "山东省", "市": "淄博市", "区县": "张店区", "经度_wgs84": 118.032914, "纬度_wgs84": 36.860434, "一级分类": "购物" }, "geometry": { "type": "Point", "coordinates": [ 118.032914, 36.860434 ] } },
{ "type": "Feature", "properties": { "类别": "商超", "名称": "快享便利(九级村委会店)", "经度": 118.022084, "纬度": 36.818642, "地址": "马尚镇九级村综合楼沿街房一层1-3号", "类型": "购物服务;便民商店/便利店;便民商店/便利店", "省": "山东省", "市": "淄博市", "区县": "张店区", "经度_wgs84": 118.021526, "纬度_wgs84": 36.813818, "一级分类": "购物" }, "geometry": { "type": "Point", "coordinates": [ 118.021526, 36.813818 ] } },
{ "type": "Feature", "properties": { "类别": "商超", "名称": "一点利水果蔬菜超市(龙凤苑店)", "经度": 118.007911, "纬度": 36.831701, "地址": "龙喜花苑南区东门西北70米", "类型": "购物服务;超级市场;超市", "省": "山东省", "市": "淄博市", "区县": "张店区", "经度_wgs84": 118.007394, "纬度_wgs84": 36.826912, "一级分类": "购物" }, "geometry": { "type": "Point", "coordinates": [ 118.007394, 36.826912 ] } },
{ "type": "Feature", "properties": { "类别": "商超", "名称": "友客便利(火炬广场店)", "经度": 118.055868, "纬度": 36.840399, "地址": "万杰路102号火炬花园5号楼1-2层101网点", "类型": "购物服务;便民商店/便利店;便民商店/便利店", "省": "山东省", "市": "淄博市", "区县": "张店区", "经度_wgs84": 118.05519, "纬度_wgs84": 36.835508, "一级分类": "购物" }, "geometry": { "type": "Point", "coordinates": [ 118.05519, 36.835508 ] } },
{ "type": "Feature", "properties": { "类别": "商超", "名称": "可好便利(水晶街店)", "经度": 118.003766, "纬度": 36.816332, "地址": "马尚街道人民西路与重庆路交汇处水晶街项目F座1层05号铺", "类型": "购物服务;便民商店/便利店;便民商店/便利店", "省": "山东省", "市": "淄博市", "区县": "张店区", "经度_wgs84": 118.003278, "纬度_wgs84": 36.811555, "一级分类": "购物" }, "geometry": { "type": "Point", "coordinates": [ 118.003278, 36.811555 ] } },
{ "type": "Feature", "properties": { "类别": "商超", "名称": "联民超市(东方公寓店)", "经度": 118.054563, "纬度": 36.797537, "地址": "西二路68-15号", "类型": "购物服务;便民商店/便利店;便民商店/便利店", "省": "山东省", "市": "淄博市", "区县": "张店区", "经度_wgs84": 118.053926, "纬度_wgs84": 36.792649, "一级分类": "购物" }, "geometry": { "type": "Point", "coordinates": [ 118.053926, 36.792649 ] } },
{ "type": "Feature", "properties": { "类别": "商超", "名称": "惠泽超市(豪庭店)", "经度": 118.020449, "纬度": 36.828608, "地址": "九级便民市场", "类型": "购物服务;超级市场;超市", "省": "山东省", "市": "淄博市", "区县": "张店区", "经度_wgs84": 118.019888, "纬度_wgs84": 36.823788, "一级分类": "购物" }, "geometry": { "type": "Point", "coordinates": [ 118.019888, 36.823788 ] } },
{ "type": "Feature", "properties": { "类别": "商超", "名称": "大商超市(理工大学店)", "经度": 118.006325, "纬度": 36.811225, "地址": "张周路12号(理工大学内)", "类型": "购物服务;超级市场;超市", "省": "山东省", "市": "淄博市", "区县": "张店区", "经度_wgs84": 118.005832, "纬度_wgs84": 36.806441, "一级分类": "购物" }, "geometry": { "type": "Point", "coordinates": [ 118.005832, 36.806441 ] } },
{ "type": "Feature", "properties": { "类别": "商超", "名称": "惠泽超市(义乌路店)", "经度": 118.018568, "纬度": 36.824045, "地址": "义乌商城街红糖果北邻", "类型": "购物服务;便民商店/便利店;便民商店/便利店", "省": "山东省", "市": "淄博市", "区县": "张店区", "经度_wgs84": 118.018018, "纬度_wgs84": 36.81923, "一级分类": "购物" }, "geometry": { "type": "Point", "coordinates": [ 118.018018, 36.81923 ] } },
{ "type": "Feature", "properties": { "类别": "商超", "名称": "合欢生活超市", "经度": 118.029782, "纬度": 36.814032, "地址": "人民西路55-8号", "类型": "购物服务;便民商店/便利店;便民商店/便利店|购物服务;超级市场;超市", "省": "山东省", "市": "淄博市", "区县": "张店区", "经度_wgs84": 118.029202, "纬度_wgs84": 36.80919, "一级分类": "购物" }, "geometry": { "type": "Point", "coordinates": [ 118.029202, 36.80919 ] } },
{ "type": "Feature", "properties": { "类别": "商超", "名称": "橙子便利(云龙国际店)", "经度": 118.063204, "纬度": 36.81918, "地址": "华光路28号甲3号云龙国际B座F1层", "类型": "购物服务;购物相关场所;购物相关场所", "省": "山东省", "市": "淄博市", "区县": "张店区", "经度_wgs84": 118.062529, "纬度_wgs84": 36.81428, "一级分类": "购物" }, "geometry": { "type": "Point", "coordinates": [ 118.062529, 36.81428 ] } },
{ "type": "Feature", "properties": { "类别": "商超", "名称": "锅圈食汇(明清街店)", "经度": 118.044075, "纬度": 36.833875, "地址": "科苑街道办事处张桓路36号17甲营业房", "类型": "购物服务;综合市场;农副产品市场", "省": "山东省", "市": "淄博市", "区县": "张店区", "经度_wgs84": 118.043433, "纬度_wgs84": 36.829003, "一级分类": "购物" }, "geometry": { "type": "Point", "coordinates": [ 118.043433, 36.829003 ] } },
{ "type": "Feature", "properties": { "类别": "商超", "名称": "顺风二手电动车超市(顺风车行)", "经度": 118.060509, "纬度": 36.807296, "地址": "金晶大道189号华润中央公园3期北沿街商铺179号甲20号", "类型": "购物服务;专卖店;自行车专卖店", "省": "山东省", "市": "淄博市", "区县": "张店区", "经度_wgs84": 118.05985, "纬度_wgs84": 36.8024, "一级分类": "购物" }, "geometry": { "type": "Point", "coordinates": [ 118.05985, 36.8024 ] } },
{ "type": "Feature", "properties": { "类别": "商超", "名称": "宜家超市(魏北路店)", "经度": 118.060935, "纬度": 36.832623, "地址": "魏家路与魏家路西一巷交叉口东南40米", "类型": "购物服务;便民商店/便利店;便民商店/便利店|购物服务;超级市场;超市", "省": "山东省", "市": "淄博市", "区县": "张店区", "经度_wgs84": 118.060253, "纬度_wgs84": 36.827725, "一级分类": "购物" }, "geometry": { "type": "Point", "coordinates": [ 118.060253, 36.827725 ] } },
{ "type": "Feature", "properties": { "类别": "商超", "名称": "可好便利店(恒大帝景1号公寓楼店)", "经度": 118.017329, "纬度": 36.808758, "地址": "共青团西路237号", "类型": "购物服务;便民商店/便利店;便民商店/便利店", "省": "山东省", "市": "淄博市", "区县": "张店区", "经度_wgs84": 118.016797, "纬度_wgs84": 36.803946, "一级分类": "购物" }, "geometry": { "type": "Point", "coordinates": [ 118.016797, 36.803946 ] } },
{ "type": "Feature", "properties": { "类别": "商超", "名称": "乐爱购折扣生鲜超市(魏家庄店)", "经度": 118.068058, "纬度": 36.831553, "地址": "四宝山街道办事处金晶大道北首253号-4号商铺西大厅", "类型": "购物服务;超级市场;超市", "省": "山东省", "市": "淄博市", "区县": "张店区", "经度_wgs84": 118.067364, "纬度_wgs84": 36.826648, "一级分类": "购物" }, "geometry": { "type": "Point", "coordinates": [ 118.067364, 36.826648 ] } },
{ "type": "Feature", "properties": { "类别": "商超", "名称": "可好(翡丽公馆061738店)", "经度": 117.967263, "纬度": 36.823979, "地址": "济南路碧桂园翡丽公馆1号商业楼102", "类型": "购物服务;便民商店/便利店;便民商店/便利店", "省": "山东省", "市": "淄博市", "区县": "张店区", "经度_wgs84": 117.9669, "纬度_wgs84": 36.819292, "一级分类": "购物" }, "geometry": { "type": "Point", "coordinates": [ 117.9669, 36.819292 ] } },
{ "type": "Feature", "properties": { "类别": "商超", "名称": "锅圈食汇(王舍荣悦城店)", "经度": 118.040274, "纬度": 36.787444, "地址": "车站街道南西四路王舍荣悦城88甲10号商铺", "类型": "购物服务;综合市场;农副产品市场", "省": "山东省", "市": "淄博市", "区县": "张店区", "经度_wgs84": 118.039684, "纬度_wgs84": 36.782581, "一级分类": "购物" }, "geometry": { "type": "Point", "coordinates": [ 118.039684, 36.782581 ] } },
{ "type": "Feature", "properties": { "类别": "商超", "名称": "淄博德熙超市(南苑绿洲店)", "经度": 118.023315, "纬度": 36.765554, "地址": "南苑绿洲小区西门东侧路北16-17-18号房沿街房", "类型": "购物服务;购物相关场所;购物相关场所", "省": "山东省", "市": "淄博市", "区县": "张店区", "经度_wgs84": 118.022799, "纬度_wgs84": 36.760729, "一级分类": "购物" }, "geometry": { "type": "Point", "coordinates": [ 118.022799, 36.760729 ] } },
{ "type": "Feature", "properties": { "类别": "商超", "名称": "得邻超市(儿童公园店)", "经度": 118.069694, "纬度": 36.799871, "地址": "东二路24号百盛商城26-2号", "类型": "购物服务;超级市场;超市|购物服务;便民商店/便利店;便民商店/便利店", "省": "山东省", "市": "淄博市", "区县": "张店区", "经度_wgs84": 118.069025, "纬度_wgs84": 36.794965, "一级分类": "购物" }, "geometry": { "type": "Point", "coordinates": [ 118.069025, 36.794965 ] } },
{ "type": "Feature", "properties": { "类别": "商超", "名称": "李铁食品(石村店)", "经度": 118.003124, "纬度": 36.821273, "地址": "石村便民市场东南门旁", "类型": "购物服务;购物相关场所;购物相关场所", "省": "山东省", "市": "淄博市", "区县": "张店区", "经度_wgs84": 118.002634, "纬度_wgs84": 36.816497, "一级分类": "购物" }, "geometry": { "type": "Point", "coordinates": [ 118.002634, 36.816497 ] } },
{ "type": "Feature", "properties": { "类别": "商超", "名称": "好又多超市(东方星城店)", "经度": 118.068649, "纬度": 36.821823, "地址": "东方星城樱花园2号楼8室", "类型": "购物服务;便民商店/便利店;便民商店/便利店|购物服务;超级市场;超市", "省": "山东省", "市": "淄博市", "区县": "张店区", "经度_wgs84": 118.067962, "纬度_wgs84": 36.816918, "一级分类": "购物" }, "geometry": { "type": "Point", "coordinates": [ 118.067962, 36.816918 ] } },
{ "type": "Feature", "properties": { "类别": "商超", "名称": "双汇鲜万家(唐家山路店)", "经度": 118.015275, "纬度": 36.775575, "地址": "城南壹号北门西80米", "类型": "购物服务;超级市场;超市", "省": "山东省", "市": "淄博市", "区县": "张店区", "经度_wgs84": 118.014779, "纬度_wgs84": 36.770769, "一级分类": "购物" }, "geometry": { "type": "Point", "coordinates": [ 118.014779, 36.770769 ] } },
{ "type": "Feature", "properties": { "类别": "商超", "名称": "宜品生鲜(丰泰路店)", "经度": 118.000687, "纬度": 36.835179, "地址": "龙泰国际营业房13-9", "类型": "购物服务;综合市场;农副产品市场", "省": "山东省", "市": "淄博市", "区县": "张店区", "经度_wgs84": 118.000194, "纬度_wgs84": 36.830409, "一级分类": "购物" }, "geometry": { "type": "Point", "coordinates": [ 118.000194, 36.830409 ] } },
{ "type": "Feature", "properties": { "类别": "商超", "名称": "客来CC便利店", "经度": 118.044109, "纬度": 36.832959, "地址": "科苑街道办事处张桓路36甲1号1楼", "类型": "购物服务;便民商店/便利店;便民商店/便利店", "省": "山东省", "市": "淄博市", "区县": "张店区", "经度_wgs84": 118.043468, "纬度_wgs84": 36.828087, "一级分类": "购物" }, "geometry": { "type": "Point", "coordinates": [ 118.043468, 36.828087 ] } },
{ "type": "Feature", "properties": { "类别": "商超", "名称": "眼镜直通车(王府井店)", "经度": 118.051524, "纬度": 36.806029, "地址": "公园街道共青团西路57号淄博王府井广场AB幢57-1号二楼", "类型": "购物服务;专卖店;眼镜店", "省": "山东省", "市": "淄博市", "区县": "张店区", "经度_wgs84": 118.050887, "纬度_wgs84": 36.801145, "一级分类": "购物" }, "geometry": { "type": "Point", "coordinates": [ 118.050887, 36.801145 ] } },
{ "type": "Feature", "properties": { "类别": "商超", "名称": "宏程百货批发经营部", "经度": 118.0757, "纬度": 36.83228, "地址": "中润大道136号", "类型": "购物服务;便民商店/便利店;便民商店/便利店", "省": "山东省", "市": "淄博市", "区县": "张店区", "经度_wgs84": 118.074994, "纬度_wgs84": 36.827369, "一级分类": "购物" }, "geometry": { "type": "Point", "coordinates": [ 118.074994, 36.827369 ] } },
{ "type": "Feature", "properties": { "类别": "商超", "名称": "鑫诺佳超市", "经度": 118.188617, "纬度": 36.84749, "地址": "中埠镇鑫诺佳超市", "类型": "购物服务;超级市场;超市", "省": "山东省", "市": "淄博市", "区县": "张店区", "经度_wgs84": 118.188032, "纬度_wgs84": 36.842735, "一级分类": "购物" }, "geometry": { "type": "Point", "coordinates": [ 118.188032, 36.842735 ] } },
{ "type": "Feature", "properties": { "类别": "商超", "名称": "欣荣超市(海岱大道店)", "经度": 118.0543, "纬度": 36.766162, "地址": "南定镇夏庄小区一号楼和三号楼之间", "类型": "购物服务;便民商店/便利店;便民商店/便利店", "省": "山东省", "市": "淄博市", "区县": "张店区", "经度_wgs84": 118.05369, "纬度_wgs84": 36.761275, "一级分类": "购物" }, "geometry": { "type": "Point", "coordinates": [ 118.05369, 36.761275 ] } },
{ "type": "Feature", "properties": { "类别": "商超", "名称": "积美便利店", "经度": 117.979723, "纬度": 36.841863, "地址": "齐盛湖西积美路43号", "类型": "购物服务;便民商店/便利店;便民商店/便利店", "省": "山东省", "市": "淄博市", "区县": "张店区", "经度_wgs84": 117.979302, "纬度_wgs84": 36.837147, "一级分类": "购物" }, "geometry": { "type": "Point", "coordinates": [ 117.979302, 36.837147 ] } },
{ "type": "Feature", "properties": { "类别": "商超", "名称": "聪小度生鲜团购批发仓", "经度": 117.99376, "纬度": 36.79932, "地址": "马尚街道办事处和平路169甲1一层", "类型": "购物服务;综合市场;农副产品市场", "省": "山东省", "市": "淄博市", "区县": "张店区", "经度_wgs84": 117.993324, "纬度_wgs84": 36.794569, "一级分类": "购物" }, "geometry": { "type": "Point", "coordinates": [ 117.993324, 36.794569 ] } },
{ "type": "Feature", "properties": { "类别": "商超", "名称": "可好便利店(华侨大厦店)", "经度": 117.992876, "纬度": 36.819887, "地址": "北京路华侨大厦8号商铺", "类型": "购物服务;便民商店/便利店;便民商店/便利店", "省": "山东省", "市": "淄博市", "区县": "张店区", "经度_wgs84": 117.992426, "纬度_wgs84": 36.815138, "一级分类": "购物" }, "geometry": { "type": "Point", "coordinates": [ 117.992426, 36.815138 ] } },
{ "type": "Feature", "properties": { "类别": "商超", "名称": "齐耀水果超市(金晶大道店)", "经度": 118.061075, "纬度": 36.807875, "地址": "齐耀花园187号甲9号", "类型": "购物服务;综合市场;果品市场", "省": "山东省", "市": "淄博市", "区县": "张店区", "经度_wgs84": 118.060414, "纬度_wgs84": 36.802978, "一级分类": "购物" }, "geometry": { "type": "Point", "coordinates": [ 118.060414, 36.802978 ] } },
{ "type": "Feature", "properties": { "类别": "商超", "名称": "如果便利店(金桥商务中心店)", "经度": 118.073859, "纬度": 36.817439, "地址": "华光路10号甲16号金桥商务中心F1层", "类型": "购物服务;超级市场;超市", "省": "山东省", "市": "淄博市", "区县": "张店区", "经度_wgs84": 118.073168, "纬度_wgs84": 36.81253, "一级分类": "购物" }, "geometry": { "type": "Point", "coordinates": [ 118.073168, 36.81253 ] } },
{ "type": "Feature", "properties": { "类别": "商超", "名称": "红吉超市(万象汇店)", "经度": 118.07132, "纬度": 36.799298, "地址": "东二路百盛商城22-27号", "类型": "购物服务;便民商店/便利店;便民商店/便利店", "省": "山东省", "市": "淄博市", "区县": "张店区", "经度_wgs84": 118.070649, "纬度_wgs84": 36.794391, "一级分类": "购物" }, "geometry": { "type": "Point", "coordinates": [ 118.070649, 36.794391 ] } },
{ "type": "Feature", "properties": { "类别": "商超", "名称": "可好便利店(齐悦国际花园店)", "经度": 117.981602, "纬度": 36.81151, "地址": "创业·齐悦国际花园2期东北门旁", "类型": "购物服务;便民商店/便利店;便民商店/便利店", "省": "山东省", "市": "淄博市", "区县": "张店区", "经度_wgs84": 117.981201, "纬度_wgs84": 36.80679, "一级分类": "购物" }, "geometry": { "type": "Point", "coordinates": [ 117.981201, 36.80679 ] } },
{ "type": "Feature", "properties": { "类别": "商超", "名称": "惠宜选MAX超市(世纪路店)", "经度": 118.031425, "纬度": 36.809325, "地址": "公园街道办事处北西六路1号中关村科技城地下一层52号", "类型": "购物服务;便民商店/便利店;便民商店/便利店|购物服务;超级市场;超市", "省": "山东省", "市": "淄博市", "区县": "张店区", "经度_wgs84": 118.030844, "纬度_wgs84": 36.80448, "一级分类": "购物" }, "geometry": { "type": "Point", "coordinates": [ 118.030844, 36.80448 ] } },
{ "type": "Feature", "properties": { "类别": "商超", "名称": "天宇茶叶平价超市(恒泰商城店)", "经度": 118.048541, "纬度": 36.821123, "地址": "华光路恒泰商城68号甲8号", "类型": "购物服务;专卖店;专营店", "省": "山东省", "市": "淄博市", "区县": "张店区", "经度_wgs84": 118.047898, "纬度_wgs84": 36.816244, "一级分类": "购物" }, "geometry": { "type": "Point", "coordinates": [ 118.047898, 36.816244 ] } },
{ "type": "Feature", "properties": { "类别": "商超", "名称": "三和超市(西二路店)", "经度": 118.056007, "纬度": 36.810718, "地址": "西二路255-3号金穗家园", "类型": "购物服务;便民商店/便利店;便民商店/便利店", "省": "山东省", "市": "淄博市", "区县": "张店区", "经度_wgs84": 118.055355, "纬度_wgs84": 36.805828, "一级分类": "购物" }, "geometry": { "type": "Point", "coordinates": [ 118.055355, 36.805828 ] } },
{ "type": "Feature", "properties": { "类别": "商超", "名称": "铠玮果蔬便利店", "经度": 118.056294, "纬度": 36.810286, "地址": "西二路216号甲3号", "类型": "购物服务;便民商店/便利店;便民商店/便利店", "省": "山东省", "市": "淄博市", "区县": "张店区", "经度_wgs84": 118.055642, "纬度_wgs84": 36.805395, "一级分类": "购物" }, "geometry": { "type": "Point", "coordinates": [ 118.055642, 36.805395 ] } },
{ "type": "Feature", "properties": { "类别": "商超", "名称": "转角遇到便利店(张辛小区店)", "经度": 118.058946, "纬度": 36.810534, "地址": "张辛小区12号楼东门南60米", "类型": "购物服务;便民商店/便利店;便民商店/便利店", "省": "山东省", "市": "淄博市", "区县": "张店区", "经度_wgs84": 118.058288, "纬度_wgs84": 36.80564, "一级分类": "购物" }, "geometry": { "type": "Point", "coordinates": [ 118.058288, 36.80564 ] } },
{ "type": "Feature", "properties": { "类别": "商超", "名称": "德好便利店(新元店)", "经度": 118.052574, "纬度": 36.819206, "地址": "科苑街道柳泉路57号新元学校对面", "类型": "购物服务;便民商店/便利店;便民商店/便利店", "省": "山东省", "市": "淄博市", "区县": "张店区", "经度_wgs84": 118.051923, "纬度_wgs84": 36.81432, "一级分类": "购物" }, "geometry": { "type": "Point", "coordinates": [ 118.051923, 36.81432 ] } },
{ "type": "Feature", "properties": { "类别": "商超", "名称": "麦便利(银领国际店)", "经度": 118.051026, "纬度": 36.818898, "地址": "柳泉路西三巷4-6号", "类型": "购物服务;便民商店/便利店;便民商店/便利店", "省": "山东省", "市": "淄博市", "区县": "张店区", "经度_wgs84": 118.050379, "纬度_wgs84": 36.814015, "一级分类": "购物" }, "geometry": { "type": "Point", "coordinates": [ 118.050379, 36.814015 ] } },
{ "type": "Feature", "properties": { "类别": "商超", "名称": "易捷便利店(张店第15加油站)", "经度": 118.054636, "纬度": 36.819888, "地址": "华光路71号中国石化华光路广电大厦加油站(淄博高新15)", "类型": "购物服务;便民商店/便利店;便民商店/便利店", "省": "山东省", "市": "淄博市", "区县": "张店区", "经度_wgs84": 118.053979, "纬度_wgs84": 36.814999, "一级分类": "购物" }, "geometry": { "type": "Point", "coordinates": [ 118.053979, 36.814999 ] } },
{ "type": "Feature", "properties": { "类别": "商超", "名称": "百兴便利店", "经度": 118.051742, "纬度": 36.808196, "地址": "淄博市中心医院北1门旁", "类型": "购物服务;便民商店/便利店;便民商店/便利店", "省": "山东省", "市": "淄博市", "区县": "张店区", "经度_wgs84": 118.051102, "纬度_wgs84": 36.803312, "一级分类": "购物" }, "geometry": { "type": "Point", "coordinates": [ 118.051102, 36.803312 ] } },
{ "type": "Feature", "properties": { "类别": "商超", "名称": "原新超市", "经度": 118.052971, "纬度": 36.818111, "地址": "柳泉路218甲", "类型": "购物服务;便民商店/便利店;便民商店/便利店", "省": "山东省", "市": "淄博市", "区县": "张店区", "经度_wgs84": 118.05232, "纬度_wgs84": 36.813225, "一级分类": "购物" }, "geometry": { "type": "Point", "coordinates": [ 118.05232, 36.813225 ] } },
{ "type": "Feature", "properties": { "类别": "商超", "名称": "友客便利店(西二路中心医院店)", "经度": 118.055702, "纬度": 36.807388, "地址": "滨州医学院淄博教学基地东门旁", "类型": "购物服务;便民商店/便利店;便民商店/便利店", "省": "山东省", "市": "淄博市", "区县": "张店区", "经度_wgs84": 118.055054, "纬度_wgs84": 36.802498, "一级分类": "购物" }, "geometry": { "type": "Point", "coordinates": [ 118.055054, 36.802498 ] } },
{ "type": "Feature", "properties": { "类别": "商超", "名称": "铖霖超市", "经度": 118.062126, "纬度": 36.810699, "地址": "华润中央公园东门旁", "类型": "购物服务;便民商店/便利店;便民商店/便利店", "省": "山东省", "市": "淄博市", "区县": "张店区", "经度_wgs84": 118.061461, "纬度_wgs84": 36.805801, "一级分类": "购物" }, "geometry": { "type": "Point", "coordinates": [ 118.061461, 36.805801 ] } },
{ "type": "Feature", "properties": { "类别": "商超", "名称": "小麦便利店", "经度": 118.063063, "纬度": 36.813493, "地址": "金晶大道与潘南东路交叉口西南160米", "类型": "购物服务;便民商店/便利店;便民商店/便利店", "省": "山东省", "市": "淄博市", "区县": "张店区", "经度_wgs84": 118.062394, "纬度_wgs84": 36.808593, "一级分类": "购物" }, "geometry": { "type": "Point", "coordinates": [ 118.062394, 36.808593 ] } },
{ "type": "Feature", "properties": { "类别": "商超", "名称": "金通便利店", "经度": 118.061688, "纬度": 36.809688, "地址": "金晶大道187号甲40号", "类型": "购物服务;便民商店/便利店;便民商店/便利店", "省": "山东省", "市": "淄博市", "区县": "张店区", "经度_wgs84": 118.061025, "纬度_wgs84": 36.80479, "一级分类": "购物" }, "geometry": { "type": "Point", "coordinates": [ 118.061025, 36.80479 ] } },
{ "type": "Feature", "properties": { "类别": "商超", "名称": "乐点超市", "经度": 118.061125, "纬度": 36.811322, "地址": "人民西路一甲八号", "类型": "购物服务;便民商店/便利店;便民商店/便利店|购物服务;超级市场;超市", "省": "山东省", "市": "淄博市", "区县": "张店区", "经度_wgs84": 118.060461, "纬度_wgs84": 36.806425, "一级分类": "购物" }, "geometry": { "type": "Point", "coordinates": [ 118.060461, 36.806425 ] } },
{ "type": "Feature", "properties": { "类别": "商超", "名称": "誉江山菊梓便利店", "经度": 118.061575, "纬度": 36.809275, "地址": "公园街道办事处金晶大道187甲35号一层", "类型": "购物服务;便民商店/便利店;便民商店/便利店", "省": "山东省", "市": "淄博市", "区县": "张店区", "经度_wgs84": 118.060912, "纬度_wgs84": 36.804377, "一级分类": "购物" }, "geometry": { "type": "Point", "coordinates": [ 118.060912, 36.804377 ] } },
{ "type": "Feature", "properties": { "类别": "商超", "名称": "便民超市(西二路西六巷店)", "经度": 118.052581, "纬度": 36.807254, "地址": "共青团西路辅路与王府井时尚街交叉口北120米", "类型": "购物服务;便民商店/便利店;便民商店/便利店", "省": "山东省", "市": "淄博市", "区县": "张店区", "经度_wgs84": 118.05194, "纬度_wgs84": 36.802369, "一级分类": "购物" }, "geometry": { "type": "Point", "coordinates": [ 118.05194, 36.802369 ] } },
{ "type": "Feature", "properties": { "类别": "商超", "名称": "可好便利(八大局不夜城060031店)", "经度": 118.062212, "纬度": 36.809139, "地址": "人民东路6号八大局便民市场", "类型": "购物服务;便民商店/便利店;便民商店/便利店", "省": "山东省", "市": "淄博市", "区县": "张店区", "经度_wgs84": 118.061548, "纬度_wgs84": 36.804241, "一级分类": "购物" }, "geometry": { "type": "Point", "coordinates": [ 118.061548, 36.804241 ] } },
{ "type": "Feature", "properties": { "类别": "商超", "名称": "辰喜便利店", "经度": 118.06129, "纬度": 36.808421, "地址": "齐耀花园东1门西南170米", "类型": "购物服务;便民商店/便利店;便民商店/便利店", "省": "山东省", "市": "淄博市", "区县": "张店区", "经度_wgs84": 118.060629, "纬度_wgs84": 36.803524, "一级分类": "购物" }, "geometry": { "type": "Point", "coordinates": [ 118.060629, 36.803524 ] } },
{ "type": "Feature", "properties": { "类别": "商超", "名称": "达达便利店(华润中央公园店)", "经度": 118.060273, "纬度": 36.807361, "地址": "中心路177号西北方向120米华润·中央公园三期", "类型": "购物服务;便民商店/便利店;便民商店/便利店", "省": "山东省", "市": "淄博市", "区县": "张店区", "经度_wgs84": 118.059615, "纬度_wgs84": 36.802465, "一级分类": "购物" }, "geometry": { "type": "Point", "coordinates": [ 118.059615, 36.802465 ] } },
{ "type": "Feature", "properties": { "类别": "商超", "名称": "可好便利店(中心医院1719店)", "经度": 118.051838, "纬度": 36.806603, "地址": "共青团西路54号中心医院西侧", "类型": "购物服务;便民商店/便利店;便民商店/便利店", "省": "山东省", "市": "淄博市", "区县": "张店区", "经度_wgs84": 118.0512, "纬度_wgs84": 36.801719, "一级分类": "购物" }, "geometry": { "type": "Point", "coordinates": [ 118.0512, 36.801719 ] } },
{ "type": "Feature", "properties": { "类别": "商超", "名称": "富余达优选", "经度": 118.050219, "纬度": 36.818839, "地址": "柳泉路西三巷金世界商城1号楼飞象优选淄博001店", "类型": "购物服务;便民商店/便利店;便民商店/便利店", "省": "山东省", "市": "淄博市", "区县": "张店区", "经度_wgs84": 118.049574, "纬度_wgs84": 36.813957, "一级分类": "购物" }, "geometry": { "type": "Point", "coordinates": [ 118.049574, 36.813957 ] } },
{ "type": "Feature", "properties": { "类别": "商超", "名称": "慧元惠选", "经度": 118.049553, "纬度": 36.815785, "地址": "天府明珠东南门西南80米", "类型": "购物服务;便民商店/便利店;便民商店/便利店", "省": "山东省", "市": "淄博市", "区县": "张店区", "经度_wgs84": 118.048912, "纬度_wgs84": 36.810904, "一级分类": "购物" }, "geometry": { "type": "Point", "coordinates": [ 118.048912, 36.810904 ] } },
{ "type": "Feature", "properties": { "类别": "商超", "名称": "辰星便利店(中央公园店)", "经度": 118.060915, "纬度": 36.807093, "地址": "金晶大道179号甲14号", "类型": "购物服务;便民商店/便利店;便民商店/便利店", "省": "山东省", "市": "淄博市", "区县": "张店区", "经度_wgs84": 118.060255, "纬度_wgs84": 36.802196, "一级分类": "购物" }, "geometry": { "type": "Point", "coordinates": [ 118.060255, 36.802196 ] } },
{ "type": "Feature", "properties": { "类别": "商超", "名称": "小满便利店", "经度": 118.063076, "纬度": 36.81354, "地址": "金晶大道与潘南西路交叉口西南160米", "类型": "购物服务;便民商店/便利店;便民商店/便利店", "省": "山东省", "市": "淄博市", "区县": "张店区", "经度_wgs84": 118.062406, "纬度_wgs84": 36.80864, "一级分类": "购物" }, "geometry": { "type": "Point", "coordinates": [ 118.062406, 36.80864 ] } },
{ "type": "Feature", "properties": { "类别": "商超", "名称": "友客便利店(共青团西路王府井店)", "经度": 118.052475, "纬度": 36.805875, "地址": "共青团西路48-58号", "类型": "购物服务;便民商店/便利店;便民商店/便利店", "省": "山东省", "市": "淄博市", "区县": "张店区", "经度_wgs84": 118.051836, "纬度_wgs84": 36.80099, "一级分类": "购物" }, "geometry": { "type": "Point", "coordinates": [ 118.051836, 36.80099 ] } },
{ "type": "Feature", "properties": { "类别": "商超", "名称": "快享便利(中央公园店)", "经度": 118.060843, "纬度": 36.806841, "地址": "金晶大道179号甲8号", "类型": "购物服务;便民商店/便利店;便民商店/便利店", "省": "山东省", "市": "淄博市", "区县": "张店区", "经度_wgs84": 118.060184, "纬度_wgs84": 36.801944, "一级分类": "购物" }, "geometry": { "type": "Point", "coordinates": [ 118.060184, 36.801944 ] } },
{ "type": "Feature", "properties": { "类别": "商超", "名称": "德好便利(齐耀店)", "经度": 118.060069, "纬度": 36.807706, "地址": "齐耀花园南门旁", "类型": "购物服务;便民商店/便利店;便民商店/便利店", "省": "山东省", "市": "淄博市", "区县": "张店区", "经度_wgs84": 118.059411, "纬度_wgs84": 36.80281, "一级分类": "购物" }, "geometry": { "type": "Point", "coordinates": [ 118.059411, 36.80281 ] } },
{ "type": "Feature", "properties": { "类别": "商超", "名称": "友客便利(金晶大道店)", "经度": 118.061714, "纬度": 36.807261, "地址": "金晶大道和东一街路口", "类型": "购物服务;便民商店/便利店;便民商店/便利店", "省": "山东省", "市": "淄博市", "区县": "张店区", "经度_wgs84": 118.061053, "纬度_wgs84": 36.802363, "一级分类": "购物" }, "geometry": { "type": "Point", "coordinates": [ 118.061053, 36.802363 ] } },
{ "type": "Feature", "properties": { "类别": "商超", "名称": "军民便利店(金晶大道店)", "经度": 118.062694, "纬度": 36.812551, "地址": "金晶大道148号大红门酒店门口", "类型": "购物服务;便民商店/便利店;便民商店/便利店", "省": "山东省", "市": "淄博市", "区县": "张店区", "经度_wgs84": 118.062026, "纬度_wgs84": 36.807652, "一级分类": "购物" }, "geometry": { "type": "Point", "coordinates": [ 118.062026, 36.807652 ] } },
{ "type": "Feature", "properties": { "类别": "商超", "名称": "张店笑笑团商贸(柳泉路店)", "经度": 118.050028, "纬度": 36.818828, "地址": "柳泉路西三巷42号", "类型": "购物服务;专卖店;专营店", "省": "山东省", "市": "淄博市", "区县": "张店区", "经度_wgs84": 118.049383, "纬度_wgs84": 36.813946, "一级分类": "购物" }, "geometry": { "type": "Point", "coordinates": [ 118.049383, 36.813946 ] } },
{ "type": "Feature", "properties": { "类别": "商超", "名称": "伟航超市", "经度": 118.04481, "纬度": 36.816259, "地址": "市委西一巷与人民西路交叉口北220米", "类型": "购物服务;便民商店/便利店;便民商店/便利店", "省": "山东省", "市": "淄博市", "区县": "张店区", "经度_wgs84": 118.044182, "纬度_wgs84": 36.811386, "一级分类": "购物" }, "geometry": { "type": "Point", "coordinates": [ 118.044182, 36.811386 ] } },
{ "type": "Feature", "properties": { "类别": "商超", "名称": "天源超市", "经度": 118.060541, "纬度": 36.820335, "地址": "潘庄东一巷11号", "类型": "购物服务;便民商店/便利店;便民商店/便利店", "省": "山东省", "市": "淄博市", "区县": "张店区", "经度_wgs84": 118.059871, "纬度_wgs84": 36.815438, "一级分类": "购物" }, "geometry": { "type": "Point", "coordinates": [ 118.059871, 36.815438 ] } },
{ "type": "Feature", "properties": { "类别": "商超", "名称": "冠群超市", "经度": 118.048732, "纬度": 36.814261, "地址": "人民西路16号院", "类型": "购物服务;便民商店/便利店;便民商店/便利店", "省": "山东省", "市": "淄博市", "区县": "张店区", "经度_wgs84": 118.048095, "纬度_wgs84": 36.809382, "一级分类": "购物" }, "geometry": { "type": "Point", "coordinates": [ 118.048095, 36.809382 ] } },
{ "type": "Feature", "properties": { "类别": "商超", "名称": "月亮湾便利店(华光路店)", "经度": 118.062096, "纬度": 36.820228, "地址": "潘庄东二巷36号", "类型": "购物服务;便民商店/便利店;便民商店/便利店", "省": "山东省", "市": "淄博市", "区县": "张店区", "经度_wgs84": 118.061423, "纬度_wgs84": 36.815329, "一级分类": "购物" }, "geometry": { "type": "Point", "coordinates": [ 118.061423, 36.815329 ] } },
{ "type": "Feature", "properties": { "类别": "商超", "名称": "磐康团购超市", "经度": 118.051507, "纬度": 36.820229, "地址": "华光路与柳泉路交叉口西160米", "类型": "购物服务;便民商店/便利店;便民商店/便利店", "省": "山东省", "市": "淄博市", "区县": "张店区", "经度_wgs84": 118.050857, "纬度_wgs84": 36.815345, "一级分类": "购物" }, "geometry": { "type": "Point", "coordinates": [ 118.050857, 36.815345 ] } },
{ "type": "Feature", "properties": { "类别": "商超", "名称": "老路家便利店", "经度": 118.056075, "纬度": 36.808325, "地址": "金晶大道西四巷与西二路交叉口东南20米", "类型": "购物服务;便民商店/便利店;便民商店/便利店", "省": "山东省", "市": "淄博市", "区县": "张店区", "经度_wgs84": 118.055425, "纬度_wgs84": 36.803435, "一级分类": "购物" }, "geometry": { "type": "Point", "coordinates": [ 118.055425, 36.803435 ] } },
{ "type": "Feature", "properties": { "类别": "商超", "名称": "贝泽超市", "经度": 118.055968, "纬度": 36.819714, "地址": "华光路与市府东一街交叉口西120米", "类型": "购物服务;便民商店/便利店;便民商店/便利店", "省": "山东省", "市": "淄博市", "区县": "张店区", "经度_wgs84": 118.055308, "纬度_wgs84": 36.814823, "一级分类": "购物" }, "geometry": { "type": "Point", "coordinates": [ 118.055308, 36.814823 ] } },
{ "type": "Feature", "properties": { "类别": "商超", "名称": "德好便利店(八大局店)", "经度": 118.061541, "纬度": 36.806764, "地址": "金晶大道118号中心商城", "类型": "购物服务;购物相关场所;购物相关场所", "省": "山东省", "市": "淄博市", "区县": "张店区", "经度_wgs84": 118.06088, "纬度_wgs84": 36.801866, "一级分类": "购物" }, "geometry": { "type": "Point", "coordinates": [ 118.06088, 36.801866 ] } },
{ "type": "Feature", "properties": { "类别": "商超", "名称": "桂云便利店", "经度": 118.045775, "纬度": 36.813275, "地址": "人民西路与市委西一巷交叉口东南140米", "类型": "购物服务;便民商店/便利店;便民商店/便利店", "省": "山东省", "市": "淄博市", "区县": "张店区", "经度_wgs84": 118.045147, "纬度_wgs84": 36.808401, "一级分类": "购物" }, "geometry": { "type": "Point", "coordinates": [ 118.045147, 36.808401 ] } },
{ "type": "Feature", "properties": { "类别": "商超", "名称": "客来cc便利店(齐王府店)", "经度": 118.048649, "纬度": 36.821415, "地址": "华光路68号恒泰商城F1层", "类型": "购物服务;便民商店/便利店;便民商店/便利店", "省": "山东省", "市": "淄博市", "区县": "张店区", "经度_wgs84": 118.048006, "纬度_wgs84": 36.816536, "一级分类": "购物" }, "geometry": { "type": "Point", "coordinates": [ 118.048006, 36.816536 ] } },
{ "type": "Feature", "properties": { "类别": "商超", "名称": "军嫂便利店(王府井广场店)", "经度": 118.05146, "纬度": 36.806639, "地址": "淄博市中心医院西南门西120米", "类型": "购物服务;便民商店/便利店;便民商店/便利店", "省": "山东省", "市": "淄博市", "区县": "张店区", "经度_wgs84": 118.050822, "纬度_wgs84": 36.801755, "一级分类": "购物" }, "geometry": { "type": "Point", "coordinates": [ 118.050822, 36.801755 ] } },
{ "type": "Feature", "properties": { "类别": "商超", "名称": "蜂巢便利店(西二路店)", "经度": 118.055251, "纬度": 36.804744, "地址": "西二路174号", "类型": "购物服务;便民商店/便利店;便民商店/便利店", "省": "山东省", "市": "淄博市", "区县": "张店区", "经度_wgs84": 118.054606, "纬度_wgs84": 36.799855, "一级分类": "购物" }, "geometry": { "type": "Point", "coordinates": [ 118.054606, 36.799855 ] } },
{ "type": "Feature", "properties": { "类别": "商超", "名称": "凯福超市", "经度": 118.062882, "纬度": 36.818542, "地址": "华光路33-9号", "类型": "购物服务;便民商店/便利店;便民商店/便利店", "省": "山东省", "市": "淄博市", "区县": "张店区", "经度_wgs84": 118.062208, "纬度_wgs84": 36.813643, "一级分类": "购物" }, "geometry": { "type": "Point", "coordinates": [ 118.062208, 36.813643 ] } },
{ "type": "Feature", "properties": { "类别": "商超", "名称": "沃润便利店", "经度": 118.053486, "纬度": 36.824175, "地址": "柳泉路71号尚城大厦36号", "类型": "购物服务;便民商店/便利店;便民商店/便利店", "省": "山东省", "市": "淄博市", "区县": "张店区", "经度_wgs84": 118.052828, "纬度_wgs84": 36.819288, "一级分类": "购物" }, "geometry": { "type": "Point", "coordinates": [ 118.052828, 36.819288 ] } },
{ "type": "Feature", "properties": { "类别": "商超", "名称": "拾壹便利店(华美达店)", "经度": 118.058673, "纬度": 36.804943, "地址": "银座华美达大酒店北门东50米", "类型": "购物服务;便民商店/便利店;便民商店/便利店", "省": "山东省", "市": "淄博市", "区县": "张店区", "经度_wgs84": 118.05802, "纬度_wgs84": 36.800049, "一级分类": "购物" }, "geometry": { "type": "Point", "coordinates": [ 118.05802, 36.800049 ] } },
{ "type": "Feature", "properties": { "类别": "商超", "名称": "惠丰超市", "经度": 118.059775, "纬度": 36.803972, "地址": "金晶大道171号西三巷东数第五间", "类型": "购物服务;便民商店/便利店;便民商店/便利店", "省": "山东省", "市": "淄博市", "区县": "张店区", "经度_wgs84": 118.059121, "纬度_wgs84": 36.799077, "一级分类": "购物" }, "geometry": { "type": "Point", "coordinates": [ 118.059121, 36.799077 ] } },
{ "type": "Feature", "properties": { "类别": "商超", "名称": "优同24小时便利店(财富广场店)", "经度": 118.061447, "纬度": 36.80458, "地址": "共青团东路4号甲4号", "类型": "购物服务;便民商店/便利店;便民商店/便利店", "省": "山东省", "市": "淄博市", "区县": "张店区", "经度_wgs84": 118.060789, "纬度_wgs84": 36.799683, "一级分类": "购物" }, "geometry": { "type": "Point", "coordinates": [ 118.060789, 36.799683 ] } },
{ "type": "Feature", "properties": { "类别": "商超", "名称": "喜好超市(丽水景苑店)", "经度": 118.064347, "纬度": 36.819853, "地址": "金晶大道209号金晟丽水景苑1号楼", "类型": "购物服务;便民商店/便利店;便民商店/便利店", "省": "山东省", "市": "淄博市", "区县": "张店区", "经度_wgs84": 118.063669, "纬度_wgs84": 36.814952, "一级分类": "购物" }, "geometry": { "type": "Point", "coordinates": [ 118.063669, 36.814952 ] } },
{ "type": "Feature", "properties": { "类别": "商超", "名称": "超会买精品超市(淄博店)", "经度": 118.053925, "纬度": 36.802997, "地址": "美食街与西二路交叉口西北60米", "类型": "购物服务;便民商店/便利店;便民商店/便利店", "省": "山东省", "市": "淄博市", "区县": "张店区", "经度_wgs84": 118.053285, "纬度_wgs84": 36.79811, "一级分类": "购物" }, "geometry": { "type": "Point", "coordinates": [ 118.053285, 36.79811 ] } },
{ "type": "Feature", "properties": { "类别": "商超", "名称": "诚悦便利店(恒泰商城店)", "经度": 118.048611, "纬度": 36.821321, "地址": "华光路68号商住楼7号1层甲3号", "类型": "购物服务;便民商店/便利店;便民商店/便利店", "省": "山东省", "市": "淄博市", "区县": "张店区", "经度_wgs84": 118.047968, "纬度_wgs84": 36.816442, "一级分类": "购物" }, "geometry": { "type": "Point", "coordinates": [ 118.047968, 36.816442 ] } },
{ "type": "Feature", "properties": { "类别": "商超", "名称": "旭昇便利店(华光路店)", "经度": 118.065298, "纬度": 36.817845, "地址": "金晶大道170甲4-5", "类型": "购物服务;便民商店/便利店;便民商店/便利店", "省": "山东省", "市": "淄博市", "区县": "张店区", "经度_wgs84": 118.064621, "纬度_wgs84": 36.812943, "一级分类": "购物" }, "geometry": { "type": "Point", "coordinates": [ 118.064621, 36.812943 ] } },
{ "type": "Feature", "properties": { "类别": "商超", "名称": "金善商店", "经度": 118.064094, "纬度": 36.806759, "地址": "金晶大道东一街南8甲号", "类型": "购物服务;便民商店/便利店;便民商店/便利店", "省": "山东省", "市": "淄博市", "区县": "张店区", "经度_wgs84": 118.063428, "纬度_wgs84": 36.801859, "一级分类": "购物" }, "geometry": { "type": "Point", "coordinates": [ 118.063428, 36.801859 ] } },
{ "type": "Feature", "properties": { "类别": "商超", "名称": "德好便利(淄博人民公园店)", "经度": 118.046868, "纬度": 36.806873, "地址": "金鼎商城北门东60米", "类型": "购物服务;便民商店/便利店;便民商店/便利店", "省": "山东省", "市": "淄博市", "区县": "张店区", "经度_wgs84": 118.046242, "纬度_wgs84": 36.801997, "一级分类": "购物" }, "geometry": { "type": "Point", "coordinates": [ 118.046242, 36.801997 ] } },
{ "type": "Feature", "properties": { "类别": "商超", "名称": "可好(世纪新世界广场店)", "经度": 118.053788, "纬度": 36.825493, "地址": "柳泉路77号新世界广场2号楼", "类型": "购物服务;便民商店/便利店;便民商店/便利店", "省": "山东省", "市": "淄博市", "区县": "张店区", "经度_wgs84": 118.053128, "纬度_wgs84": 36.820605, "一级分类": "购物" }, "geometry": { "type": "Point", "coordinates": [ 118.053128, 36.820605 ] } },
{ "type": "Feature", "properties": { "类别": "商超", "名称": "燕东超市(商业步行街店)", "经度": 118.042414, "纬度": 36.818066, "地址": "新世界商业步行街北段91号甲1号", "类型": "购物服务;便民商店/便利店;便民商店/便利店", "省": "山东省", "市": "淄博市", "区县": "张店区", "经度_wgs84": 118.041791, "纬度_wgs84": 36.813198, "一级分类": "购物" }, "geometry": { "type": "Point", "coordinates": [ 118.041791, 36.813198 ] } },
{ "type": "Feature", "properties": { "类别": "商超", "名称": "金伴便利店(柳泉璞苑店)", "经度": 118.048839, "纬度": 36.822657, "地址": "化纤南街6号甲1号", "类型": "购物服务;便民商店/便利店;便民商店/便利店", "省": "山东省", "市": "淄博市", "区县": "张店区", "经度_wgs84": 118.048194, "纬度_wgs84": 36.817777, "一级分类": "购物" }, "geometry": { "type": "Point", "coordinates": [ 118.048194, 36.817777 ] } },
{ "type": "Feature", "properties": { "类别": "商超", "名称": "德好24h便利店(大润发店)", "经度": 118.042014, "纬度": 36.820184, "地址": "商业街107号北亭1楼北间", "类型": "购物服务;便民商店/便利店;便民商店/便利店", "省": "山东省", "市": "淄博市", "区县": "张店区", "经度_wgs84": 118.04139, "纬度_wgs84": 36.815317, "一级分类": "购物" }, "geometry": { "type": "Point", "coordinates": [ 118.04139, 36.815317 ] } },
{ "type": "Feature", "properties": { "类别": "商超", "名称": "糖果24h便利店(步行街店)", "经度": 118.042318, "纬度": 36.811774, "地址": "西四路步行街73号", "类型": "购物服务;便民商店/便利店;便民商店/便利店", "省": "山东省", "市": "淄博市", "区县": "张店区", "经度_wgs84": 118.041701, "纬度_wgs84": 36.806906, "一级分类": "购物" }, "geometry": { "type": "Point", "coordinates": [ 118.041701, 36.806906 ] } },
{ "type": "Feature", "properties": { "类别": "商超", "名称": "冠群超市(步行街店)", "经度": 118.042135, "纬度": 36.815909, "地址": "步行街北段32号", "类型": "购物服务;便民商店/便利店;便民商店/便利店", "省": "山东省", "市": "淄博市", "区县": "张店区", "经度_wgs84": 118.041515, "纬度_wgs84": 36.811041, "一级分类": "购物" }, "geometry": { "type": "Point", "coordinates": [ 118.041515, 36.811041 ] } },
{ "type": "Feature", "properties": { "类别": "商超", "名称": "尚城超市", "经度": 118.053116, "纬度": 36.824213, "地址": "尚城大厦西北门旁", "类型": "购物服务;便民商店/便利店;便民商店/便利店", "省": "山东省", "市": "淄博市", "区县": "张店区", "经度_wgs84": 118.052459, "纬度_wgs84": 36.819326, "一级分类": "购物" }, "geometry": { "type": "Point", "coordinates": [ 118.052459, 36.819326 ] } },
{ "type": "Feature", "properties": { "类别": "商超", "名称": "易购乐便利店商业街店", "经度": 118.042334, "纬度": 36.816561, "地址": "科苑街道新世界商业街北段49号", "类型": "购物服务;便民商店/便利店;便民商店/便利店", "省": "山东省", "市": "淄博市", "区县": "张店区", "经度_wgs84": 118.041712, "纬度_wgs84": 36.811693, "一级分类": "购物" }, "geometry": { "type": "Point", "coordinates": [ 118.041712, 36.811693 ] } },
{ "type": "Feature", "properties": { "类别": "商超", "名称": "德好便利店(万象汇店)", "经度": 118.059675, "纬度": 36.802646, "地址": "金晶大道159号新星电器一楼", "类型": "购物服务;便民商店/便利店;便民商店/便利店", "省": "山东省", "市": "淄博市", "区县": "张店区", "经度_wgs84": 118.059022, "纬度_wgs84": 36.797751, "一级分类": "购物" }, "geometry": { "type": "Point", "coordinates": [ 118.059022, 36.797751 ] } },
{ "type": "Feature", "properties": { "类别": "商超", "名称": "果梅超市(步行街店)", "经度": 118.042104, "纬度": 36.816897, "地址": "新世界商业街北段62-2号", "类型": "购物服务;便民商店/便利店;便民商店/便利店", "省": "山东省", "市": "淄博市", "区县": "张店区", "经度_wgs84": 118.041483, "纬度_wgs84": 36.81203, "一级分类": "购物" }, "geometry": { "type": "Point", "coordinates": [ 118.041483, 36.81203 ] } },
{ "type": "Feature", "properties": { "类别": "商超", "名称": "张店木雨便利店", "经度": 118.059997, "纬度": 36.803848, "地址": "金晶大道171号西三巷", "类型": "购物服务;便民商店/便利店;便民商店/便利店", "省": "山东省", "市": "淄博市", "区县": "张店区", "经度_wgs84": 118.059342, "纬度_wgs84": 36.798952, "一级分类": "购物" }, "geometry": { "type": "Point", "coordinates": [ 118.059342, 36.798952 ] } },
{ "type": "Feature", "properties": { "类别": "商超", "名称": "蓝钻便利店(步行街店)", "经度": 118.042427, "纬度": 36.808398, "地址": "共青团西路与新世界商业街交叉口东北100米", "类型": "购物服务;便民商店/便利店;便民商店/便利店", "省": "山东省", "市": "淄博市", "区县": "张店区", "经度_wgs84": 118.041812, "纬度_wgs84": 36.80353, "一级分类": "购物" }, "geometry": { "type": "Point", "coordinates": [ 118.041812, 36.80353 ] } },
{ "type": "Feature", "properties": { "类别": "商超", "名称": "友客便利(钻石商务大厦店)", "经度": 118.047516, "纬度": 36.806657, "地址": "共青团西路95号钻石大厦一层西头", "类型": "购物服务;便民商店/便利店;便民商店/便利店", "省": "山东省", "市": "淄博市", "区县": "张店区", "经度_wgs84": 118.046889, "纬度_wgs84": 36.80178, "一级分类": "购物" }, "geometry": { "type": "Point", "coordinates": [ 118.046889, 36.80178 ] } },
{ "type": "Feature", "properties": { "类别": "商超", "名称": "鑫源便利店", "经度": 118.062624, "纬度": 36.804988, "地址": "共青团东路与共青团路交叉口东60米", "类型": "购物服务;便民商店/便利店;便民商店/便利店", "省": "山东省", "市": "淄博市", "区县": "张店区", "经度_wgs84": 118.061963, "纬度_wgs84": 36.800089, "一级分类": "购物" }, "geometry": { "type": "Point", "coordinates": [ 118.061963, 36.800089 ] } },
{ "type": "Feature", "properties": { "类别": "商超", "名称": "友客便利店(共青团东路八大局店)", "经度": 118.063383, "纬度": 36.804329, "地址": "体育场街道东一路65号凯旋门小区", "类型": "购物服务;便民商店/便利店;便民商店/便利店", "省": "山东省", "市": "淄博市", "区县": "张店区", "经度_wgs84": 118.062721, "纬度_wgs84": 36.799429, "一级分类": "购物" }, "geometry": { "type": "Point", "coordinates": [ 118.062721, 36.799429 ] } },
{ "type": "Feature", "properties": { "类别": "商超", "名称": "张未便利店", "经度": 118.04243, "纬度": 36.8088, "地址": "西四路与共青团西路辅路交叉口北100米", "类型": "购物服务;便民商店/便利店;便民商店/便利店", "省": "山东省", "市": "淄博市", "区县": "张店区", "经度_wgs84": 118.041815, "纬度_wgs84": 36.803932, "一级分类": "购物" }, "geometry": { "type": "Point", "coordinates": [ 118.041815, 36.803932 ] } },
{ "type": "Feature", "properties": { "类别": "商超", "名称": "甜心便利店(西二路店)", "经度": 118.053757, "纬度": 36.80114, "地址": "和平街道办事处西二路93号", "类型": "购物服务;便民商店/便利店;便民商店/便利店", "省": "山东省", "市": "淄博市", "区县": "张店区", "经度_wgs84": 118.053119, "纬度_wgs84": 36.796253, "一级分类": "购物" }, "geometry": { "type": "Point", "coordinates": [ 118.053119, 36.796253 ] } },
{ "type": "Feature", "properties": { "类别": "商超", "名称": "美尚便利店(风景世家店)", "经度": 118.045839, "纬度": 36.822336, "地址": "华光路72号风景世家", "类型": "购物服务;便民商店/便利店;便民商店/便利店", "省": "山东省", "市": "淄博市", "区县": "张店区", "经度_wgs84": 118.045202, "纬度_wgs84": 36.817461, "一级分类": "购物" }, "geometry": { "type": "Point", "coordinates": [ 118.045202, 36.817461 ] } },
{ "type": "Feature", "properties": { "类别": "商超", "名称": "欧客24小时便利店(商业步行街店)", "经度": 118.042146, "纬度": 36.819015, "地址": "科苑街道步行街北段C-118", "类型": "购物服务;便民商店/便利店;便民商店/便利店", "省": "山东省", "市": "淄博市", "区县": "张店区", "经度_wgs84": 118.041523, "纬度_wgs84": 36.814147, "一级分类": "购物" }, "geometry": { "type": "Point", "coordinates": [ 118.041523, 36.814147 ] } },
{ "type": "Feature", "properties": { "类别": "商超", "名称": "兔喜生活铭格便利店(柳泉路店)", "经度": 118.048076, "纬度": 36.803229, "地址": "百脑汇北门往西20米", "类型": "购物服务;便民商店/便利店;便民商店/便利店", "省": "山东省", "市": "淄博市", "区县": "张店区", "经度_wgs84": 118.04745, "纬度_wgs84": 36.798351, "一级分类": "购物" }, "geometry": { "type": "Point", "coordinates": [ 118.04745, 36.798351 ] } },
{ "type": "Feature", "properties": { "类别": "商超", "名称": "好客便利店(自来水公司店)", "经度": 118.065233, "纬度": 36.804614, "地址": "共青团东路21号院20号楼", "类型": "购物服务;便民商店/便利店;便民商店/便利店", "省": "山东省", "市": "淄博市", "区县": "张店区", "经度_wgs84": 118.064567, "纬度_wgs84": 36.799712, "一级分类": "购物" }, "geometry": { "type": "Point", "coordinates": [ 118.064567, 36.799712 ] } },
{ "type": "Feature", "properties": { "类别": "商超", "名称": "米客便利店(淄博新世界商业街店)", "经度": 118.042335, "纬度": 36.807343, "地址": "新世界商业界南段125号", "类型": "购物服务;便民商店/便利店;便民商店/便利店", "省": "山东省", "市": "淄博市", "区县": "张店区", "经度_wgs84": 118.041722, "纬度_wgs84": 36.802475, "一级分类": "购物" }, "geometry": { "type": "Point", "coordinates": [ 118.041722, 36.802475 ] } },
{ "type": "Feature", "properties": { "类别": "商超", "名称": "麦便利(凯旋门店)", "经度": 118.063283, "纬度": 36.802967, "地址": "体育场街道办事处东一路67号凯旋门小区2栋1商铺", "类型": "购物服务;便民商店/便利店;便民商店/便利店", "省": "山东省", "市": "淄博市", "区县": "张店区", "经度_wgs84": 118.062622, "纬度_wgs84": 36.798068, "一级分类": "购物" }, "geometry": { "type": "Point", "coordinates": [ 118.062622, 36.798068 ] } },
{ "type": "Feature", "properties": { "类别": "商超", "名称": "八大局便利店", "经度": 118.058194, "纬度": 36.805637, "地址": "共青团西路辅路与金晶大道交叉口西220米", "类型": "购物服务;便民商店/便利店;便民商店/便利店", "省": "山东省", "市": "淄博市", "区县": "张店区", "经度_wgs84": 118.057541, "纬度_wgs84": 36.800744, "一级分类": "购物" }, "geometry": { "type": "Point", "coordinates": [ 118.057541, 36.800744 ] } },
{ "type": "Feature", "properties": { "类别": "商超", "名称": "梦圆超市", "经度": 118.042339, "纬度": 36.815882, "地址": "张店区步行街37号", "类型": "购物服务;专卖店;烟酒专卖店|购物服务;便民商店/便利店;便民商店/便利店", "省": "山东省", "市": "淄博市", "区县": "张店区", "经度_wgs84": 118.041718, "纬度_wgs84": 36.811014, "一级分类": "购物" }, "geometry": { "type": "Point", "coordinates": [ 118.041718, 36.811014 ] } },
{ "type": "Feature", "properties": { "类别": "商超", "名称": "好莱·名烟名酒便利店", "经度": 118.04478, "纬度": 36.823576, "地址": "科苑街道办事处张桓路4号百盛沿街房B段4-18号", "类型": "购物服务;便民商店/便利店;便民商店/便利店", "省": "山东省", "市": "淄博市", "区县": "张店区", "经度_wgs84": 118.044145, "纬度_wgs84": 36.818703, "一级分类": "购物" }, "geometry": { "type": "Point", "coordinates": [ 118.044145, 36.818703 ] } },
{ "type": "Feature", "properties": { "类别": "商超", "名称": "暖众家便利店", "经度": 118.053731, "纬度": 36.82675, "地址": "科苑街道办事处柳泉路以西洲际中心1栋1单元1层", "类型": "购物服务;便民商店/便利店;便民商店/便利店", "省": "山东省", "市": "淄博市", "区县": "张店区", "经度_wgs84": 118.05307, "纬度_wgs84": 36.821862, "一级分类": "购物" }, "geometry": { "type": "Point", "coordinates": [ 118.05307, 36.821862 ] } },
{ "type": "Feature", "properties": { "类别": "商超", "名称": "佳家超市(凯旋门小区店)", "经度": 118.063358, "纬度": 36.803189, "地址": "东一路71号凯旋门小区", "类型": "购物服务;便民商店/便利店;便民商店/便利店", "省": "山东省", "市": "淄博市", "区县": "张店区", "经度_wgs84": 118.062697, "纬度_wgs84": 36.798289, "一级分类": "购物" }, "geometry": { "type": "Point", "coordinates": [ 118.062697, 36.798289 ] } },
{ "type": "Feature", "properties": { "类别": "商超", "名称": "根源生鲜便利店(明清街店)", "经度": 118.04416, "纬度": 36.824791, "地址": "联通路51号甲15号丽景翠苑", "类型": "购物服务;综合市场;农副产品市场", "省": "山东省", "市": "淄博市", "区县": "张店区", "经度_wgs84": 118.043526, "纬度_wgs84": 36.819919, "一级分类": "购物" }, "geometry": { "type": "Point", "coordinates": [ 118.043526, 36.819919 ] } },
{ "type": "Feature", "properties": { "类别": "商超", "名称": "丁香超市(共青团西路店)", "经度": 118.046082, "纬度": 36.805813, "地址": "共青团西路南六巷与柳泉路西一巷交叉口西北20米", "类型": "购物服务;便民商店/便利店;便民商店/便利店", "省": "山东省", "市": "淄博市", "区县": "张店区", "经度_wgs84": 118.045459, "纬度_wgs84": 36.800939, "一级分类": "购物" }, "geometry": { "type": "Point", "coordinates": [ 118.045459, 36.800939 ] } },
{ "type": "Feature", "properties": { "类别": "商超", "名称": "云品便利店", "经度": 118.038673, "纬度": 36.809435, "地址": "北西五路尚美第三城15号楼1号商铺", "类型": "购物服务;便民商店/便利店;便民商店/便利店", "省": "山东省", "市": "淄博市", "区县": "张店区", "经度_wgs84": 118.038069, "纬度_wgs84": 36.804574, "一级分类": "购物" }, "geometry": { "type": "Point", "coordinates": [ 118.038069, 36.804574 ] } },
{ "type": "Feature", "properties": { "类别": "商超", "名称": "八大局超市(共青团东路14号院店)", "经度": 118.066075, "纬度": 36.803875, "地址": "共青团东路16号甲1号", "类型": "购物服务;便民商店/便利店;便民商店/便利店", "省": "山东省", "市": "淄博市", "区县": "张店区", "经度_wgs84": 118.065408, "纬度_wgs84": 36.798973, "一级分类": "购物" }, "geometry": { "type": "Point", "coordinates": [ 118.065408, 36.798973 ] } },
{ "type": "Feature", "properties": { "类别": "商超", "名称": "壹号便利店(中央国际广场店)", "经度": 118.059179, "纬度": 36.800443, "地址": "金晶大道107号中央国际领寓B座F1层", "类型": "购物服务;便民商店/便利店;便民商店/便利店", "省": "山东省", "市": "淄博市", "区县": "张店区", "经度_wgs84": 118.058529, "纬度_wgs84": 36.795549, "一级分类": "购物" }, "geometry": { "type": "Point", "coordinates": [ 118.058529, 36.795549 ] } },
{ "type": "Feature", "properties": { "类别": "商超", "名称": "如果便利店(金乔小区北区店)", "经度": 118.070372, "纬度": 36.817936, "地址": "金乔社区北区西南2门西320米", "类型": "购物服务;便民商店/便利店;便民商店/便利店", "省": "山东省", "市": "淄博市", "区县": "张店区", "经度_wgs84": 118.069686, "纬度_wgs84": 36.813029, "一级分类": "购物" }, "geometry": { "type": "Point", "coordinates": [ 118.069686, 36.813029 ] } },
{ "type": "Feature", "properties": { "类别": "商超", "名称": "洲际便利店", "经度": 118.055717, "纬度": 36.827114, "地址": "柳泉路与联通路路口洲际中心", "类型": "购物服务;便民商店/便利店;便民商店/便利店", "省": "山东省", "市": "淄博市", "区县": "张店区", "经度_wgs84": 118.055051, "纬度_wgs84": 36.822223, "一级分类": "购物" }, "geometry": { "type": "Point", "coordinates": [ 118.055051, 36.822223 ] } },
{ "type": "Feature", "properties": { "类别": "商超", "名称": "易捷便利店(张店1加油站)", "经度": 118.066728, "纬度": 36.803967, "地址": "共青团东路20号中国石化自来水公司加油站(淄博张店1)", "类型": "购物服务;便民商店/便利店;便民商店/便利店", "省": "山东省", "市": "淄博市", "区县": "张店区", "经度_wgs84": 118.06606, "纬度_wgs84": 36.799064, "一级分类": "购物" }, "geometry": { "type": "Point", "coordinates": [ 118.06606, 36.799064 ] } },
{ "type": "Feature", "properties": { "类别": "商超", "名称": "云涛便利店(道庄小区店)", "经度": 118.039746, "纬度": 36.819652, "地址": "华光路117号道庄小区西区", "类型": "购物服务;便民商店/便利店;便民商店/便利店", "省": "山东省", "市": "淄博市", "区县": "张店区", "经度_wgs84": 118.039129, "纬度_wgs84": 36.814789, "一级分类": "购物" }, "geometry": { "type": "Point", "coordinates": [ 118.039129, 36.814789 ] } },
{ "type": "Feature", "properties": { "类别": "商超", "名称": "可好(万象汇061717店)", "经度": 118.062851, "纬度": 36.801054, "地址": "万象汇南门东70米", "类型": "购物服务;便民商店/便利店;便民商店/便利店", "省": "山东省", "市": "淄博市", "区县": "张店区", "经度_wgs84": 118.062193, "纬度_wgs84": 36.796155, "一级分类": "购物" }, "geometry": { "type": "Point", "coordinates": [ 118.062193, 36.796155 ] } },
{ "type": "Feature", "properties": { "类别": "商超", "名称": "张店一叶超市(体彩3707003206店)", "经度": 118.050682, "纬度": 36.800426, "地址": "健康街中医院东", "类型": "购物服务;便民商店/便利店;便民商店/便利店", "省": "山东省", "市": "淄博市", "区县": "张店区", "经度_wgs84": 118.050052, "纬度_wgs84": 36.795544, "一级分类": "购物" }, "geometry": { "type": "Point", "coordinates": [ 118.050052, 36.795544 ] } },
{ "type": "Feature", "properties": { "类别": "商超", "名称": "然然超市", "经度": 118.042339, "纬度": 36.81281, "地址": "新世界商业街中段99号", "类型": "购物服务;便民商店/便利店;便民商店/便利店", "省": "山东省", "市": "淄博市", "区县": "张店区", "经度_wgs84": 118.041721, "纬度_wgs84": 36.807942, "一级分类": "购物" }, "geometry": { "type": "Point", "coordinates": [ 118.041721, 36.807942 ] } },
{ "type": "Feature", "properties": { "类别": "商超", "名称": "根源生鲜便利店(新村路店)", "经度": 118.050625, "纬度": 36.800275, "地址": "新村西路24号甲4号", "类型": "购物服务;综合市场;农副产品市场", "省": "山东省", "市": "淄博市", "区县": "张店区", "经度_wgs84": 118.049995, "纬度_wgs84": 36.795393, "一级分类": "购物" }, "geometry": { "type": "Point", "coordinates": [ 118.049995, 36.795393 ] } },
{ "type": "Feature", "properties": { "类别": "商超", "名称": "嘉福便利店(共青团西路店)", "经度": 118.03891, "纬度": 36.808484, "地址": "张共青团西路与西五路路口东180米路北尚美第三城南门进入50米路东", "类型": "购物服务;便民商店/便利店;便民商店/便利店", "省": "山东省", "市": "淄博市", "区县": "张店区", "经度_wgs84": 118.038306, "纬度_wgs84": 36.803623, "一级分类": "购物" }, "geometry": { "type": "Point", "coordinates": [ 118.038306, 36.803623 ] } },
{ "type": "Feature", "properties": { "类别": "商超", "名称": "秀龙超市", "经度": 118.038951, "纬度": 36.807799, "地址": "共青团西路111号甲10号", "类型": "购物服务;便民商店/便利店;便民商店/便利店", "省": "山东省", "市": "淄博市", "区县": "张店区", "经度_wgs84": 118.038347, "纬度_wgs84": 36.802938, "一级分类": "购物" }, "geometry": { "type": "Point", "coordinates": [ 118.038347, 36.802938 ] } },
{ "type": "Feature", "properties": { "类别": "商超", "名称": "欣宇超市", "经度": 118.059775, "纬度": 36.821175, "地址": "华光路与市府东一街交叉口东北260米", "类型": "购物服务;便民商店/便利店;便民商店/便利店", "省": "山东省", "市": "淄博市", "区县": "张店区", "经度_wgs84": 118.059105, "纬度_wgs84": 36.816279, "一级分类": "购物" }, "geometry": { "type": "Point", "coordinates": [ 118.059105, 36.816279 ] } },
{ "type": "Feature", "properties": { "类别": "商超", "名称": "供销便民超市新恒昌店", "经度": 118.059802, "纬度": 36.826735, "地址": "迎春园东北门旁", "类型": "购物服务;便民商店/便利店;便民商店/便利店", "省": "山东省", "市": "淄博市", "区县": "张店区", "经度_wgs84": 118.059127, "纬度_wgs84": 36.821839, "一级分类": "购物" }, "geometry": { "type": "Point", "coordinates": [ 118.059127, 36.821839 ] } },
{ "type": "Feature", "properties": { "类别": "商超", "名称": "德好便利店(悦达店)", "经度": 118.059125, "纬度": 36.800372, "地址": "金晶大道107号中央国际领寓B座F1层", "类型": "购物服务;便民商店/便利店;便民商店/便利店", "省": "山东省", "市": "淄博市", "区县": "张店区", "经度_wgs84": 118.058475, "纬度_wgs84": 36.795478, "一级分类": "购物" }, "geometry": { "type": "Point", "coordinates": [ 118.058475, 36.795478 ] } },
{ "type": "Feature", "properties": { "类别": "商超", "名称": "紫玉花便利店(张店区中心店)", "经度": 118.036879, "纬度": 36.816752, "地址": "北西五路7-104号门头", "类型": "购物服务;便民商店/便利店;便民商店/便利店", "省": "山东省", "市": "淄博市", "区县": "张店区", "经度_wgs84": 118.036274, "纬度_wgs84": 36.811895, "一级分类": "购物" }, "geometry": { "type": "Point", "coordinates": [ 118.036274, 36.811895 ] } },
{ "type": "Feature", "properties": { "类别": "商超", "名称": "信发便利店(火车站·万象汇·市政府店)", "经度": 118.068773, "纬度": 36.803595, "地址": "东二路36-2号", "类型": "购物服务;便民商店/便利店;便民商店/便利店", "省": "山东省", "市": "淄博市", "区县": "张店区", "经度_wgs84": 118.068102, "纬度_wgs84": 36.79869, "一级分类": "购物" }, "geometry": { "type": "Point", "coordinates": [ 118.068102, 36.79869 ] } },
{ "type": "Feature", "properties": { "类别": "商超", "名称": "惠东生活便利店(王府井广场店)", "经度": 118.05223, "纬度": 36.804206, "地址": "王府井广场西南1门旁", "类型": "购物服务;便民商店/便利店;便民商店/便利店", "省": "山东省", "市": "淄博市", "区县": "张店区", "经度_wgs84": 118.051593, "纬度_wgs84": 36.799321, "一级分类": "购物" }, "geometry": { "type": "Point", "coordinates": [ 118.051593, 36.799321 ] } },
{ "type": "Feature", "properties": { "类别": "商超", "名称": "淑绵便利店", "经度": 118.062275, "纬度": 36.800775, "地址": "东一路39号东一路39号院1号楼", "类型": "购物服务;便民商店/便利店;便民商店/便利店", "省": "山东省", "市": "淄博市", "区县": "张店区", "经度_wgs84": 118.061618, "纬度_wgs84": 36.795877, "一级分类": "购物" }, "geometry": { "type": "Point", "coordinates": [ 118.061618, 36.795877 ] } },
{ "type": "Feature", "properties": { "类别": "商超", "名称": "2号楼三餐便利店", "经度": 118.069616, "纬度": 36.810803, "地址": "体育场街道人民路河东小区二号楼三餐便利店", "类型": "购物服务;便民商店/便利店;便民商店/便利店", "省": "山东省", "市": "淄博市", "区县": "张店区", "经度_wgs84": 118.068937, "纬度_wgs84": 36.805897, "一级分类": "购物" }, "geometry": { "type": "Point", "coordinates": [ 118.068937, 36.805897 ] } },
{ "type": "Feature", "properties": { "类别": "商超", "名称": "沐橙便利店", "经度": 118.063841, "纬度": 36.800601, "地址": "商场东街4号甲3号", "类型": "购物服务;便民商店/便利店;便民商店/便利店", "省": "山东省", "市": "淄博市", "区县": "张店区", "经度_wgs84": 118.063181, "纬度_wgs84": 36.795701, "一级分类": "购物" }, "geometry": { "type": "Point", "coordinates": [ 118.063181, 36.795701 ] } },
{ "type": "Feature", "properties": { "类别": "商超", "名称": "U+便利店(淄博西二路店)", "经度": 118.054067, "纬度": 36.801293, "地址": "西二路113号城中东方社区", "类型": "购物服务;便民商店/便利店;便民商店/便利店", "省": "山东省", "市": "淄博市", "区县": "张店区", "经度_wgs84": 118.053428, "纬度_wgs84": 36.796406, "一级分类": "购物" }, "geometry": { "type": "Point", "coordinates": [ 118.053428, 36.796406 ] } },
{ "type": "Feature", "properties": { "类别": "商超", "名称": "绿柳便利店", "经度": 118.059911, "纬度": 36.803787, "地址": "金晶大道西三巷金晶大道联通公司家属院", "类型": "购物服务;便民商店/便利店;便民商店/便利店", "省": "山东省", "市": "淄博市", "区县": "张店区", "经度_wgs84": 118.059256, "纬度_wgs84": 36.798892, "一级分类": "购物" }, "geometry": { "type": "Point", "coordinates": [ 118.059256, 36.798892 ] } },
{ "type": "Feature", "properties": { "类别": "商超", "名称": "来客朋超市(梦圆广场店)", "经度": 118.043427, "纬度": 36.805404, "地址": "商场西街48-21号", "类型": "购物服务;便民商店/便利店;便民商店/便利店", "省": "山东省", "市": "淄博市", "区县": "张店区", "经度_wgs84": 118.042812, "纬度_wgs84": 36.800534, "一级分类": "购物" }, "geometry": { "type": "Point", "coordinates": [ 118.042812, 36.800534 ] } },
{ "type": "Feature", "properties": { "类别": "商超", "名称": "秀水便利店", "经度": 118.055278, "纬度": 36.801386, "地址": "西二路城中小区东南村内环路63甲19号秀水西门", "类型": "购物服务;便民商店/便利店;便民商店/便利店", "省": "山东省", "市": "淄博市", "区县": "张店区", "经度_wgs84": 118.054636, "纬度_wgs84": 36.796497, "一级分类": "购物" }, "geometry": { "type": "Point", "coordinates": [ 118.054636, 36.796497 ] } },
{ "type": "Feature", "properties": { "类别": "商超", "名称": "奈猫便利超市(华茂观邸店)", "经度": 118.047506, "纬度": 36.799536, "地址": "新村西路83号华茂观邸", "类型": "购物服务;便民商店/便利店;便民商店/便利店", "省": "山东省", "市": "淄博市", "区县": "张店区", "经度_wgs84": 118.046885, "纬度_wgs84": 36.794659, "一级分类": "购物" }, "geometry": { "type": "Point", "coordinates": [ 118.046885, 36.794659 ] } },
{ "type": "Feature", "properties": { "类别": "商超", "名称": "林高便利店", "经度": 118.073903, "纬度": 36.816729, "地址": "金乔南区北门口外边东20米(华光路13甲21号)", "类型": "购物服务;便民商店/便利店;便民商店/便利店", "省": "山东省", "市": "淄博市", "区县": "张店区", "经度_wgs84": 118.073213, "纬度_wgs84": 36.81182, "一级分类": "购物" }, "geometry": { "type": "Point", "coordinates": [ 118.073213, 36.81182 ] } },
{ "type": "Feature", "properties": { "类别": "商超", "名称": "沃润便利店(尚品大厦店)", "经度": 118.066505, "纬度": 36.826208, "地址": "尚品大厦", "类型": "购物服务;便民商店/便利店;便民商店/便利店", "省": "山东省", "市": "淄博市", "区县": "张店区", "经度_wgs84": 118.065818, "纬度_wgs84": 36.821304, "一级分类": "购物" }, "geometry": { "type": "Point", "coordinates": [ 118.065818, 36.821304 ] } },
{ "type": "Feature", "properties": { "类别": "商超", "名称": "丽宝便利店", "经度": 118.05856, "纬度": 36.798427, "地址": "新村西路2号甲1号", "类型": "购物服务;便民商店/便利店;便民商店/便利店", "省": "山东省", "市": "淄博市", "区县": "张店区", "经度_wgs84": 118.057913, "纬度_wgs84": 36.793533, "一级分类": "购物" }, "geometry": { "type": "Point", "coordinates": [ 118.057913, 36.793533 ] } },
{ "type": "Feature", "properties": { "类别": "商超", "名称": "可好便利(王府井061770店)", "经度": 118.051269, "纬度": 36.804545, "地址": "共青团西路57号王府井广场名店街96号", "类型": "购物服务;购物相关场所;购物相关场所", "省": "山东省", "市": "淄博市", "区县": "张店区", "经度_wgs84": 118.050634, "纬度_wgs84": 36.799662, "一级分类": "购物" }, "geometry": { "type": "Point", "coordinates": [ 118.050634, 36.799662 ] } },
{ "type": "Feature", "properties": { "类别": "商超", "名称": "红霞便利店", "经度": 118.056027, "纬度": 36.829319, "地址": "柳泉路246号世纪商务中心F1层", "类型": "购物服务;便民商店/便利店;便民商店/便利店", "省": "山东省", "市": "淄博市", "区县": "张店区", "经度_wgs84": 118.055358, "纬度_wgs84": 36.824428, "一级分类": "购物" }, "geometry": { "type": "Point", "coordinates": [ 118.055358, 36.824428 ] } },
{ "type": "Feature", "properties": { "类别": "商超", "名称": "全好佳超市(王府井店)", "经度": 118.042775, "纬度": 36.807125, "地址": "共青团西路辅路与新世界商业街交叉口东南80米", "类型": "购物服务;便民商店/便利店;便民商店/便利店|购物服务;超级市场;超市", "省": "山东省", "市": "淄博市", "区县": "张店区", "经度_wgs84": 118.04216, "纬度_wgs84": 36.802257, "一级分类": "购物" }, "geometry": { "type": "Point", "coordinates": [ 118.04216, 36.802257 ] } },
{ "type": "Feature", "properties": { "类别": "商超", "名称": "智能便利店(金宝岛大厦店)", "经度": 118.047965, "纬度": 36.803804, "地址": "柳泉路37号金宝岛大厦F1层", "类型": "购物服务;便民商店/便利店;便民商店/便利店", "省": "山东省", "市": "淄博市", "区县": "张店区", "经度_wgs84": 118.047339, "纬度_wgs84": 36.798926, "一级分类": "购物" }, "geometry": { "type": "Point", "coordinates": [ 118.047339, 36.798926 ] } },
{ "type": "Feature", "properties": { "类别": "商超", "名称": "新华便利店(华光路店)", "经度": 118.071545, "纬度": 36.816547, "地址": "华光路19号", "类型": "购物服务;便民商店/便利店;便民商店/便利店", "省": "山东省", "市": "淄博市", "区县": "张店区", "经度_wgs84": 118.070858, "纬度_wgs84": 36.811639, "一级分类": "购物" }, "geometry": { "type": "Point", "coordinates": [ 118.070858, 36.811639 ] } },
{ "type": "Feature", "properties": { "类别": "商超", "名称": "桔子便利", "经度": 118.042316, "纬度": 36.815489, "地址": "道庄小区东区西1门南160米", "类型": "购物服务;便民商店/便利店;便民商店/便利店", "省": "山东省", "市": "淄博市", "区县": "张店区", "经度_wgs84": 118.041695, "纬度_wgs84": 36.810621, "一级分类": "购物" }, "geometry": { "type": "Point", "coordinates": [ 118.041695, 36.810621 ] } },
{ "type": "Feature", "properties": { "类别": "商超", "名称": "爱恒优选(华光路柳泉新村北区店)", "经度": 118.051057, "纬度": 36.822802, "地址": "梅苑社区居委会东侧", "类型": "购物服务;便民商店/便利店;便民商店/便利店", "省": "山东省", "市": "淄博市", "区县": "张店区", "经度_wgs84": 118.050406, "纬度_wgs84": 36.817919, "一级分类": "购物" }, "geometry": { "type": "Point", "coordinates": [ 118.050406, 36.817919 ] } },
{ "type": "Feature", "properties": { "类别": "商超", "名称": "惠万家便民超市(河东小区店)", "经度": 118.070265, "纬度": 36.813239, "地址": "河东小区东北门旁", "类型": "购物服务;便民商店/便利店;便民商店/便利店", "省": "山东省", "市": "淄博市", "区县": "张店区", "经度_wgs84": 118.069583, "纬度_wgs84": 36.808332, "一级分类": "购物" }, "geometry": { "type": "Point", "coordinates": [ 118.069583, 36.808332 ] } },
{ "type": "Feature", "properties": { "类别": "商超", "名称": "迎春园便利店", "经度": 118.057595, "纬度": 36.825824, "地址": "联通路迎春苑南门得益奶站", "类型": "购物服务;便民商店/便利店;便民商店/便利店", "省": "山东省", "市": "淄博市", "区县": "张店区", "经度_wgs84": 118.056926, "纬度_wgs84": 36.820931, "一级分类": "购物" }, "geometry": { "type": "Point", "coordinates": [ 118.056926, 36.820931 ] } },
{ "type": "Feature", "properties": { "类别": "商超", "名称": "喜好超市(朝阳街店)", "经度": 118.064819, "纬度": 36.820796, "地址": "朝阳街6号甲1号", "类型": "购物服务;便民商店/便利店;便民商店/便利店", "省": "山东省", "市": "淄博市", "区县": "张店区", "经度_wgs84": 118.06414, "纬度_wgs84": 36.815894, "一级分类": "购物" }, "geometry": { "type": "Point", "coordinates": [ 118.06414, 36.815894 ] } },
{ "type": "Feature", "properties": { "类别": "商超", "名称": "万象便利店", "经度": 118.060125, "纬度": 36.804125, "地址": "金晶大道辅路与金晶大道西三巷交叉口北40米", "类型": "购物服务;便民商店/便利店;便民商店/便利店", "省": "山东省", "市": "淄博市", "区县": "张店区", "经度_wgs84": 118.05947, "纬度_wgs84": 36.799229, "一级分类": "购物" }, "geometry": { "type": "Point", "coordinates": [ 118.05947, 36.799229 ] } },
{ "type": "Feature", "properties": { "类别": "商超", "名称": "爱购便利店", "经度": 118.058577, "纬度": 36.797181, "地址": "金晶大道79号甲4号", "类型": "购物服务;便民商店/便利店;便民商店/便利店", "省": "山东省", "市": "淄博市", "区县": "张店区", "经度_wgs84": 118.057931, "纬度_wgs84": 36.792287, "一级分类": "购物" }, "geometry": { "type": "Point", "coordinates": [ 118.057931, 36.792287 ] } },
{ "type": "Feature", "properties": { "类别": "商超", "名称": "宜家超市", "经度": 118.064675, "纬度": 36.806925, "地址": "八大局便民市场东1入口西420米", "类型": "购物服务;便民商店/便利店;便民商店/便利店", "省": "山东省", "市": "淄博市", "区县": "张店区", "经度_wgs84": 118.064008, "纬度_wgs84": 36.802024, "一级分类": "购物" }, "geometry": { "type": "Point", "coordinates": [ 118.064008, 36.802024 ] } },
{ "type": "Feature", "properties": { "类别": "商超", "名称": "嘉和超市(人民东路店)", "经度": 118.074299, "纬度": 36.80871, "地址": "人民东路36号甲5号", "类型": "购物服务;便民商店/便利店;便民商店/便利店", "省": "山东省", "市": "淄博市", "区县": "张店区", "经度_wgs84": 118.073615, "纬度_wgs84": 36.803801, "一级分类": "购物" }, "geometry": { "type": "Point", "coordinates": [ 118.073615, 36.803801 ] } },
{ "type": "Feature", "properties": { "类别": "商超", "名称": "圣朗酒水便利店", "经度": 118.051125, "纬度": 36.828125, "地址": "联通路40-2号", "类型": "购物服务;专卖店;烟酒专卖店|地名地址信息;地名地址信息;地名地址信息", "省": "山东省", "市": "淄博市", "区县": "张店区", "经度_wgs84": 118.050469, "纬度_wgs84": 36.823241, "一级分类": "购物" }, "geometry": { "type": "Point", "coordinates": [ 118.050469, 36.823241 ] } },
{ "type": "Feature", "properties": { "类别": "商超", "名称": "麦优便利(华茂观邸店)", "经度": 118.047114, "纬度": 36.800313, "地址": "新村西路83号华茂观邸", "类型": "购物服务;便民商店/便利店;便民商店/便利店", "省": "山东省", "市": "淄博市", "区县": "张店区", "经度_wgs84": 118.046493, "纬度_wgs84": 36.795437, "一级分类": "购物" }, "geometry": { "type": "Point", "coordinates": [ 118.046493, 36.795437 ] } },
{ "type": "Feature", "properties": { "类别": "商超", "名称": "小仓生活", "经度": 118.051976, "纬度": 36.803602, "地址": "金旮旯蔬菜超市院内负一层", "类型": "购物服务;便民商店/便利店;便民商店/便利店", "省": "山东省", "市": "淄博市", "区县": "张店区", "经度_wgs84": 118.05134, "纬度_wgs84": 36.798718, "一级分类": "购物" }, "geometry": { "type": "Point", "coordinates": [ 118.05134, 36.798718 ] } },
{ "type": "Feature", "properties": { "类别": "商超", "名称": "彩迎超市", "经度": 118.057425, "纬度": 36.798875, "地址": "金晶大道新村路西北新村西路2号甲1号", "类型": "购物服务;便民商店/便利店;便民商店/便利店", "省": "山东省", "市": "淄博市", "区县": "张店区", "经度_wgs84": 118.05678, "纬度_wgs84": 36.793983, "一级分类": "购物" }, "geometry": { "type": "Point", "coordinates": [ 118.05678, 36.793983 ] } },
{ "type": "Feature", "properties": { "类别": "商超", "名称": "京东便利店", "经度": 118.039898, "纬度": 36.810875, "地址": "西四路与王辛西街交叉口西200米", "类型": "购物服务;便民商店/便利店;便民商店/便利店", "省": "山东省", "市": "淄博市", "区县": "张店区", "经度_wgs84": 118.039289, "纬度_wgs84": 36.806012, "一级分类": "购物" }, "geometry": { "type": "Point", "coordinates": [ 118.039289, 36.806012 ] } },
{ "type": "Feature", "properties": { "类别": "商超", "名称": "汇客便利店(华光路店)", "经度": 118.074611, "纬度": 36.819032, "地址": "金乔北区东门北侧", "类型": "购物服务;便民商店/便利店;便民商店/便利店", "省": "山东省", "市": "淄博市", "区县": "张店区", "经度_wgs84": 118.073918, "纬度_wgs84": 36.814122, "一级分类": "购物" }, "geometry": { "type": "Point", "coordinates": [ 118.073918, 36.814122 ] } },
{ "type": "Feature", "properties": { "类别": "商超", "名称": "多乐福超市(迎春街店)", "经度": 118.061313, "纬度": 36.825329, "地址": "迎春街与联通路交叉口东南140米", "类型": "购物服务;便民商店/便利店;便民商店/便利店", "省": "山东省", "市": "淄博市", "区县": "张店区", "经度_wgs84": 118.060637, "纬度_wgs84": 36.820431, "一级分类": "购物" }, "geometry": { "type": "Point", "coordinates": [ 118.060637, 36.820431 ] } },
{ "type": "Feature", "properties": { "类别": "商超", "名称": "胖丁超市", "经度": 118.037405, "纬度": 36.805022, "地址": "商场西街与商场西街北十五巷交叉口西40米", "类型": "购物服务;便民商店/便利店;便民商店/便利店", "省": "山东省", "市": "淄博市", "区县": "张店区", "经度_wgs84": 118.036808, "纬度_wgs84": 36.800164, "一级分类": "购物" }, "geometry": { "type": "Point", "coordinates": [ 118.036808, 36.800164 ] } },
{ "type": "Feature", "properties": { "类别": "商超", "名称": "鑫欣便利店(柳泉路店)", "经度": 118.054025, "纬度": 36.826125, "地址": "柳泉路77甲20鑫鑫便利店", "类型": "购物服务;便民商店/便利店;便民商店/便利店", "省": "山东省", "市": "淄博市", "区县": "张店区", "经度_wgs84": 118.053364, "纬度_wgs84": 36.821237, "一级分类": "购物" }, "geometry": { "type": "Point", "coordinates": [ 118.053364, 36.821237 ] } },
{ "type": "Feature", "properties": { "类别": "商超", "名称": "天牛便利店", "经度": 118.044795, "纬度": 36.823261, "地址": "张桓路与化纤南街交叉口北80米", "类型": "购物服务;便民商店/便利店;便民商店/便利店", "省": "山东省", "市": "淄博市", "区县": "张店区", "经度_wgs84": 118.044161, "纬度_wgs84": 36.818388, "一级分类": "购物" }, "geometry": { "type": "Point", "coordinates": [ 118.044161, 36.818388 ] } },
{ "type": "Feature", "properties": { "类别": "商超", "名称": "德好便利店(蓝钻国际店)", "经度": 118.034975, "纬度": 36.807625, "地址": "共青团西路119号蓝钻国际F1层", "类型": "购物服务;便民商店/便利店;便民商店/便利店", "省": "山东省", "市": "淄博市", "区县": "张店区", "经度_wgs84": 118.034384, "纬度_wgs84": 36.802772, "一级分类": "购物" }, "geometry": { "type": "Point", "coordinates": [ 118.034384, 36.802772 ] } },
{ "type": "Feature", "properties": { "类别": "商超", "名称": "小熊便利店", "经度": 118.054054, "纬度": 36.801265, "地址": "西二路113号城中东方社区", "类型": "购物服务;便民商店/便利店;便民商店/便利店", "省": "山东省", "市": "淄博市", "区县": "张店区", "经度_wgs84": 118.053415, "纬度_wgs84": 36.796378, "一级分类": "购物" }, "geometry": { "type": "Point", "coordinates": [ 118.053415, 36.796378 ] } },
{ "type": "Feature", "properties": { "类别": "商超", "名称": "景航便利店", "经度": 118.04131, "纬度": 36.807676, "地址": "共青团西路与西四路交叉口西80米", "类型": "购物服务;便民商店/便利店;便民商店/便利店", "省": "山东省", "市": "淄博市", "区县": "张店区", "经度_wgs84": 118.040699, "纬度_wgs84": 36.80281, "一级分类": "购物" }, "geometry": { "type": "Point", "coordinates": [ 118.040699, 36.80281 ] } },
{ "type": "Feature", "properties": { "类别": "商超", "名称": "东一路超市", "经度": 118.062529, "纬度": 36.798173, "地址": "东一路与新村东路辅路交叉口北60米", "类型": "购物服务;便民商店/便利店;便民商店/便利店", "省": "山东省", "市": "淄博市", "区县": "张店区", "经度_wgs84": 118.061874, "纬度_wgs84": 36.793275, "一级分类": "购物" }, "geometry": { "type": "Point", "coordinates": [ 118.061874, 36.793275 ] } },
{ "type": "Feature", "properties": { "类别": "商超", "名称": "国夏优选团购超市", "经度": 118.043325, "纬度": 36.805275, "地址": "梦圆广场南门旁", "类型": "购物服务;便民商店/便利店;便民商店/便利店", "省": "山东省", "市": "淄博市", "区县": "张店区", "经度_wgs84": 118.04271, "纬度_wgs84": 36.800406, "一级分类": "购物" }, "geometry": { "type": "Point", "coordinates": [ 118.04271, 36.800406 ] } },
{ "type": "Feature", "properties": { "类别": "商超", "名称": "优选利民超市(梦圆广场店)", "经度": 118.04331, "纬度": 36.80526, "地址": "商场西街北九巷48-16", "类型": "购物服务;便民商店/便利店;便民商店/便利店", "省": "山东省", "市": "淄博市", "区县": "张店区", "经度_wgs84": 118.042696, "纬度_wgs84": 36.800391, "一级分类": "购物" }, "geometry": { "type": "Point", "coordinates": [ 118.042696, 36.800391 ] } },
{ "type": "Feature", "properties": { "类别": "商超", "名称": "铂金便利店", "经度": 118.047595, "纬度": 36.800975, "地址": "新村西路42号铂金大厦F1层", "类型": "购物服务;便民商店/便利店;便民商店/便利店", "省": "山东省", "市": "淄博市", "区县": "张店区", "经度_wgs84": 118.046972, "纬度_wgs84": 36.796098, "一级分类": "购物" }, "geometry": { "type": "Point", "coordinates": [ 118.046972, 36.796098 ] } },
{ "type": "Feature", "properties": { "类别": "商超", "名称": "德瑞万家便利店", "经度": 118.043574, "纬度": 36.826182, "地址": "张桓路33-9号", "类型": "购物服务;便民商店/便利店;便民商店/便利店", "省": "山东省", "市": "淄博市", "区县": "张店区", "经度_wgs84": 118.04294, "纬度_wgs84": 36.821311, "一级分类": "购物" }, "geometry": { "type": "Point", "coordinates": [ 118.04294, 36.821311 ] } },
{ "type": "Feature", "properties": { "类别": "商超", "名称": "京东便利店(尚美店)", "经度": 118.037621, "纬度": 36.810014, "地址": "北西五路尚美第三城6号院号楼号铺", "类型": "购物服务;便民商店/便利店;便民商店/便利店", "省": "山东省", "市": "淄博市", "区县": "张店区", "经度_wgs84": 118.037019, "纬度_wgs84": 36.805156, "一级分类": "购物" }, "geometry": { "type": "Point", "coordinates": [ 118.037019, 36.805156 ] } },
{ "type": "Feature", "properties": { "类别": "商超", "名称": "德康便利店", "经度": 118.054073, "纬度": 36.826677, "地址": "和棠悦府营销中心(洲际中心店)", "类型": "购物服务;便民商店/便利店;便民商店/便利店", "省": "山东省", "市": "淄博市", "区县": "张店区", "经度_wgs84": 118.053411, "纬度_wgs84": 36.821789, "一级分类": "购物" }, "geometry": { "type": "Point", "coordinates": [ 118.053411, 36.821789 ] } },
{ "type": "Feature", "properties": { "类别": "商超", "名称": "张店承玉综合便利店", "经度": 118.04563, "纬度": 36.828639, "地址": "联通路金花村", "类型": "购物服务;便民商店/便利店;便民商店/便利店", "省": "山东省", "市": "淄博市", "区县": "张店区", "经度_wgs84": 118.044988, "纬度_wgs84": 36.823765, "一级分类": "购物" }, "geometry": { "type": "Point", "coordinates": [ 118.044988, 36.823765 ] } },
{ "type": "Feature", "properties": { "类别": "商超", "名称": "福华超市", "经度": 118.066776, "纬度": 36.815935, "地址": "华光路29号张钢生活区", "类型": "购物服务;便民商店/便利店;便民商店/便利店", "省": "山东省", "市": "淄博市", "区县": "张店区", "经度_wgs84": 118.066098, "纬度_wgs84": 36.811032, "一级分类": "购物" }, "geometry": { "type": "Point", "coordinates": [ 118.066098, 36.811032 ] } },
{ "type": "Feature", "properties": { "类别": "商超", "名称": "尚客便利", "经度": 118.038898, "纬度": 36.808661, "地址": "共青团西路辅路与北西五路交叉口东180米", "类型": "购物服务;便民商店/便利店;便民商店/便利店", "省": "山东省", "市": "淄博市", "区县": "张店区", "经度_wgs84": 118.038294, "纬度_wgs84": 36.8038, "一级分类": "购物" }, "geometry": { "type": "Point", "coordinates": [ 118.038294, 36.8038 ] } },
{ "type": "Feature", "properties": { "类别": "商超", "名称": "烟酒茶便利店", "经度": 118.037148, "纬度": 36.811024, "地址": "山东理工大学东校区西门南360米", "类型": "购物服务;便民商店/便利店;便民商店/便利店", "省": "山东省", "市": "淄博市", "区县": "张店区", "经度_wgs84": 118.036547, "纬度_wgs84": 36.806166, "一级分类": "购物" }, "geometry": { "type": "Point", "coordinates": [ 118.036547, 36.806166 ] } },
{ "type": "Feature", "properties": { "类别": "商超", "名称": "鲸鱼优选超市", "经度": 118.058325, "纬度": 36.800075, "地址": "西一路与新村西路辅路交叉口东北180米", "类型": "购物服务;便民商店/便利店;便民商店/便利店", "省": "山东省", "市": "淄博市", "区县": "张店区", "经度_wgs84": 118.057677, "纬度_wgs84": 36.795182, "一级分类": "购物" }, "geometry": { "type": "Point", "coordinates": [ 118.057677, 36.795182 ] } },
{ "type": "Feature", "properties": { "类别": "商超", "名称": "雅堂小超(盛安集团店)", "经度": 118.042975, "纬度": 36.800918, "地址": "新村西路95号", "类型": "购物服务;便民商店/便利店;便民商店/便利店", "省": "山东省", "市": "淄博市", "区县": "张店区", "经度_wgs84": 118.042365, "纬度_wgs84": 36.796049, "一级分类": "购物" }, "geometry": { "type": "Point", "coordinates": [ 118.042365, 36.796049 ] } },
{ "type": "Feature", "properties": { "类别": "商超", "名称": "徐惠副食批发", "经度": 118.050267, "纬度": 36.798479, "地址": "健康街26号甲9号", "类型": "购物服务;便民商店/便利店;便民商店/便利店", "省": "山东省", "市": "淄博市", "区县": "张店区", "经度_wgs84": 118.04964, "纬度_wgs84": 36.793598, "一级分类": "购物" }, "geometry": { "type": "Point", "coordinates": [ 118.04964, 36.793598 ] } },
{ "type": "Feature", "properties": { "类别": "商超", "名称": "纪巧便利店", "经度": 118.074177, "纬度": 36.809265, "地址": "人民东路31号甲1号", "类型": "购物服务;便民商店/便利店;便民商店/便利店", "省": "山东省", "市": "淄博市", "区县": "张店区", "经度_wgs84": 118.073493, "纬度_wgs84": 36.804356, "一级分类": "购物" }, "geometry": { "type": "Point", "coordinates": [ 118.073493, 36.804356 ] } },
{ "type": "Feature", "properties": { "类别": "商超", "名称": "龙马超市", "经度": 118.063023, "纬度": 36.798814, "地址": "东一路18号甲2号", "类型": "购物服务;便民商店/便利店;便民商店/便利店", "省": "山东省", "市": "淄博市", "区县": "张店区", "经度_wgs84": 118.062366, "纬度_wgs84": 36.793915, "一级分类": "购物" }, "geometry": { "type": "Point", "coordinates": [ 118.062366, 36.793915 ] } },
{ "type": "Feature", "properties": { "类别": "商超", "名称": "津扬超市", "经度": 118.061152, "纬度": 36.828146, "地址": "联通路8号温馨家园15号丙121号", "类型": "购物服务;便民商店/便利店;便民商店/便利店", "省": "山东省", "市": "淄博市", "区县": "张店区", "经度_wgs84": 118.060473, "纬度_wgs84": 36.823248, "一级分类": "购物" }, "geometry": { "type": "Point", "coordinates": [ 118.060473, 36.823248 ] } },
{ "type": "Feature", "properties": { "类别": "商超", "名称": "爱家便利店(淄博张店区)", "经度": 118.044002, "纬度": 36.828907, "地址": "联通路与明清街北行50米", "类型": "购物服务;便民商店/便利店;便民商店/便利店", "省": "山东省", "市": "淄博市", "区县": "张店区", "经度_wgs84": 118.043365, "纬度_wgs84": 36.824036, "一级分类": "购物" }, "geometry": { "type": "Point", "coordinates": [ 118.043365, 36.824036 ] } },
{ "type": "Feature", "properties": { "类别": "商超", "名称": "友家便利店(将军花园店)", "经度": 118.035799, "纬度": 36.813879, "地址": "人民西路41号将军花园", "类型": "购物服务;便民商店/便利店;便民商店/便利店", "省": "山东省", "市": "淄博市", "区县": "张店区", "经度_wgs84": 118.0352, "纬度_wgs84": 36.809024, "一级分类": "购物" }, "geometry": { "type": "Point", "coordinates": [ 118.0352, 36.809024 ] } },
{ "type": "Feature", "properties": { "类别": "商超", "名称": "快享便利(颐景园店)", "经度": 118.046962, "纬度": 36.797536, "地址": "柳泉路21号甲5号", "类型": "购物服务;便民商店/便利店;便民商店/便利店", "省": "山东省", "市": "淄博市", "区县": "张店区", "经度_wgs84": 118.046344, "纬度_wgs84": 36.79266, "一级分类": "购物" }, "geometry": { "type": "Point", "coordinates": [ 118.046344, 36.79266 ] } },
{ "type": "Feature", "properties": { "类别": "商超", "名称": "同红便利店", "经度": 118.072742, "纬度": 36.81416, "地址": "潘南路与人民东路北六巷交叉口东220米", "类型": "购物服务;便民商店/便利店;便民商店/便利店", "省": "山东省", "市": "淄博市", "区县": "张店区", "经度_wgs84": 118.072056, "纬度_wgs84": 36.809252, "一级分类": "购物" }, "geometry": { "type": "Point", "coordinates": [ 118.072056, 36.809252 ] } },
{ "type": "Feature", "properties": { "类别": "商超", "名称": "友客便利(乾盛大厦店)", "经度": 118.03325, "纬度": 36.81134, "地址": "西六路乾盛大厦6A-10号", "类型": "购物服务;便民商店/便利店;便民商店/便利店", "省": "山东省", "市": "淄博市", "区县": "张店区", "经度_wgs84": 118.032661, "纬度_wgs84": 36.806491, "一级分类": "购物" }, "geometry": { "type": "Point", "coordinates": [ 118.032661, 36.806491 ] } },
{ "type": "Feature", "properties": { "类别": "商超", "名称": "好世客超市", "经度": 118.05894, "纬度": 36.796601, "地址": "湖田街道金晶大道32号", "类型": "购物服务;超级市场;超市|购物服务;便民商店/便利店;便民商店/便利店", "省": "山东省", "市": "淄博市", "区县": "张店区", "经度_wgs84": 118.058294, "纬度_wgs84": 36.791707, "一级分类": "购物" }, "geometry": { "type": "Point", "coordinates": [ 118.058294, 36.791707 ] } },
{ "type": "Feature", "properties": { "类别": "商超", "名称": "益佰便利店(南西四路店)", "经度": 118.041802, "纬度": 36.799961, "地址": "南西四路与新村西路南五巷交叉口西20米", "类型": "购物服务;便民商店/便利店;便民商店/便利店", "省": "山东省", "市": "淄博市", "区县": "张店区", "经度_wgs84": 118.041197, "纬度_wgs84": 36.795095, "一级分类": "购物" }, "geometry": { "type": "Point", "coordinates": [ 118.041197, 36.795095 ] } },
{ "type": "Feature", "properties": { "类别": "商超", "名称": "钦羽超市(金乔社区北区店)", "经度": 118.073744, "纬度": 36.819135, "地址": "华光路金乔北区23号楼", "类型": "购物服务;便民商店/便利店;便民商店/便利店", "省": "山东省", "市": "淄博市", "区县": "张店区", "经度_wgs84": 118.073052, "纬度_wgs84": 36.814226, "一级分类": "购物" }, "geometry": { "type": "Point", "coordinates": [ 118.073052, 36.814226 ] } },
{ "type": "Feature", "properties": { "类别": "商超", "名称": "欣欣向荣百货便利店(银都花园店)", "经度": 118.071846, "纬度": 36.806544, "地址": "东三路11-3号银都花园", "类型": "购物服务;便民商店/便利店;便民商店/便利店", "省": "山东省", "市": "淄博市", "区县": "张店区", "经度_wgs84": 118.071168, "纬度_wgs84": 36.801636, "一级分类": "购物" }, "geometry": { "type": "Point", "coordinates": [ 118.071168, 36.801636 ] } },
{ "type": "Feature", "properties": { "类别": "商超", "名称": "昆仑好客便利店(东二路店)", "经度": 118.06898, "纬度": 36.802091, "地址": "中国石油淄博57站(张店东二路站)", "类型": "购物服务;便民商店/便利店;便民商店/便利店", "省": "山东省", "市": "淄博市", "区县": "张店区", "经度_wgs84": 118.06831, "纬度_wgs84": 36.797186, "一级分类": "购物" }, "geometry": { "type": "Point", "coordinates": [ 118.06831, 36.797186 ] } },
{ "type": "Feature", "properties": { "类别": "商超", "名称": "金福便民超市(西四路店)", "经度": 118.042166, "纬度": 36.799033, "地址": "西四路南段18号", "类型": "购物服务;便民商店/便利店;便民商店/便利店|购物服务;超级市场;超市", "省": "山东省", "市": "淄博市", "区县": "张店区", "经度_wgs84": 118.04156, "纬度_wgs84": 36.794166, "一级分类": "购物" }, "geometry": { "type": "Point", "coordinates": [ 118.04156, 36.794166 ] } },
{ "type": "Feature", "properties": { "类别": "商超", "名称": "鸿昌隆超市", "经度": 118.043923, "纬度": 36.830155, "地址": "明清街135号", "类型": "购物服务;便民商店/便利店;便民商店/便利店", "省": "山东省", "市": "淄博市", "区县": "张店区", "经度_wgs84": 118.043285, "纬度_wgs84": 36.825284, "一级分类": "购物" }, "geometry": { "type": "Point", "coordinates": [ 118.043285, 36.825284 ] } },
{ "type": "Feature", "properties": { "类别": "商超", "名称": "惠捷超市", "经度": 118.041475, "纬度": 36.821725, "地址": "华光路86号大润发(淄博店)", "类型": "购物服务;便民商店/便利店;便民商店/便利店", "省": "山东省", "市": "淄博市", "区县": "张店区", "经度_wgs84": 118.040851, "纬度_wgs84": 36.816859, "一级分类": "购物" }, "geometry": { "type": "Point", "coordinates": [ 118.040851, 36.816859 ] } },
{ "type": "Feature", "properties": { "类别": "商超", "名称": "富源超市(人民西路店)", "经度": 118.029337, "纬度": 36.813921, "地址": "科苑街道人民西路57号甲3中国烟草", "类型": "购物服务;便民商店/便利店;便民商店/便利店", "省": "山东省", "市": "淄博市", "区县": "张店区", "经度_wgs84": 118.028758, "纬度_wgs84": 36.80908, "一级分类": "购物" }, "geometry": { "type": "Point", "coordinates": [ 118.028758, 36.80908 ] } },
{ "type": "Feature", "properties": { "类别": "商超", "名称": "众惠便利店(东三路店)", "经度": 118.072988, "纬度": 36.804419, "地址": "东三路12号", "类型": "购物服务;便民商店/便利店;便民商店/便利店", "省": "山东省", "市": "淄博市", "区县": "张店区", "经度_wgs84": 118.07231, "纬度_wgs84": 36.799511, "一级分类": "购物" }, "geometry": { "type": "Point", "coordinates": [ 118.07231, 36.799511 ] } }
]
}
