{
"type": "FeatureCollection",
"name": "walk_network_nodes",
"crs": { "type": "name", "properties": { "name": "urn:ogc:def:crs:OGC:1.3:CRS84" } },
"features": [
{ "type": "Feature", "properties": { "osm_id": "13_start" }, "geometry": { "type": "Point", "coordinates": [ 117.9287576, 36.786365 ] } },
{ "type": "Feature", "properties": { "osm_id": "13_end" }, "geometry": { "type": "Point", "coordinates": [ 117.9176595, 36.7868351 ] } },
{ "type": "Feature", "properties": { "osm_id": "14_start" }, "geometry": { "type": "Point", "coordinates": [ 117.9342492, 36.6918836 ] } },
{ "type": "Feature", "properties": { "osm_id": "14_end" }, "geometry": { "type": "Point", "coordinates": [ 117.9126715, 36.733846 ] } },
{ "type": "Feature", "properties": { "osm_id": "20_start" }, "geometry": { "type": "Point", "coordinates": [ 117.9768407, 36.6829535 ] } },
{ "type": "Feature", "properties": { "osm_id": "20_end" }, "geometry": { "type": "Point", "coordinates": [ 117.9765272, 36.6820701 ] } },
{ "type": "Feature", "properties": { "osm_id": "21_start" }, "geometry": { "type": "Point", "coordinates": [ 117.9822345, 36.6799668 ] } },
{ "type": "Feature", "properties": { "osm_id": "21_end" }, "geometry": { "type": "Point", "coordinates": [ 117.9820434, 36.6859465 ] } },
{ "type": "Feature", "properties": { "osm_id": "22_start" }, "geometry": { "type": "Point", "coordinates": [ 117.9552481, 36.6873059 ] } },
{ "type": "Feature", "properties": { "osm_id": "22_end" }, "geometry": { "type": "Point", "coordinates": [ 117.972822, 36.6835547 ] } },
{ "type": "Feature", "properties": { "osm_id": "23_start" }, "geometry": { "type": "Point", "coordinates": [ 118.0053985, 36.6955507 ] } },
{ "type": "Feature", "properties": { "osm_id": "23_end" }, "geometry": { "type": "Point", "coordinates": [ 118.0153936, 36.6926939 ] } },
{ "type": "Feature", "properties": { "osm_id": "24_start" }, "geometry": { "type": "Point", "coordinates": [ 117.9977738, 36.6782338 ] } },
{ "type": "Feature", "properties": { "osm_id": "24_end" }, "geometry": { "type": "Point", "coordinates": [ 118.0032922, 36.6909503 ] } },
{ "type": "Feature", "properties": { "osm_id": "27_start" }, "geometry": { "type": "Point", "coordinates": [ 117.8688239, 36.8007264 ] } },
{ "type": "Feature", "properties": { "osm_id": "27_end" }, "geometry": { "type": "Point", "coordinates": [ 117.9051623, 36.8002343 ] } },
{ "type": "Feature", "properties": { "osm_id": "28_start" }, "geometry": { "type": "Point", "coordinates": [ 117.8769599, 36.8109904 ] } },
{ "type": "Feature", "properties": { "osm_id": "28_end" }, "geometry": { "type": "Point", "coordinates": [ 117.8763519, 36.7977249 ] } },
{ "type": "Feature", "properties": { "osm_id": "36_start" }, "geometry": { "type": "Point", "coordinates": [ 118.0318794, 36.8496787 ] } },
{ "type": "Feature", "properties": { "osm_id": "36_end" }, "geometry": { "type": "Point", "coordinates": [ 118.0317421, 36.8496822 ] } },
{ "type": "Feature", "properties": { "osm_id": "37_start" }, "geometry": { "type": "Point", "coordinates": [ 118.0427538, 36.6489581 ] } },
{ "type": "Feature", "properties": { "osm_id": "37_end" }, "geometry": { "type": "Point", "coordinates": [ 118.0620132, 36.6804758 ] } },
{ "type": "Feature", "properties": { "osm_id": "38_start" }, "geometry": { "type": "Point", "coordinates": [ 118.1075909, 36.8430106 ] } },
{ "type": "Feature", "properties": { "osm_id": "38_end" }, "geometry": { "type": "Point", "coordinates": [ 118.1056814, 36.8292753 ] } },
{ "type": "Feature", "properties": { "osm_id": "39_start" }, "geometry": { "type": "Point", "coordinates": [ 118.0441089, 36.7693703 ] } },
{ "type": "Feature", "properties": { "osm_id": "39_end" }, "geometry": { "type": "Point", "coordinates": [ 118.042544, 36.7813696 ] } },
{ "type": "Feature", "properties": { "osm_id": "40_start" }, "geometry": { "type": "Point", "coordinates": [ 117.8758408, 36.8334193 ] } },
{ "type": "Feature", "properties": { "osm_id": "40_end" }, "geometry": { "type": "Point", "coordinates": [ 117.8755474, 36.8208065 ] } },
{ "type": "Feature", "properties": { "osm_id": "48_start" }, "geometry": { "type": "Point", "coordinates": [ 117.9556724, 36.7864851 ] } },
{ "type": "Feature", "properties": { "osm_id": "48_end" }, "geometry": { "type": "Point", "coordinates": [ 117.9599865, 36.7807209 ] } },
{ "type": "Feature", "properties": { "osm_id": "50_start" }, "geometry": { "type": "Point", "coordinates": [ 117.9587853, 36.7933796 ] } },
{ "type": "Feature", "properties": { "osm_id": "50_end" }, "geometry": { "type": "Point", "coordinates": [ 117.9522161, 36.7869741 ] } },
{ "type": "Feature", "properties": { "osm_id": "65_start" }, "geometry": { "type": "Point", "coordinates": [ 117.9073883, 36.7541632 ] } },
{ "type": "Feature", "properties": { "osm_id": "65_end" }, "geometry": { "type": "Point", "coordinates": [ 117.906941, 36.755125 ] } },
{ "type": "Feature", "properties": { "osm_id": "66_start" }, "geometry": { "type": "Point", "coordinates": [ 117.9055306, 36.7582615 ] } },
{ "type": "Feature", "properties": { "osm_id": "66_end" }, "geometry": { "type": "Point", "coordinates": [ 117.8618989, 36.775359 ] } },
{ "type": "Feature", "properties": { "osm_id": "67_start" }, "geometry": { "type": "Point", "coordinates": [ 117.9957014, 36.7446095 ] } },
{ "type": "Feature", "properties": { "osm_id": "67_end" }, "geometry": { "type": "Point", "coordinates": [ 117.9943847, 36.7447043 ] } },
{ "type": "Feature", "properties": { "osm_id": "68_start" }, "geometry": { "type": "Point", "coordinates": [ 118.0279182, 36.7383486 ] } },
{ "type": "Feature", "properties": { "osm_id": "68_end" }, "geometry": { "type": "Point", "coordinates": [ 118.0164752, 36.7419759 ] } },
{ "type": "Feature", "properties": { "osm_id": "71_start" }, "geometry": { "type": "Point", "coordinates": [ 118.0678113, 36.8085086 ] } },
{ "type": "Feature", "properties": { "osm_id": "71_end" }, "geometry": { "type": "Point", "coordinates": [ 118.0761385, 36.8068474 ] } },
{ "type": "Feature", "properties": { "osm_id": "73_start" }, "geometry": { "type": "Point", "coordinates": [ 118.037031, 36.779914 ] } },
{ "type": "Feature", "properties": { "osm_id": "73_end" }, "geometry": { "type": "Point", "coordinates": [ 118.0424434, 36.779384 ] } },
{ "type": "Feature", "properties": { "osm_id": "104_start" }, "geometry": { "type": "Point", "coordinates": [ 118.0991755, 36.7579152 ] } },
{ "type": "Feature", "properties": { "osm_id": "104_end" }, "geometry": { "type": "Point", "coordinates": [ 118.0901875, 36.7505742 ] } },
{ "type": "Feature", "properties": { "osm_id": "105_end" }, "geometry": { "type": "Point", "coordinates": [ 118.0426449, 36.6490696 ] } },
{ "type": "Feature", "properties": { "osm_id": "106_start" }, "geometry": { "type": "Point", "coordinates": [ 118.0724743, 36.7338718 ] } },
{ "type": "Feature", "properties": { "osm_id": "106_end" }, "geometry": { "type": "Point", "coordinates": [ 118.079509, 36.741942 ] } },
{ "type": "Feature", "properties": { "osm_id": "107_start" }, "geometry": { "type": "Point", "coordinates": [ 117.9943646, 36.7445968 ] } },
{ "type": "Feature", "properties": { "osm_id": "107_end" }, "geometry": { "type": "Point", "coordinates": [ 117.9956927, 36.7444976 ] } },
{ "type": "Feature", "properties": { "osm_id": "113_start" }, "geometry": { "type": "Point", "coordinates": [ 118.0950424, 36.6767457 ] } },
{ "type": "Feature", "properties": { "osm_id": "113_end" }, "geometry": { "type": "Point", "coordinates": [ 118.0637874, 36.6858367 ] } },
{ "type": "Feature", "properties": { "osm_id": "114_start" }, "geometry": { "type": "Point", "coordinates": [ 117.9952119, 36.7138036 ] } },
{ "type": "Feature", "properties": { "osm_id": "114_end" }, "geometry": { "type": "Point", "coordinates": [ 117.9938315, 36.7138406 ] } },
{ "type": "Feature", "properties": { "osm_id": "115_start" }, "geometry": { "type": "Point", "coordinates": [ 117.9672537, 36.7191867 ] } },
{ "type": "Feature", "properties": { "osm_id": "115_end" }, "geometry": { "type": "Point", "coordinates": [ 117.9556771, 36.671471 ] } },
{ "type": "Feature", "properties": { "osm_id": "116_start" }, "geometry": { "type": "Point", "coordinates": [ 118.0897484, 36.6827985 ] } },
{ "type": "Feature", "properties": { "osm_id": "116_end" }, "geometry": { "type": "Point", "coordinates": [ 118.0883109, 36.6828711 ] } },
{ "type": "Feature", "properties": { "osm_id": "117_start" }, "geometry": { "type": "Point", "coordinates": [ 118.0838647, 36.6833654 ] } },
{ "type": "Feature", "properties": { "osm_id": "117_end" }, "geometry": { "type": "Point", "coordinates": [ 118.0645729, 36.6888402 ] } },
{ "type": "Feature", "properties": { "osm_id": "118_start" }, "geometry": { "type": "Point", "coordinates": [ 118.0709307, 36.6866472 ] } },
{ "type": "Feature", "properties": { "osm_id": "118_end" }, "geometry": { "type": "Point", "coordinates": [ 118.0676429, 36.6798912 ] } },
{ "type": "Feature", "properties": { "osm_id": "119_start" }, "geometry": { "type": "Point", "coordinates": [ 118.0783109, 36.6842594 ] } },
{ "type": "Feature", "properties": { "osm_id": "119_end" }, "geometry": { "type": "Point", "coordinates": [ 118.0789339, 36.6841407 ] } },
{ "type": "Feature", "properties": { "osm_id": "120_start" }, "geometry": { "type": "Point", "coordinates": [ 118.0712666, 36.6865323 ] } },
{ "type": "Feature", "properties": { "osm_id": "121_start" }, "geometry": { "type": "Point", "coordinates": [ 118.0872257, 36.6787504 ] } },
{ "type": "Feature", "properties": { "osm_id": "122_start" }, "geometry": { "type": "Point", "coordinates": [ 118.0700506, 36.6869481 ] } },
{ "type": "Feature", "properties": { "osm_id": "122_end" }, "geometry": { "type": "Point", "coordinates": [ 118.0690236, 36.6850004 ] } },
{ "type": "Feature", "properties": { "osm_id": "123_start" }, "geometry": { "type": "Point", "coordinates": [ 118.0738459, 36.6850793 ] } },
{ "type": "Feature", "properties": { "osm_id": "123_end" }, "geometry": { "type": "Point", "coordinates": [ 118.0741989, 36.6858195 ] } },
{ "type": "Feature", "properties": { "osm_id": "124_start" }, "geometry": { "type": "Point", "coordinates": [ 118.0720401, 36.6871202 ] } },
{ "type": "Feature", "properties": { "osm_id": "124_end" }, "geometry": { "type": "Point", "coordinates": [ 118.0742961, 36.6869495 ] } },
{ "type": "Feature", "properties": { "osm_id": "125_start" }, "geometry": { "type": "Point", "coordinates": [ 118.0820795, 36.6824706 ] } },
{ "type": "Feature", "properties": { "osm_id": "125_end" }, "geometry": { "type": "Point", "coordinates": [ 118.0835643, 36.6851833 ] } },
{ "type": "Feature", "properties": { "osm_id": "126_start" }, "geometry": { "type": "Point", "coordinates": [ 118.0792094, 36.6870012 ] } },
{ "type": "Feature", "properties": { "osm_id": "126_end" }, "geometry": { "type": "Point", "coordinates": [ 118.0780655, 36.6834359 ] } },
{ "type": "Feature", "properties": { "osm_id": "127_start" }, "geometry": { "type": "Point", "coordinates": [ 118.0678996, 36.6876836 ] } },
{ "type": "Feature", "properties": { "osm_id": "127_end" }, "geometry": { "type": "Point", "coordinates": [ 118.0663391, 36.6829034 ] } },
{ "type": "Feature", "properties": { "osm_id": "128_start" }, "geometry": { "type": "Point", "coordinates": [ 118.0749283, 36.6810004 ] } },
{ "type": "Feature", "properties": { "osm_id": "128_end" }, "geometry": { "type": "Point", "coordinates": [ 118.0706188, 36.6781285 ] } },
{ "type": "Feature", "properties": { "osm_id": "129_start" }, "geometry": { "type": "Point", "coordinates": [ 118.0629228, 36.6820335 ] } },
{ "type": "Feature", "properties": { "osm_id": "129_end" }, "geometry": { "type": "Point", "coordinates": [ 118.0941535, 36.6715322 ] } },
{ "type": "Feature", "properties": { "osm_id": "130_start" }, "geometry": { "type": "Point", "coordinates": [ 118.0652901, 36.6885759 ] } },
{ "type": "Feature", "properties": { "osm_id": "130_end" }, "geometry": { "type": "Point", "coordinates": [ 118.0650332, 36.6866376 ] } },
{ "type": "Feature", "properties": { "osm_id": "131_start" }, "geometry": { "type": "Point", "coordinates": [ 118.0726827, 36.6769325 ] } },
{ "type": "Feature", "properties": { "osm_id": "131_end" }, "geometry": { "type": "Point", "coordinates": [ 118.0719905, 36.6822078 ] } },
{ "type": "Feature", "properties": { "osm_id": "132_start" }, "geometry": { "type": "Point", "coordinates": [ 118.0649814, 36.6863962 ] } },
{ "type": "Feature", "properties": { "osm_id": "132_end" }, "geometry": { "type": "Point", "coordinates": [ 118.0640774, 36.681537 ] } },
{ "type": "Feature", "properties": { "osm_id": "133_start" }, "geometry": { "type": "Point", "coordinates": [ 118.068704, 36.6823555 ] } },
{ "type": "Feature", "properties": { "osm_id": "133_end" }, "geometry": { "type": "Point", "coordinates": [ 118.0643089, 36.6832231 ] } },
{ "type": "Feature", "properties": { "osm_id": "134_start" }, "geometry": { "type": "Point", "coordinates": [ 118.0681283, 36.6861388 ] } },
{ "type": "Feature", "properties": { "osm_id": "134_end" }, "geometry": { "type": "Point", "coordinates": [ 118.0687737, 36.6873848 ] } },
{ "type": "Feature", "properties": { "osm_id": "135_start" }, "geometry": { "type": "Point", "coordinates": [ 118.0656851, 36.6807646 ] } },
{ "type": "Feature", "properties": { "osm_id": "135_end" }, "geometry": { "type": "Point", "coordinates": [ 118.0653235, 36.6796435 ] } },
{ "type": "Feature", "properties": { "osm_id": "136_start" }, "geometry": { "type": "Point", "coordinates": [ 118.0645436, 36.6798121 ] } },
{ "type": "Feature", "properties": { "osm_id": "136_end" }, "geometry": { "type": "Point", "coordinates": [ 118.0649557, 36.6811043 ] } },
{ "type": "Feature", "properties": { "osm_id": "137_start" }, "geometry": { "type": "Point", "coordinates": [ 118.0640357, 36.6871323 ] } },
{ "type": "Feature", "properties": { "osm_id": "137_end" }, "geometry": { "type": "Point", "coordinates": [ 118.0604151, 36.6888005 ] } },
{ "type": "Feature", "properties": { "osm_id": "138_start" }, "geometry": { "type": "Point", "coordinates": [ 118.0679014, 36.682574 ] } },
{ "type": "Feature", "properties": { "osm_id": "138_end" }, "geometry": { "type": "Point", "coordinates": [ 118.0684, 36.6849974 ] } },
{ "type": "Feature", "properties": { "osm_id": "139_start" }, "geometry": { "type": "Point", "coordinates": [ 118.0659782, 36.6841972 ] } },
{ "type": "Feature", "properties": { "osm_id": "139_end" }, "geometry": { "type": "Point", "coordinates": [ 118.0656668, 36.6854906 ] } },
{ "type": "Feature", "properties": { "osm_id": "140_start" }, "geometry": { "type": "Point", "coordinates": [ 118.0641334, 36.6820006 ] } },
{ "type": "Feature", "properties": { "osm_id": "140_end" }, "geometry": { "type": "Point", "coordinates": [ 118.0668261, 36.6822153 ] } },
{ "type": "Feature", "properties": { "osm_id": "143_start" }, "geometry": { "type": "Point", "coordinates": [ 117.970545, 36.74707 ] } },
{ "type": "Feature", "properties": { "osm_id": "143_end" }, "geometry": { "type": "Point", "coordinates": [ 117.9796447, 36.7460946 ] } },
{ "type": "Feature", "properties": { "osm_id": "144_start" }, "geometry": { "type": "Point", "coordinates": [ 117.9604631, 36.6900454 ] } },
{ "type": "Feature", "properties": { "osm_id": "144_end" }, "geometry": { "type": "Point", "coordinates": [ 117.9237998, 36.692151 ] } },
{ "type": "Feature", "properties": { "osm_id": "147_start" }, "geometry": { "type": "Point", "coordinates": [ 117.993968, 36.8134545 ] } },
{ "type": "Feature", "properties": { "osm_id": "147_end" }, "geometry": { "type": "Point", "coordinates": [ 117.9922542, 36.8059065 ] } },
{ "type": "Feature", "properties": { "osm_id": "148_end" }, "geometry": { "type": "Point", "coordinates": [ 117.9933293, 36.8057983 ] } },
{ "type": "Feature", "properties": { "osm_id": "149_start" }, "geometry": { "type": "Point", "coordinates": [ 117.987647, 36.8110347 ] } },
{ "type": "Feature", "properties": { "osm_id": "149_end" }, "geometry": { "type": "Point", "coordinates": [ 117.9918957, 36.8106883 ] } },
{ "type": "Feature", "properties": { "osm_id": "150_start" }, "geometry": { "type": "Point", "coordinates": [ 117.9924572, 36.8073029 ] } },
{ "type": "Feature", "properties": { "osm_id": "150_end" }, "geometry": { "type": "Point", "coordinates": [ 117.9935325, 36.8071856 ] } },
{ "type": "Feature", "properties": { "osm_id": "151_start" }, "geometry": { "type": "Point", "coordinates": [ 118.0010873, 36.8073605 ] } },
{ "type": "Feature", "properties": { "osm_id": "151_end" }, "geometry": { "type": "Point", "coordinates": [ 118.000748, 36.8050523 ] } },
{ "type": "Feature", "properties": { "osm_id": "152_start" }, "geometry": { "type": "Point", "coordinates": [ 117.998214, 36.8076654 ] } },
{ "type": "Feature", "properties": { "osm_id": "152_end" }, "geometry": { "type": "Point", "coordinates": [ 117.9978862, 36.8053401 ] } },
{ "type": "Feature", "properties": { "osm_id": "153_start" }, "geometry": { "type": "Point", "coordinates": [ 118.0017203, 36.8054685 ] } },
{ "type": "Feature", "properties": { "osm_id": "153_end" }, "geometry": { "type": "Point", "coordinates": [ 118.0016417, 36.8049624 ] } },
{ "type": "Feature", "properties": { "osm_id": "154_start" }, "geometry": { "type": "Point", "coordinates": [ 117.9916778, 36.8082805 ] } },
{ "type": "Feature", "properties": { "osm_id": "154_end" }, "geometry": { "type": "Point", "coordinates": [ 118.0040794, 36.8070732 ] } },
{ "type": "Feature", "properties": { "osm_id": "155_start" }, "geometry": { "type": "Point", "coordinates": [ 117.9974434, 36.8079532 ] } },
{ "type": "Feature", "properties": { "osm_id": "155_end" }, "geometry": { "type": "Point", "coordinates": [ 117.9978128, 36.8102059 ] } },
{ "type": "Feature", "properties": { "osm_id": "156_start" }, "geometry": { "type": "Point", "coordinates": [ 117.9959983, 36.806548 ] } },
{ "type": "Feature", "properties": { "osm_id": "156_end" }, "geometry": { "type": "Point", "coordinates": [ 117.9980244, 36.8063503 ] } },
{ "type": "Feature", "properties": { "osm_id": "157_start" }, "geometry": { "type": "Point", "coordinates": [ 118.0028678, 36.8071956 ] } },
{ "type": "Feature", "properties": { "osm_id": "157_end" }, "geometry": { "type": "Point", "coordinates": [ 118.0025081, 36.8048753 ] } },
{ "type": "Feature", "properties": { "osm_id": "158_start" }, "geometry": { "type": "Point", "coordinates": [ 118.0030739, 36.809777 ] } },
{ "type": "Feature", "properties": { "osm_id": "158_end" }, "geometry": { "type": "Point", "coordinates": [ 118.0026893, 36.8072121 ] } },
{ "type": "Feature", "properties": { "osm_id": "159_start" }, "geometry": { "type": "Point", "coordinates": [ 117.999903, 36.8095141 ] } },
{ "type": "Feature", "properties": { "osm_id": "159_end" }, "geometry": { "type": "Point", "coordinates": [ 117.9998864, 36.8094369 ] } },
{ "type": "Feature", "properties": { "osm_id": "160_start" }, "geometry": { "type": "Point", "coordinates": [ 118.0027882, 36.8067205 ] } },
{ "type": "Feature", "properties": { "osm_id": "160_end" }, "geometry": { "type": "Point", "coordinates": [ 118.0010219, 36.806857 ] } },
{ "type": "Feature", "properties": { "osm_id": "161_start" }, "geometry": { "type": "Point", "coordinates": [ 117.9998647, 36.8092316 ] } },
{ "type": "Feature", "properties": { "osm_id": "161_end" }, "geometry": { "type": "Point", "coordinates": [ 117.9997164, 36.8082795 ] } },
{ "type": "Feature", "properties": { "osm_id": "162_start" }, "geometry": { "type": "Point", "coordinates": [ 118.0000212, 36.8094193 ] } },
{ "type": "Feature", "properties": { "osm_id": "162_end" }, "geometry": { "type": "Point", "coordinates": [ 118.0000181, 36.809484 ] } },
{ "type": "Feature", "properties": { "osm_id": "163_start" }, "geometry": { "type": "Point", "coordinates": [ 117.9974081, 36.8077359 ] } },
{ "type": "Feature", "properties": { "osm_id": "163_end" }, "geometry": { "type": "Point", "coordinates": [ 117.9971814, 36.8064325 ] } },
{ "type": "Feature", "properties": { "osm_id": "164_start" }, "geometry": { "type": "Point", "coordinates": [ 117.9958371, 36.8055461 ] } },
{ "type": "Feature", "properties": { "osm_id": "164_end" }, "geometry": { "type": "Point", "coordinates": [ 117.9962073, 36.8078463 ] } },
{ "type": "Feature", "properties": { "osm_id": "165_start" }, "geometry": { "type": "Point", "coordinates": [ 117.9998283, 36.8082684 ] } },
{ "type": "Feature", "properties": { "osm_id": "165_end" }, "geometry": { "type": "Point", "coordinates": [ 117.9999781, 36.8092182 ] } },
{ "type": "Feature", "properties": { "osm_id": "166_start" }, "geometry": { "type": "Point", "coordinates": [ 117.9998423, 36.8093882 ] } },
{ "type": "Feature", "properties": { "osm_id": "167_end" }, "geometry": { "type": "Point", "coordinates": [ 117.9877357, 36.8063609 ] } },
{ "type": "Feature", "properties": { "osm_id": "168_start" }, "geometry": { "type": "Point", "coordinates": [ 117.9883324, 36.8102408 ] } },
{ "type": "Feature", "properties": { "osm_id": "168_end" }, "geometry": { "type": "Point", "coordinates": [ 117.990114, 36.8100955 ] } },
{ "type": "Feature", "properties": { "osm_id": "169_start" }, "geometry": { "type": "Point", "coordinates": [ 117.9900343, 36.8094521 ] } },
{ "type": "Feature", "properties": { "osm_id": "169_end" }, "geometry": { "type": "Point", "coordinates": [ 117.9910557, 36.8093781 ] } },
{ "type": "Feature", "properties": { "osm_id": "170_start" }, "geometry": { "type": "Point", "coordinates": [ 117.9940517, 36.8140849 ] } },
{ "type": "Feature", "properties": { "osm_id": "170_end" }, "geometry": { "type": "Point", "coordinates": [ 117.9942822, 36.8153225 ] } },
{ "type": "Feature", "properties": { "osm_id": "171_start" }, "geometry": { "type": "Point", "coordinates": [ 117.9927865, 36.8130467 ] } },
{ "type": "Feature", "properties": { "osm_id": "171_end" }, "geometry": { "type": "Point", "coordinates": [ 117.9895217, 36.8133014 ] } },
{ "type": "Feature", "properties": { "osm_id": "172_start" }, "geometry": { "type": "Point", "coordinates": [ 117.9915792, 36.8146316 ] } },
{ "type": "Feature", "properties": { "osm_id": "172_end" }, "geometry": { "type": "Point", "coordinates": [ 117.9897058, 36.81479 ] } },
{ "type": "Feature", "properties": { "osm_id": "173_start" }, "geometry": { "type": "Point", "coordinates": [ 117.9932204, 36.8121902 ] } },
{ "type": "Feature", "properties": { "osm_id": "173_end" }, "geometry": { "type": "Point", "coordinates": [ 117.9942941, 36.8121609 ] } },
{ "type": "Feature", "properties": { "osm_id": "174_start" }, "geometry": { "type": "Point", "coordinates": [ 118.0028657, 36.8083884 ] } },
{ "type": "Feature", "properties": { "osm_id": "174_end" }, "geometry": { "type": "Point", "coordinates": [ 118.0004337, 36.8086487 ] } },
{ "type": "Feature", "properties": { "osm_id": "175_end" }, "geometry": { "type": "Point", "coordinates": [ 117.9884445, 36.8109697 ] } },
{ "type": "Feature", "properties": { "osm_id": "176_start" }, "geometry": { "type": "Point", "coordinates": [ 117.9963156, 36.812319 ] } },
{ "type": "Feature", "properties": { "osm_id": "176_end" }, "geometry": { "type": "Point", "coordinates": [ 117.9952674, 36.8122812 ] } },
{ "type": "Feature", "properties": { "osm_id": "177_start" }, "geometry": { "type": "Point", "coordinates": [ 117.9920585, 36.8123034 ] } },
{ "type": "Feature", "properties": { "osm_id": "177_end" }, "geometry": { "type": "Point", "coordinates": [ 117.992475, 36.8122628 ] } },
{ "type": "Feature", "properties": { "osm_id": "178_start" }, "geometry": { "type": "Point", "coordinates": [ 117.9927471, 36.8144487 ] } },
{ "type": "Feature", "properties": { "osm_id": "178_end" }, "geometry": { "type": "Point", "coordinates": [ 117.9928898, 36.8154342 ] } },
{ "type": "Feature", "properties": { "osm_id": "179_end" }, "geometry": { "type": "Point", "coordinates": [ 117.9867424, 36.8111452 ] } },
{ "type": "Feature", "properties": { "osm_id": "180_start" }, "geometry": { "type": "Point", "coordinates": [ 117.9917026, 36.8155307 ] } },
{ "type": "Feature", "properties": { "osm_id": "180_end" }, "geometry": { "type": "Point", "coordinates": [ 117.9915, 36.8131516 ] } },
{ "type": "Feature", "properties": { "osm_id": "181_start" }, "geometry": { "type": "Point", "coordinates": [ 118.0009595, 36.80646 ] } },
{ "type": "Feature", "properties": { "osm_id": "181_end" }, "geometry": { "type": "Point", "coordinates": [ 117.9980784, 36.8067305 ] } },
{ "type": "Feature", "properties": { "osm_id": "182_end" }, "geometry": { "type": "Point", "coordinates": [ 117.9950157, 36.8121078 ] } },
{ "type": "Feature", "properties": { "osm_id": "184_start" }, "geometry": { "type": "Point", "coordinates": [ 118.0019547, 36.8079112 ] } },
{ "type": "Feature", "properties": { "osm_id": "184_end" }, "geometry": { "type": "Point", "coordinates": [ 118.0027819, 36.8078297 ] } },
{ "type": "Feature", "properties": { "osm_id": "185_end" }, "geometry": { "type": "Point", "coordinates": [ 117.9915668, 36.8145437 ] } },
{ "type": "Feature", "properties": { "osm_id": "186_start" }, "geometry": { "type": "Point", "coordinates": [ 117.9887599, 36.8102682 ] } },
{ "type": "Feature", "properties": { "osm_id": "186_end" }, "geometry": { "type": "Point", "coordinates": [ 117.99005, 36.8101007 ] } },
{ "type": "Feature", "properties": { "osm_id": "188_start" }, "geometry": { "type": "Point", "coordinates": [ 117.9913152, 36.8127695 ] } },
{ "type": "Feature", "properties": { "osm_id": "188_end" }, "geometry": { "type": "Point", "coordinates": [ 117.991374, 36.8131612 ] } },
{ "type": "Feature", "properties": { "osm_id": "189_start" }, "geometry": { "type": "Point", "coordinates": [ 117.9902061, 36.8108261 ] } },
{ "type": "Feature", "properties": { "osm_id": "189_end" }, "geometry": { "type": "Point", "coordinates": [ 117.9896277, 36.8061706 ] } },
{ "type": "Feature", "properties": { "osm_id": "190_start" }, "geometry": { "type": "Point", "coordinates": [ 117.999332, 36.8124894 ] } },
{ "type": "Feature", "properties": { "osm_id": "190_end" }, "geometry": { "type": "Point", "coordinates": [ 117.9963848, 36.8127734 ] } },
{ "type": "Feature", "properties": { "osm_id": "191_start" }, "geometry": { "type": "Point", "coordinates": [ 117.9967984, 36.8154905 ] } },
{ "type": "Feature", "properties": { "osm_id": "192_start" }, "geometry": { "type": "Point", "coordinates": [ 117.9892255, 36.810906 ] } },
{ "type": "Feature", "properties": { "osm_id": "192_end" }, "geometry": { "type": "Point", "coordinates": [ 117.989816, 36.8156809 ] } },
{ "type": "Feature", "properties": { "osm_id": "193_start" }, "geometry": { "type": "Point", "coordinates": [ 117.989468, 36.812867 ] } },
{ "type": "Feature", "properties": { "osm_id": "193_end" }, "geometry": { "type": "Point", "coordinates": [ 117.9924007, 36.812666 ] } },
{ "type": "Feature", "properties": { "osm_id": "194_start" }, "geometry": { "type": "Point", "coordinates": [ 117.9954884, 36.8148583 ] } },
{ "type": "Feature", "properties": { "osm_id": "194_end" }, "geometry": { "type": "Point", "coordinates": [ 117.996197, 36.8147969 ] } },
{ "type": "Feature", "properties": { "osm_id": "195_start" }, "geometry": { "type": "Point", "coordinates": [ 117.9903229, 36.812836 ] } },
{ "type": "Feature", "properties": { "osm_id": "195_end" }, "geometry": { "type": "Point", "coordinates": [ 117.9903778, 36.8132366 ] } },
{ "type": "Feature", "properties": { "osm_id": "196_end" }, "geometry": { "type": "Point", "coordinates": [ 117.989419, 36.8124706 ] } },
{ "type": "Feature", "properties": { "osm_id": "197_start" }, "geometry": { "type": "Point", "coordinates": [ 117.9954294, 36.8143616 ] } },
{ "type": "Feature", "properties": { "osm_id": "197_end" }, "geometry": { "type": "Point", "coordinates": [ 117.992762, 36.8145513 ] } },
{ "type": "Feature", "properties": { "osm_id": "198_start" }, "geometry": { "type": "Point", "coordinates": [ 118.0022832, 36.8095421 ] } },
{ "type": "Feature", "properties": { "osm_id": "198_end" }, "geometry": { "type": "Point", "coordinates": [ 118.0021142, 36.8084689 ] } },
{ "type": "Feature", "properties": { "osm_id": "199_start" }, "geometry": { "type": "Point", "coordinates": [ 117.996555, 36.8138916 ] } },
{ "type": "Feature", "properties": { "osm_id": "199_end" }, "geometry": { "type": "Point", "coordinates": [ 117.9930031, 36.8141657 ] } },
{ "type": "Feature", "properties": { "osm_id": "200_start" }, "geometry": { "type": "Point", "coordinates": [ 117.9953866, 36.813982 ] } },
{ "type": "Feature", "properties": { "osm_id": "200_end" }, "geometry": { "type": "Point", "coordinates": [ 117.9955316, 36.8152223 ] } },
{ "type": "Feature", "properties": { "osm_id": "201_start" }, "geometry": { "type": "Point", "coordinates": [ 117.9910953, 36.8142992 ] } },
{ "type": "Feature", "properties": { "osm_id": "201_end" }, "geometry": { "type": "Point", "coordinates": [ 117.9909616, 36.8131924 ] } },
{ "type": "Feature", "properties": { "osm_id": "202_end" }, "geometry": { "type": "Point", "coordinates": [ 117.9996895, 36.8148889 ] } },
{ "type": "Feature", "properties": { "osm_id": "203_start" }, "geometry": { "type": "Point", "coordinates": [ 117.9909877, 36.8134088 ] } },
{ "type": "Feature", "properties": { "osm_id": "203_end" }, "geometry": { "type": "Point", "coordinates": [ 117.9914302, 36.8133709 ] } },
{ "type": "Feature", "properties": { "osm_id": "204_start" }, "geometry": { "type": "Point", "coordinates": [ 118.0010307, 36.8088829 ] } },
{ "type": "Feature", "properties": { "osm_id": "204_end" }, "geometry": { "type": "Point", "coordinates": [ 118.001217, 36.8099284 ] } },
{ "type": "Feature", "properties": { "osm_id": "205_start" }, "geometry": { "type": "Point", "coordinates": [ 117.9982977, 36.8088773 ] } },
{ "type": "Feature", "properties": { "osm_id": "205_end" }, "geometry": { "type": "Point", "coordinates": [ 117.9983207, 36.8092045 ] } },
{ "type": "Feature", "properties": { "osm_id": "206_start" }, "geometry": { "type": "Point", "coordinates": [ 118.0020469, 36.8084761 ] } },
{ "type": "Feature", "properties": { "osm_id": "207_start" }, "geometry": { "type": "Point", "coordinates": [ 117.9910325, 36.8137798 ] } },
{ "type": "Feature", "properties": { "osm_id": "207_end" }, "geometry": { "type": "Point", "coordinates": [ 117.9914711, 36.8137484 ] } },
{ "type": "Feature", "properties": { "osm_id": "208_start" }, "geometry": { "type": "Point", "coordinates": [ 117.9984548, 36.8101536 ] } },
{ "type": "Feature", "properties": { "osm_id": "208_end" }, "geometry": { "type": "Point", "coordinates": [ 117.9984163, 36.8099003 ] } },
{ "type": "Feature", "properties": { "osm_id": "209_end" }, "geometry": { "type": "Point", "coordinates": [ 117.9989774, 36.810111 ] } },
{ "type": "Feature", "properties": { "osm_id": "210_start" }, "geometry": { "type": "Point", "coordinates": [ 117.9916309, 36.8150109 ] } },
{ "type": "Feature", "properties": { "osm_id": "210_end" }, "geometry": { "type": "Point", "coordinates": [ 117.9897541, 36.8151808 ] } },
{ "type": "Feature", "properties": { "osm_id": "211_start" }, "geometry": { "type": "Point", "coordinates": [ 117.9954835, 36.8147747 ] } },
{ "type": "Feature", "properties": { "osm_id": "211_end" }, "geometry": { "type": "Point", "coordinates": [ 117.9930669, 36.8149714 ] } },
{ "type": "Feature", "properties": { "osm_id": "212_start" }, "geometry": { "type": "Point", "coordinates": [ 117.9878827, 36.8073167 ] } },
{ "type": "Feature", "properties": { "osm_id": "212_end" }, "geometry": { "type": "Point", "coordinates": [ 117.9897482, 36.8071451 ] } },
{ "type": "Feature", "properties": { "osm_id": "213_start" }, "geometry": { "type": "Point", "coordinates": [ 117.9916509, 36.8151759 ] } },
{ "type": "Feature", "properties": { "osm_id": "213_end" }, "geometry": { "type": "Point", "coordinates": [ 117.9897748, 36.8153476 ] } },
{ "type": "Feature", "properties": { "osm_id": "214_start" }, "geometry": { "type": "Point", "coordinates": [ 117.9941961, 36.8153294 ] } },
{ "type": "Feature", "properties": { "osm_id": "215_start" }, "geometry": { "type": "Point", "coordinates": [ 117.9988958, 36.8098559 ] } },
{ "type": "Feature", "properties": { "osm_id": "215_end" }, "geometry": { "type": "Point", "coordinates": [ 117.9987795, 36.8091073 ] } },
{ "type": "Feature", "properties": { "osm_id": "216_start" }, "geometry": { "type": "Point", "coordinates": [ 117.9966208, 36.8143237 ] } },
{ "type": "Feature", "properties": { "osm_id": "216_end" }, "geometry": { "type": "Point", "coordinates": [ 117.9954389, 36.8144414 ] } },
{ "type": "Feature", "properties": { "osm_id": "217_start" }, "geometry": { "type": "Point", "coordinates": [ 117.9915363, 36.8142709 ] } },
{ "type": "Feature", "properties": { "osm_id": "217_end" }, "geometry": { "type": "Point", "coordinates": [ 117.9896604, 36.8144226 ] } },
{ "type": "Feature", "properties": { "osm_id": "218_start" }, "geometry": { "type": "Point", "coordinates": [ 118.0030283, 36.8094731 ] } },
{ "type": "Feature", "properties": { "osm_id": "218_end" }, "geometry": { "type": "Point", "coordinates": [ 117.9977724, 36.80996 ] } },
{ "type": "Feature", "properties": { "osm_id": "219_start" }, "geometry": { "type": "Point", "coordinates": [ 118.0007632, 36.8112855 ] } },
{ "type": "Feature", "properties": { "osm_id": "219_end" }, "geometry": { "type": "Point", "coordinates": [ 118.0016249, 36.8111886 ] } },
{ "type": "Feature", "properties": { "osm_id": "220_start" }, "geometry": { "type": "Point", "coordinates": [ 118.0046653, 36.8145457 ] } },
{ "type": "Feature", "properties": { "osm_id": "220_end" }, "geometry": { "type": "Point", "coordinates": [ 118.0043595, 36.8102941 ] } },
{ "type": "Feature", "properties": { "osm_id": "221_start" }, "geometry": { "type": "Point", "coordinates": [ 117.9995153, 36.8124694 ] } },
{ "type": "Feature", "properties": { "osm_id": "222_start" }, "geometry": { "type": "Point", "coordinates": [ 118.0033557, 36.8146438 ] } },
{ "type": "Feature", "properties": { "osm_id": "222_end" }, "geometry": { "type": "Point", "coordinates": [ 118.0029677, 36.8121382 ] } },
{ "type": "Feature", "properties": { "osm_id": "223_start" }, "geometry": { "type": "Point", "coordinates": [ 118.0005627, 36.8099817 ] } },
{ "type": "Feature", "properties": { "osm_id": "224_start" }, "geometry": { "type": "Point", "coordinates": [ 117.9992473, 36.8106505 ] } },
{ "type": "Feature", "properties": { "osm_id": "224_end" }, "geometry": { "type": "Point", "coordinates": [ 117.9998742, 36.8149048 ] } },
{ "type": "Feature", "properties": { "osm_id": "226_end" }, "geometry": { "type": "Point", "coordinates": [ 118.0006629, 36.8106335 ] } },
{ "type": "Feature", "properties": { "osm_id": "228_end" }, "geometry": { "type": "Point", "coordinates": [ 118.0006454, 36.8105199 ] } },
{ "type": "Feature", "properties": { "osm_id": "229_start" }, "geometry": { "type": "Point", "coordinates": [ 118.0012779, 36.8120035 ] } },
{ "type": "Feature", "properties": { "osm_id": "229_end" }, "geometry": { "type": "Point", "coordinates": [ 118.0017058, 36.8147675 ] } },
{ "type": "Feature", "properties": { "osm_id": "230_end" }, "geometry": { "type": "Point", "coordinates": [ 118.0049637, 36.8119478 ] } },
{ "type": "Feature", "properties": { "osm_id": "231_start" }, "geometry": { "type": "Point", "coordinates": [ 118.0032456, 36.8139325 ] } },
{ "type": "Feature", "properties": { "osm_id": "231_end" }, "geometry": { "type": "Point", "coordinates": [ 118.0028062, 36.8139765 ] } },
{ "type": "Feature", "properties": { "osm_id": "232_start" }, "geometry": { "type": "Point", "coordinates": [ 118.0045324, 36.8127404 ] } },
{ "type": "Feature", "properties": { "osm_id": "232_end" }, "geometry": { "type": "Point", "coordinates": [ 118.0034583, 36.8128473 ] } },
{ "type": "Feature", "properties": { "osm_id": "233_start" }, "geometry": { "type": "Point", "coordinates": [ 118.0041637, 36.8139231 ] } },
{ "type": "Feature", "properties": { "osm_id": "233_end" }, "geometry": { "type": "Point", "coordinates": [ 118.0046166, 36.8138848 ] } },
{ "type": "Feature", "properties": { "osm_id": "234_start" }, "geometry": { "type": "Point", "coordinates": [ 117.9992714, 36.8124114 ] } },
{ "type": "Feature", "properties": { "osm_id": "235_start" }, "geometry": { "type": "Point", "coordinates": [ 118.0005208, 36.8141386 ] } },
{ "type": "Feature", "properties": { "osm_id": "235_end" }, "geometry": { "type": "Point", "coordinates": [ 117.9997717, 36.8142093 ] } },
{ "type": "Feature", "properties": { "osm_id": "236_start" }, "geometry": { "type": "Point", "coordinates": [ 118.0006092, 36.810285 ] } },
{ "type": "Feature", "properties": { "osm_id": "236_end" }, "geometry": { "type": "Point", "coordinates": [ 117.9997837, 36.8149323 ] } },
{ "type": "Feature", "properties": { "osm_id": "237_start" }, "geometry": { "type": "Point", "coordinates": [ 118.003183, 36.8135283 ] } },
{ "type": "Feature", "properties": { "osm_id": "237_end" }, "geometry": { "type": "Point", "coordinates": [ 118.0039277, 36.8134615 ] } },
{ "type": "Feature", "properties": { "osm_id": "238_start" }, "geometry": { "type": "Point", "coordinates": [ 118.0031155, 36.8130927 ] } },
{ "type": "Feature", "properties": { "osm_id": "238_end" }, "geometry": { "type": "Point", "coordinates": [ 118.0008324, 36.8133154 ] } },
{ "type": "Feature", "properties": { "osm_id": "239_start" }, "geometry": { "type": "Point", "coordinates": [ 118.0015496, 36.8137584 ] } },
{ "type": "Feature", "properties": { "osm_id": "239_end" }, "geometry": { "type": "Point", "coordinates": [ 118.003192, 36.8135862 ] } },
{ "type": "Feature", "properties": { "osm_id": "240_start" }, "geometry": { "type": "Point", "coordinates": [ 118.0032698, 36.8140887 ] } },
{ "type": "Feature", "properties": { "osm_id": "240_end" }, "geometry": { "type": "Point", "coordinates": [ 118.0039894, 36.8140176 ] } },
{ "type": "Feature", "properties": { "osm_id": "241_start" }, "geometry": { "type": "Point", "coordinates": [ 118.0043788, 36.8105716 ] } },
{ "type": "Feature", "properties": { "osm_id": "241_end" }, "geometry": { "type": "Point", "coordinates": [ 118.0037743, 36.8106233 ] } },
{ "type": "Feature", "properties": { "osm_id": "242_start" }, "geometry": { "type": "Point", "coordinates": [ 118.0041772, 36.8134486 ] } },
{ "type": "Feature", "properties": { "osm_id": "242_end" }, "geometry": { "type": "Point", "coordinates": [ 118.0045823, 36.8134189 ] } },
{ "type": "Feature", "properties": { "osm_id": "243_start" }, "geometry": { "type": "Point", "coordinates": [ 118.0019187, 36.8111036 ] } },
{ "type": "Feature", "properties": { "osm_id": "243_end" }, "geometry": { "type": "Point", "coordinates": [ 118.0018237, 36.8105269 ] } },
{ "type": "Feature", "properties": { "osm_id": "244_start" }, "geometry": { "type": "Point", "coordinates": [ 118.0045056, 36.8123774 ] } },
{ "type": "Feature", "properties": { "osm_id": "244_end" }, "geometry": { "type": "Point", "coordinates": [ 118.0030264, 36.812517 ] } },
{ "type": "Feature", "properties": { "osm_id": "245_start" }, "geometry": { "type": "Point", "coordinates": [ 118.0004214, 36.8133544 ] } },
{ "type": "Feature", "properties": { "osm_id": "245_end" }, "geometry": { "type": "Point", "coordinates": [ 117.9996559, 36.8134234 ] } },
{ "type": "Feature", "properties": { "osm_id": "246_end" }, "geometry": { "type": "Point", "coordinates": [ 118.0048055, 36.8096865 ] } },
{ "type": "Feature", "properties": { "osm_id": "247_start" }, "geometry": { "type": "Point", "coordinates": [ 118.0007573, 36.8130105 ] } },
{ "type": "Feature", "properties": { "osm_id": "247_end" }, "geometry": { "type": "Point", "coordinates": [ 118.0021473, 36.8128678 ] } },
{ "type": "Feature", "properties": { "osm_id": "248_start" }, "geometry": { "type": "Point", "coordinates": [ 118.001646, 36.8143808 ] } },
{ "type": "Feature", "properties": { "osm_id": "248_end" }, "geometry": { "type": "Point", "coordinates": [ 118.000861, 36.8144539 ] } },
{ "type": "Feature", "properties": { "osm_id": "249_start" }, "geometry": { "type": "Point", "coordinates": [ 118.0023953, 36.8143639 ] } },
{ "type": "Feature", "properties": { "osm_id": "249_end" }, "geometry": { "type": "Point", "coordinates": [ 118.0016546, 36.8144364 ] } },
{ "type": "Feature", "properties": { "osm_id": "250_start" }, "geometry": { "type": "Point", "coordinates": [ 118.0023522, 36.8140196 ] } },
{ "type": "Feature", "properties": { "osm_id": "250_end" }, "geometry": { "type": "Point", "coordinates": [ 118.001602, 36.814097 ] } },
{ "type": "Feature", "properties": { "osm_id": "251_start" }, "geometry": { "type": "Point", "coordinates": [ 118.0045583, 36.8130924 ] } },
{ "type": "Feature", "properties": { "osm_id": "251_end" }, "geometry": { "type": "Point", "coordinates": [ 118.0034849, 36.8131973 ] } },
{ "type": "Feature", "properties": { "osm_id": "252_start" }, "geometry": { "type": "Point", "coordinates": [ 118.0025576, 36.8128253 ] } },
{ "type": "Feature", "properties": { "osm_id": "252_end" }, "geometry": { "type": "Point", "coordinates": [ 118.0030659, 36.8127725 ] } },
{ "type": "Feature", "properties": { "osm_id": "253_start" }, "geometry": { "type": "Point", "coordinates": [ 117.9995316, 36.8114773 ] } },
{ "type": "Feature", "properties": { "osm_id": "253_end" }, "geometry": { "type": "Point", "coordinates": [ 118.0007168, 36.8109838 ] } },
{ "type": "Feature", "properties": { "osm_id": "254_start" }, "geometry": { "type": "Point", "coordinates": [ 118.0030157, 36.8124483 ] } },
{ "type": "Feature", "properties": { "osm_id": "254_end" }, "geometry": { "type": "Point", "coordinates": [ 118.0022956, 36.8125308 ] } },
{ "type": "Feature", "properties": { "osm_id": "255_start" }, "geometry": { "type": "Point", "coordinates": [ 118.0020912, 36.8125485 ] } },
{ "type": "Feature", "properties": { "osm_id": "255_end" }, "geometry": { "type": "Point", "coordinates": [ 117.999565, 36.8128068 ] } },
{ "type": "Feature", "properties": { "osm_id": "256_start" }, "geometry": { "type": "Point", "coordinates": [ 118.0035837, 36.8106396 ] } },
{ "type": "Feature", "properties": { "osm_id": "256_end" }, "geometry": { "type": "Point", "coordinates": [ 118.0029479, 36.810694 ] } },
{ "type": "Feature", "properties": { "osm_id": "257_start" }, "geometry": { "type": "Point", "coordinates": [ 118.0004565, 36.8137637 ] } },
{ "type": "Feature", "properties": { "osm_id": "257_end" }, "geometry": { "type": "Point", "coordinates": [ 117.999716, 36.813831 ] } },
{ "type": "Feature", "properties": { "osm_id": "258_start" }, "geometry": { "type": "Point", "coordinates": [ 118.004201, 36.814372 ] } },
{ "type": "Feature", "properties": { "osm_id": "258_end" }, "geometry": { "type": "Point", "coordinates": [ 118.00465, 36.8143378 ] } },
{ "type": "Feature", "properties": { "osm_id": "259_start" }, "geometry": { "type": "Point", "coordinates": [ 118.003045, 36.8113403 ] } },
{ "type": "Feature", "properties": { "osm_id": "259_end" }, "geometry": { "type": "Point", "coordinates": [ 118.0044251, 36.8112393 ] } },
{ "type": "Feature", "properties": { "osm_id": "260_start" }, "geometry": { "type": "Point", "coordinates": [ 118.003162, 36.8121195 ] } },
{ "type": "Feature", "properties": { "osm_id": "260_end" }, "geometry": { "type": "Point", "coordinates": [ 118.0029079, 36.8104274 ] } },
{ "type": "Feature", "properties": { "osm_id": "261_start" }, "geometry": { "type": "Point", "coordinates": [ 117.9994525, 36.8120516 ] } },
{ "type": "Feature", "properties": { "osm_id": "261_end" }, "geometry": { "type": "Point", "coordinates": [ 118.0008551, 36.8119163 ] } },
{ "type": "Feature", "properties": { "osm_id": "262_start" }, "geometry": { "type": "Point", "coordinates": [ 118.0007316, 36.8113578 ] } },
{ "type": "Feature", "properties": { "osm_id": "262_end" }, "geometry": { "type": "Point", "coordinates": [ 117.9993714, 36.8114927 ] } },
{ "type": "Feature", "properties": { "osm_id": "263_start" }, "geometry": { "type": "Point", "coordinates": [ 118.0005768, 36.8144803 ] } },
{ "type": "Feature", "properties": { "osm_id": "263_end" }, "geometry": { "type": "Point", "coordinates": [ 117.999822, 36.8145505 ] } },
{ "type": "Feature", "properties": { "osm_id": "264_start" }, "geometry": { "type": "Point", "coordinates": [ 118.0015352, 36.8136656 ] } },
{ "type": "Feature", "properties": { "osm_id": "264_end" }, "geometry": { "type": "Point", "coordinates": [ 118.0006952, 36.813742 ] } },
{ "type": "Feature", "properties": { "osm_id": "265_start" }, "geometry": { "type": "Point", "coordinates": [ 118.0032987, 36.8142756 ] } },
{ "type": "Feature", "properties": { "osm_id": "265_end" }, "geometry": { "type": "Point", "coordinates": [ 118.0028569, 36.8143188 ] } },
{ "type": "Feature", "properties": { "osm_id": "266_end" }, "geometry": { "type": "Point", "coordinates": [ 118.0028235, 36.8098723 ] } },
{ "type": "Feature", "properties": { "osm_id": "267_start" }, "geometry": { "type": "Point", "coordinates": [ 117.9994071, 36.8117355 ] } },
{ "type": "Feature", "properties": { "osm_id": "267_end" }, "geometry": { "type": "Point", "coordinates": [ 118.0006704, 36.8116131 ] } },
{ "type": "Feature", "properties": { "osm_id": "268_start" }, "geometry": { "type": "Point", "coordinates": [ 118.0033315, 36.8110011 ] } },
{ "type": "Feature", "properties": { "osm_id": "268_end" }, "geometry": { "type": "Point", "coordinates": [ 118.0044029, 36.8109194 ] } },
{ "type": "Feature", "properties": { "osm_id": "269_start" }, "geometry": { "type": "Point", "coordinates": [ 118.0015928, 36.8140375 ] } },
{ "type": "Feature", "properties": { "osm_id": "269_end" }, "geometry": { "type": "Point", "coordinates": [ 118.0008079, 36.8141115 ] } },
{ "type": "Feature", "properties": { "osm_id": "270_end" }, "geometry": { "type": "Point", "coordinates": [ 118.0029943, 36.8110031 ] } },
{ "type": "Feature", "properties": { "osm_id": "271_start" }, "geometry": { "type": "Point", "coordinates": [ 117.9954144, 36.8114558 ] } },
{ "type": "Feature", "properties": { "osm_id": "271_end" }, "geometry": { "type": "Point", "coordinates": [ 117.9950905, 36.8105108 ] } },
{ "type": "Feature", "properties": { "osm_id": "272_start" }, "geometry": { "type": "Point", "coordinates": [ 117.9972863, 36.8121241 ] } },
{ "type": "Feature", "properties": { "osm_id": "272_end" }, "geometry": { "type": "Point", "coordinates": [ 117.9971817, 36.8121138 ] } },
{ "type": "Feature", "properties": { "osm_id": "273_start" }, "geometry": { "type": "Point", "coordinates": [ 117.9964751, 36.8120986 ] } },
{ "type": "Feature", "properties": { "osm_id": "273_end" }, "geometry": { "type": "Point", "coordinates": [ 117.9971539, 36.8122659 ] } },
{ "type": "Feature", "properties": { "osm_id": "274_start" }, "geometry": { "type": "Point", "coordinates": [ 117.9970639, 36.8121666 ] } },
{ "type": "Feature", "properties": { "osm_id": "274_end" }, "geometry": { "type": "Point", "coordinates": [ 117.9973748, 36.8120858 ] } },
{ "type": "Feature", "properties": { "osm_id": "275_start" }, "geometry": { "type": "Point", "coordinates": [ 117.9967272, 36.8123074 ] } },
{ "type": "Feature", "properties": { "osm_id": "275_end" }, "geometry": { "type": "Point", "coordinates": [ 117.9969781, 36.8118574 ] } },
{ "type": "Feature", "properties": { "osm_id": "276_start" }, "geometry": { "type": "Point", "coordinates": [ 117.9938533, 36.8135087 ] } },
{ "type": "Feature", "properties": { "osm_id": "276_end" }, "geometry": { "type": "Point", "coordinates": [ 117.9940952, 36.8149456 ] } },
{ "type": "Feature", "properties": { "osm_id": "277_start" }, "geometry": { "type": "Point", "coordinates": [ 117.9992634, 36.8125424 ] } },
{ "type": "Feature", "properties": { "osm_id": "277_end" }, "geometry": { "type": "Point", "coordinates": [ 117.996495, 36.8128306 ] } },
{ "type": "Feature", "properties": { "osm_id": "278_start" }, "geometry": { "type": "Point", "coordinates": [ 117.9955217, 36.8121022 ] } },
{ "type": "Feature", "properties": { "osm_id": "278_end" }, "geometry": { "type": "Point", "coordinates": [ 117.9974486, 36.8118788 ] } },
{ "type": "Feature", "properties": { "osm_id": "279_end" }, "geometry": { "type": "Point", "coordinates": [ 117.9869468, 36.8111628 ] } },
{ "type": "Feature", "properties": { "osm_id": "280_start" }, "geometry": { "type": "Point", "coordinates": [ 117.9901078, 36.8100455 ] } },
{ "type": "Feature", "properties": { "osm_id": "280_end" }, "geometry": { "type": "Point", "coordinates": [ 117.9897545, 36.8071955 ] } },
{ "type": "Feature", "properties": { "osm_id": "281_start" }, "geometry": { "type": "Point", "coordinates": [ 117.9901188, 36.8101337 ] } },
{ "type": "Feature", "properties": { "osm_id": "281_end" }, "geometry": { "type": "Point", "coordinates": [ 117.99116, 36.8094016 ] } },
{ "type": "Feature", "properties": { "osm_id": "282_start" }, "geometry": { "type": "Point", "coordinates": [ 117.9894563, 36.8133091 ] } },
{ "type": "Feature", "properties": { "osm_id": "282_end" }, "geometry": { "type": "Point", "coordinates": [ 117.9878237, 36.813221 ] } },
{ "type": "Feature", "properties": { "osm_id": "283_start" }, "geometry": { "type": "Point", "coordinates": [ 117.9869251, 36.8110211 ] } },
{ "type": "Feature", "properties": { "osm_id": "283_end" }, "geometry": { "type": "Point", "coordinates": [ 117.9876716, 36.8064453 ] } },
{ "type": "Feature", "properties": { "osm_id": "284_start" }, "geometry": { "type": "Point", "coordinates": [ 117.9911603, 36.8093175 ] } },
{ "type": "Feature", "properties": { "osm_id": "284_end" }, "geometry": { "type": "Point", "coordinates": [ 117.9897406, 36.8070836 ] } },
{ "type": "Feature", "properties": { "osm_id": "285_start" }, "geometry": { "type": "Point", "coordinates": [ 117.991635, 36.8106506 ] } },
{ "type": "Feature", "properties": { "osm_id": "285_end" }, "geometry": { "type": "Point", "coordinates": [ 117.9950663, 36.8103685 ] } },
{ "type": "Feature", "properties": { "osm_id": "286_start" }, "geometry": { "type": "Point", "coordinates": [ 117.9957051, 36.8102475 ] } },
{ "type": "Feature", "properties": { "osm_id": "286_end" }, "geometry": { "type": "Point", "coordinates": [ 117.9953512, 36.8079235 ] } },
{ "type": "Feature", "properties": { "osm_id": "287_start" }, "geometry": { "type": "Point", "coordinates": [ 117.9964497, 36.8138179 ] } },
{ "type": "Feature", "properties": { "osm_id": "287_end" }, "geometry": { "type": "Point", "coordinates": [ 117.9941322, 36.81402 ] } },
{ "type": "Feature", "properties": { "osm_id": "288_start" }, "geometry": { "type": "Point", "coordinates": [ 117.9992982, 36.8051981 ] } },
{ "type": "Feature", "properties": { "osm_id": "288_end" }, "geometry": { "type": "Point", "coordinates": [ 117.9992807, 36.8050974 ] } },
{ "type": "Feature", "properties": { "osm_id": "289_start" }, "geometry": { "type": "Point", "coordinates": [ 117.9979781, 36.806417 ] } },
{ "type": "Feature", "properties": { "osm_id": "289_end" }, "geometry": { "type": "Point", "coordinates": [ 117.9979622, 36.8062937 ] } },
{ "type": "Feature", "properties": { "osm_id": "290_start" }, "geometry": { "type": "Point", "coordinates": [ 117.9995288, 36.8066261 ] } },
{ "type": "Feature", "properties": { "osm_id": "291_start" }, "geometry": { "type": "Point", "coordinates": [ 117.995586, 36.8119626 ] } },
{ "type": "Feature", "properties": { "osm_id": "291_end" }, "geometry": { "type": "Point", "coordinates": [ 117.9955002, 36.8119583 ] } },
{ "type": "Feature", "properties": { "osm_id": "292_start" }, "geometry": { "type": "Point", "coordinates": [ 117.9971712, 36.8063684 ] } },
{ "type": "Feature", "properties": { "osm_id": "292_end" }, "geometry": { "type": "Point", "coordinates": [ 117.9980933, 36.8062808 ] } },
{ "type": "Feature", "properties": { "osm_id": "293_end" }, "geometry": { "type": "Point", "coordinates": [ 117.9957168, 36.8103184 ] } },
{ "type": "Feature", "properties": { "osm_id": "294_start" }, "geometry": { "type": "Point", "coordinates": [ 118.0010658, 36.8067056 ] } },
{ "type": "Feature", "properties": { "osm_id": "294_end" }, "geometry": { "type": "Point", "coordinates": [ 118.0028108, 36.8072009 ] } },
{ "type": "Feature", "properties": { "osm_id": "295_end" }, "geometry": { "type": "Point", "coordinates": [ 117.9954412, 36.8119605 ] } },
{ "type": "Feature", "properties": { "osm_id": "296_start" }, "geometry": { "type": "Point", "coordinates": [ 117.9927575, 36.8145206 ] } },
{ "type": "Feature", "properties": { "osm_id": "297_end" }, "geometry": { "type": "Point", "coordinates": [ 117.9927688, 36.8145981 ] } },
{ "type": "Feature", "properties": { "osm_id": "298_end" }, "geometry": { "type": "Point", "coordinates": [ 117.9954589, 36.8121556 ] } },
{ "type": "Feature", "properties": { "osm_id": "299_start" }, "geometry": { "type": "Point", "coordinates": [ 117.994276, 36.8149501 ] } },
{ "type": "Feature", "properties": { "osm_id": "300_start" }, "geometry": { "type": "Point", "coordinates": [ 117.9982438, 36.8077109 ] } },
{ "type": "Feature", "properties": { "osm_id": "300_end" }, "geometry": { "type": "Point", "coordinates": [ 118.0047987, 36.8095903 ] } },
{ "type": "Feature", "properties": { "osm_id": "301_start" }, "geometry": { "type": "Point", "coordinates": [ 117.9942171, 36.8145354 ] } },
{ "type": "Feature", "properties": { "osm_id": "302_start" }, "geometry": { "type": "Point", "coordinates": [ 117.9981097, 36.8064054 ] } },
{ "type": "Feature", "properties": { "osm_id": "302_end" }, "geometry": { "type": "Point", "coordinates": [ 117.9981965, 36.8075958 ] } },
{ "type": "Feature", "properties": { "osm_id": "303_end" }, "geometry": { "type": "Point", "coordinates": [ 117.9972061, 36.8110925 ] } },
{ "type": "Feature", "properties": { "osm_id": "304_start" }, "geometry": { "type": "Point", "coordinates": [ 118.0008941, 36.8064028 ] } },
{ "type": "Feature", "properties": { "osm_id": "304_end" }, "geometry": { "type": "Point", "coordinates": [ 117.9981518, 36.8067246 ] } },
{ "type": "Feature", "properties": { "osm_id": "305_end" }, "geometry": { "type": "Point", "coordinates": [ 118.0040699, 36.807032 ] } },
{ "type": "Feature", "properties": { "osm_id": "306_start" }, "geometry": { "type": "Point", "coordinates": [ 117.9953141, 36.8139369 ] } },
{ "type": "Feature", "properties": { "osm_id": "307_start" }, "geometry": { "type": "Point", "coordinates": [ 117.9957389, 36.8055953 ] } },
{ "type": "Feature", "properties": { "osm_id": "309_start" }, "geometry": { "type": "Point", "coordinates": [ 117.9928256, 36.8149911 ] } },
{ "type": "Feature", "properties": { "osm_id": "310_start" }, "geometry": { "type": "Point", "coordinates": [ 117.9929717, 36.8145012 ] } },
{ "type": "Feature", "properties": { "osm_id": "311_start" }, "geometry": { "type": "Point", "coordinates": [ 117.9929353, 36.8141726 ] } },
{ "type": "Feature", "properties": { "osm_id": "311_end" }, "geometry": { "type": "Point", "coordinates": [ 117.9939625, 36.8140369 ] } },
{ "type": "Feature", "properties": { "osm_id": "312_start" }, "geometry": { "type": "Point", "coordinates": [ 117.9954546, 36.8140284 ] } },
{ "type": "Feature", "properties": { "osm_id": "313_start" }, "geometry": { "type": "Point", "coordinates": [ 117.9965785, 36.8146252 ] } },
{ "type": "Feature", "properties": { "osm_id": "314_start" }, "geometry": { "type": "Point", "coordinates": [ 117.9958739, 36.8086629 ] } },
{ "type": "Feature", "properties": { "osm_id": "314_end" }, "geometry": { "type": "Point", "coordinates": [ 117.9954492, 36.808546 ] } },
{ "type": "Feature", "properties": { "osm_id": "316_end" }, "geometry": { "type": "Point", "coordinates": [ 117.990915, 36.8137881 ] } },
{ "type": "Feature", "properties": { "osm_id": "317_start" }, "geometry": { "type": "Point", "coordinates": [ 117.9896568, 36.8138912 ] } },
{ "type": "Feature", "properties": { "osm_id": "317_end" }, "geometry": { "type": "Point", "coordinates": [ 117.9897956, 36.8138805 ] } },
{ "type": "Feature", "properties": { "osm_id": "318_start" }, "geometry": { "type": "Point", "coordinates": [ 118.0039671, 36.8099659 ] } },
{ "type": "Feature", "properties": { "osm_id": "318_end" }, "geometry": { "type": "Point", "coordinates": [ 118.0039401, 36.8097457 ] } },
{ "type": "Feature", "properties": { "osm_id": "319_start" }, "geometry": { "type": "Point", "coordinates": [ 117.9988247, 36.8071609 ] } },
{ "type": "Feature", "properties": { "osm_id": "319_end" }, "geometry": { "type": "Point", "coordinates": [ 117.9986856, 36.8073188 ] } },
{ "type": "Feature", "properties": { "osm_id": "320_start" }, "geometry": { "type": "Point", "coordinates": [ 118.000292, 36.8070128 ] } },
{ "type": "Feature", "properties": { "osm_id": "320_end" }, "geometry": { "type": "Point", "coordinates": [ 118.0004882, 36.8071512 ] } },
{ "type": "Feature", "properties": { "osm_id": "321_start" }, "geometry": { "type": "Point", "coordinates": [ 117.9999787, 36.8100293 ] } },
{ "type": "Feature", "properties": { "osm_id": "322_end" }, "geometry": { "type": "Point", "coordinates": [ 118.000013, 36.809294 ] } },
{ "type": "Feature", "properties": { "osm_id": "323_end" }, "geometry": { "type": "Point", "coordinates": [ 118.0001023, 36.8100193 ] } },
{ "type": "Feature", "properties": { "osm_id": "324_start" }, "geometry": { "type": "Point", "coordinates": [ 117.9998546, 36.8093115 ] } },
{ "type": "Feature", "properties": { "osm_id": "326_start" }, "geometry": { "type": "Point", "coordinates": [ 118.002678, 36.8090897 ] } },
{ "type": "Feature", "properties": { "osm_id": "326_end" }, "geometry": { "type": "Point", "coordinates": [ 118.0029666, 36.8090613 ] } },
{ "type": "Feature", "properties": { "osm_id": "327_end" }, "geometry": { "type": "Point", "coordinates": [ 117.9948676, 36.8105277 ] } },
{ "type": "Feature", "properties": { "osm_id": "328_start" }, "geometry": { "type": "Point", "coordinates": [ 117.99508, 36.8104287 ] } },
{ "type": "Feature", "properties": { "osm_id": "329_start" }, "geometry": { "type": "Point", "coordinates": [ 117.9919336, 36.8107604 ] } },
{ "type": "Feature", "properties": { "osm_id": "330_start" }, "geometry": { "type": "Point", "coordinates": [ 117.9925912, 36.8122515 ] } },
{ "type": "Feature", "properties": { "osm_id": "331_start" }, "geometry": { "type": "Point", "coordinates": [ 117.9921293, 36.8106693 ] } },
{ "type": "Feature", "properties": { "osm_id": "331_end" }, "geometry": { "type": "Point", "coordinates": [ 117.9948599, 36.8104467 ] } },
{ "type": "Feature", "properties": { "osm_id": "332_end" }, "geometry": { "type": "Point", "coordinates": [ 117.9951385, 36.8121003 ] } },
{ "type": "Feature", "properties": { "osm_id": "333_start" }, "geometry": { "type": "Point", "coordinates": [ 117.9921054, 36.8106172 ] } },
{ "type": "Feature", "properties": { "osm_id": "333_end" }, "geometry": { "type": "Point", "coordinates": [ 117.9918609, 36.8106377 ] } },
{ "type": "Feature", "properties": { "osm_id": "335_end" }, "geometry": { "type": "Point", "coordinates": [ 117.9921721, 36.8107409 ] } },
{ "type": "Feature", "properties": { "osm_id": "338_start" }, "geometry": { "type": "Point", "coordinates": [ 117.9948519, 36.8103865 ] } },
{ "type": "Feature", "properties": { "osm_id": "342_end" }, "geometry": { "type": "Point", "coordinates": [ 117.9953346, 36.8120975 ] } },
{ "type": "Feature", "properties": { "osm_id": "343_start" }, "geometry": { "type": "Point", "coordinates": [ 118.0032266, 36.8047497 ] } },
{ "type": "Feature", "properties": { "osm_id": "343_end" }, "geometry": { "type": "Point", "coordinates": [ 118.0039399, 36.8046746 ] } },
{ "type": "Feature", "properties": { "osm_id": "344_end" }, "geometry": { "type": "Point", "coordinates": [ 118.0038819, 36.8041419 ] } },
{ "type": "Feature", "properties": { "osm_id": "345_start" }, "geometry": { "type": "Point", "coordinates": [ 118.0308489, 36.8137404 ] } },
{ "type": "Feature", "properties": { "osm_id": "345_end" }, "geometry": { "type": "Point", "coordinates": [ 118.0380975, 36.8137023 ] } },
{ "type": "Feature", "properties": { "osm_id": "346_start" }, "geometry": { "type": "Point", "coordinates": [ 118.1204179, 36.8138758 ] } },
{ "type": "Feature", "properties": { "osm_id": "346_end" }, "geometry": { "type": "Point", "coordinates": [ 118.1228446, 36.8007452 ] } },
{ "type": "Feature", "properties": { "osm_id": "349_start" }, "geometry": { "type": "Point", "coordinates": [ 118.0039938, 36.7980906 ] } },
{ "type": "Feature", "properties": { "osm_id": "349_end" }, "geometry": { "type": "Point", "coordinates": [ 117.9855743, 36.7996172 ] } },
{ "type": "Feature", "properties": { "osm_id": "350_start" }, "geometry": { "type": "Point", "coordinates": [ 118.1189486, 36.7891137 ] } },
{ "type": "Feature", "properties": { "osm_id": "350_end" }, "geometry": { "type": "Point", "coordinates": [ 118.1056842, 36.7894658 ] } },
{ "type": "Feature", "properties": { "osm_id": "351_start" }, "geometry": { "type": "Point", "coordinates": [ 118.0876568, 36.7882961 ] } },
{ "type": "Feature", "properties": { "osm_id": "351_end" }, "geometry": { "type": "Point", "coordinates": [ 118.0848026, 36.7884276 ] } },
{ "type": "Feature", "properties": { "osm_id": "352_start" }, "geometry": { "type": "Point", "coordinates": [ 118.1056413, 36.7893822 ] } },
{ "type": "Feature", "properties": { "osm_id": "352_end" }, "geometry": { "type": "Point", "coordinates": [ 118.1191576, 36.7890197 ] } },
{ "type": "Feature", "properties": { "osm_id": "353_start" }, "geometry": { "type": "Point", "coordinates": [ 118.0888228, 36.7899376 ] } },
{ "type": "Feature", "properties": { "osm_id": "353_end" }, "geometry": { "type": "Point", "coordinates": [ 118.1051694, 36.7893928 ] } },
{ "type": "Feature", "properties": { "osm_id": "354_start" }, "geometry": { "type": "Point", "coordinates": [ 118.0798755, 36.7889862 ] } },
{ "type": "Feature", "properties": { "osm_id": "354_end" }, "geometry": { "type": "Point", "coordinates": [ 118.0796626, 36.7890122 ] } },
{ "type": "Feature", "properties": { "osm_id": "355_end" }, "geometry": { "type": "Point", "coordinates": [ 117.8616885, 36.7980251 ] } },
{ "type": "Feature", "properties": { "osm_id": "356_start" }, "geometry": { "type": "Point", "coordinates": [ 117.8616931, 36.7979254 ] } },
{ "type": "Feature", "properties": { "osm_id": "360_start" }, "geometry": { "type": "Point", "coordinates": [ 118.0185265, 36.8027141 ] } },
{ "type": "Feature", "properties": { "osm_id": "360_end" }, "geometry": { "type": "Point", "coordinates": [ 118.0182665, 36.8027387 ] } },
{ "type": "Feature", "properties": { "osm_id": "361_start" }, "geometry": { "type": "Point", "coordinates": [ 117.9773623, 36.8158882 ] } },
{ "type": "Feature", "properties": { "osm_id": "361_end" }, "geometry": { "type": "Point", "coordinates": [ 117.983527, 36.815424 ] } },
{ "type": "Feature", "properties": { "osm_id": "362_end" }, "geometry": { "type": "Point", "coordinates": [ 117.9839749, 36.8153854 ] } },
{ "type": "Feature", "properties": { "osm_id": "363_start" }, "geometry": { "type": "Point", "coordinates": [ 117.9802534, 36.80862 ] } },
{ "type": "Feature", "properties": { "osm_id": "363_end" }, "geometry": { "type": "Point", "coordinates": [ 117.9810214, 36.8084832 ] } },
{ "type": "Feature", "properties": { "osm_id": "364_start" }, "geometry": { "type": "Point", "coordinates": [ 117.9808646, 36.8084645 ] } },
{ "type": "Feature", "properties": { "osm_id": "364_end" }, "geometry": { "type": "Point", "coordinates": [ 117.9803649, 36.806375 ] } },
{ "type": "Feature", "properties": { "osm_id": "366_end" }, "geometry": { "type": "Point", "coordinates": [ 117.984297, 36.8153757 ] } },
{ "type": "Feature", "properties": { "osm_id": "367_start" }, "geometry": { "type": "Point", "coordinates": [ 117.9838288, 36.8166548 ] } },
{ "type": "Feature", "properties": { "osm_id": "368_end" }, "geometry": { "type": "Point", "coordinates": [ 117.9802518, 36.8087254 ] } },
{ "type": "Feature", "properties": { "osm_id": "369_start" }, "geometry": { "type": "Point", "coordinates": [ 118.0182613, 36.8025852 ] } },
{ "type": "Feature", "properties": { "osm_id": "369_end" }, "geometry": { "type": "Point", "coordinates": [ 118.0185182, 36.8025619 ] } },
{ "type": "Feature", "properties": { "osm_id": "370_end" }, "geometry": { "type": "Point", "coordinates": [ 117.9839542, 36.8166451 ] } },
{ "type": "Feature", "properties": { "osm_id": "404_start" }, "geometry": { "type": "Point", "coordinates": [ 117.9871304, 36.8064903 ] } },
{ "type": "Feature", "properties": { "osm_id": "404_end" }, "geometry": { "type": "Point", "coordinates": [ 117.9877477, 36.806439 ] } },
{ "type": "Feature", "properties": { "osm_id": "405_start" }, "geometry": { "type": "Point", "coordinates": [ 118.0752653, 36.7951359 ] } },
{ "type": "Feature", "properties": { "osm_id": "405_end" }, "geometry": { "type": "Point", "coordinates": [ 118.0750291, 36.795149 ] } },
{ "type": "Feature", "properties": { "osm_id": "406_start" }, "geometry": { "type": "Point", "coordinates": [ 118.0769766, 36.7915858 ] } },
{ "type": "Feature", "properties": { "osm_id": "406_end" }, "geometry": { "type": "Point", "coordinates": [ 118.076951, 36.7914687 ] } },
{ "type": "Feature", "properties": { "osm_id": "407_end" }, "geometry": { "type": "Point", "coordinates": [ 118.0764557, 36.7893687 ] } },
{ "type": "Feature", "properties": { "osm_id": "408_start" }, "geometry": { "type": "Point", "coordinates": [ 118.0765856, 36.7893446 ] } },
{ "type": "Feature", "properties": { "osm_id": "408_end" }, "geometry": { "type": "Point", "coordinates": [ 118.0770628, 36.7913936 ] } },
{ "type": "Feature", "properties": { "osm_id": "409_end" }, "geometry": { "type": "Point", "coordinates": [ 118.0770884, 36.7915112 ] } },
{ "type": "Feature", "properties": { "osm_id": "410_start" }, "geometry": { "type": "Point", "coordinates": [ 118.0750112, 36.7950445 ] } },
{ "type": "Feature", "properties": { "osm_id": "410_end" }, "geometry": { "type": "Point", "coordinates": [ 118.0752562, 36.7950312 ] } },
{ "type": "Feature", "properties": { "osm_id": "411_start" }, "geometry": { "type": "Point", "coordinates": [ 118.0777282, 36.7949974 ] } },
{ "type": "Feature", "properties": { "osm_id": "412_end" }, "geometry": { "type": "Point", "coordinates": [ 118.0777032, 36.7948952 ] } },
{ "type": "Feature", "properties": { "osm_id": "414_start" }, "geometry": { "type": "Point", "coordinates": [ 118.0777842, 36.8014336 ] } },
{ "type": "Feature", "properties": { "osm_id": "415_start" }, "geometry": { "type": "Point", "coordinates": [ 118.0378643, 36.8203655 ] } },
{ "type": "Feature", "properties": { "osm_id": "415_end" }, "geometry": { "type": "Point", "coordinates": [ 118.038202, 36.8203478 ] } },
{ "type": "Feature", "properties": { "osm_id": "416_start" }, "geometry": { "type": "Point", "coordinates": [ 118.0803077, 36.8173345 ] } },
{ "type": "Feature", "properties": { "osm_id": "416_end" }, "geometry": { "type": "Point", "coordinates": [ 118.0668265, 36.8167285 ] } },
{ "type": "Feature", "properties": { "osm_id": "417_start" }, "geometry": { "type": "Point", "coordinates": [ 118.0637881, 36.8171916 ] } },
{ "type": "Feature", "properties": { "osm_id": "417_end" }, "geometry": { "type": "Point", "coordinates": [ 118.0636248, 36.8172164 ] } },
{ "type": "Feature", "properties": { "osm_id": "418_start" }, "geometry": { "type": "Point", "coordinates": [ 118.0194449, 36.8215678 ] } },
{ "type": "Feature", "properties": { "osm_id": "418_end" }, "geometry": { "type": "Point", "coordinates": [ 118.0191074, 36.8215937 ] } },
{ "type": "Feature", "properties": { "osm_id": "419_start" }, "geometry": { "type": "Point", "coordinates": [ 118.0059204, 36.8219783 ] } },
{ "type": "Feature", "properties": { "osm_id": "419_end" }, "geometry": { "type": "Point", "coordinates": [ 118.0120789, 36.8216459 ] } },
{ "type": "Feature", "properties": { "osm_id": "420_end" }, "geometry": { "type": "Point", "coordinates": [ 118.0778223, 36.7948676 ] } },
{ "type": "Feature", "properties": { "osm_id": "421_start" }, "geometry": { "type": "Point", "coordinates": [ 118.0382236, 36.8205123 ] } },
{ "type": "Feature", "properties": { "osm_id": "421_end" }, "geometry": { "type": "Point", "coordinates": [ 118.0378852, 36.8205306 ] } },
{ "type": "Feature", "properties": { "osm_id": "422_start" }, "geometry": { "type": "Point", "coordinates": [ 118.0670911, 36.8165813 ] } },
{ "type": "Feature", "properties": { "osm_id": "423_start" }, "geometry": { "type": "Point", "coordinates": [ 118.0190941, 36.8212856 ] } },
{ "type": "Feature", "properties": { "osm_id": "423_end" }, "geometry": { "type": "Point", "coordinates": [ 118.0194242, 36.8212759 ] } },
{ "type": "Feature", "properties": { "osm_id": "424_start" }, "geometry": { "type": "Point", "coordinates": [ 118.0705656, 36.7456493 ] } },
{ "type": "Feature", "properties": { "osm_id": "424_end" }, "geometry": { "type": "Point", "coordinates": [ 118.0695144, 36.763239 ] } },
{ "type": "Feature", "properties": { "osm_id": "425_start" }, "geometry": { "type": "Point", "coordinates": [ 118.063597, 36.8170964 ] } },
{ "type": "Feature", "properties": { "osm_id": "425_end" }, "geometry": { "type": "Point", "coordinates": [ 118.0637717, 36.8170699 ] } },
{ "type": "Feature", "properties": { "osm_id": "426_start" }, "geometry": { "type": "Point", "coordinates": [ 118.0187536, 36.8137634 ] } },
{ "type": "Feature", "properties": { "osm_id": "426_end" }, "geometry": { "type": "Point", "coordinates": [ 118.0190776, 36.8137379 ] } },
{ "type": "Feature", "properties": { "osm_id": "427_start" }, "geometry": { "type": "Point", "coordinates": [ 118.0625456, 36.8095921 ] } },
{ "type": "Feature", "properties": { "osm_id": "427_end" }, "geometry": { "type": "Point", "coordinates": [ 118.0627907, 36.8095415 ] } },
{ "type": "Feature", "properties": { "osm_id": "428_start" }, "geometry": { "type": "Point", "coordinates": [ 118.0190861, 36.8138763 ] } },
{ "type": "Feature", "properties": { "osm_id": "428_end" }, "geometry": { "type": "Point", "coordinates": [ 118.0187583, 36.8139021 ] } },
{ "type": "Feature", "properties": { "osm_id": "429_start" }, "geometry": { "type": "Point", "coordinates": [ 118.0566398, 36.8108068 ] } },
{ "type": "Feature", "properties": { "osm_id": "429_end" }, "geometry": { "type": "Point", "coordinates": [ 118.0621643, 36.8096664 ] } },
{ "type": "Feature", "properties": { "osm_id": "430_start" }, "geometry": { "type": "Point", "coordinates": [ 118.0184598, 36.8082915 ] } },
{ "type": "Feature", "properties": { "osm_id": "430_end" }, "geometry": { "type": "Point", "coordinates": [ 118.0188271, 36.8082566 ] } },
{ "type": "Feature", "properties": { "osm_id": "431_start" }, "geometry": { "type": "Point", "coordinates": [ 118.0630508, 36.8032513 ] } },
{ "type": "Feature", "properties": { "osm_id": "431_end" }, "geometry": { "type": "Point", "coordinates": [ 118.0622188, 36.8033776 ] } },
{ "type": "Feature", "properties": { "osm_id": "432_start" }, "geometry": { "type": "Point", "coordinates": [ 118.041997, 36.8065209 ] } },
{ "type": "Feature", "properties": { "osm_id": "432_end" }, "geometry": { "type": "Point", "coordinates": [ 118.0309323, 36.8075632 ] } },
{ "type": "Feature", "properties": { "osm_id": "433_start" }, "geometry": { "type": "Point", "coordinates": [ 118.0188327, 36.8083526 ] } },
{ "type": "Feature", "properties": { "osm_id": "433_end" }, "geometry": { "type": "Point", "coordinates": [ 118.0184697, 36.8083871 ] } },
{ "type": "Feature", "properties": { "osm_id": "434_start" }, "geometry": { "type": "Point", "coordinates": [ 118.0192641, 36.8082151 ] } },
{ "type": "Feature", "properties": { "osm_id": "434_end" }, "geometry": { "type": "Point", "coordinates": [ 118.0264744, 36.8075299 ] } },
{ "type": "Feature", "properties": { "osm_id": "435_start" }, "geometry": { "type": "Point", "coordinates": [ 118.0777628, 36.8015133 ] } },
{ "type": "Feature", "properties": { "osm_id": "435_end" }, "geometry": { "type": "Point", "coordinates": [ 118.0663861, 36.8027981 ] } },
{ "type": "Feature", "properties": { "osm_id": "436_start" }, "geometry": { "type": "Point", "coordinates": [ 118.0535602, 36.8007619 ] } },
{ "type": "Feature", "properties": { "osm_id": "436_end" }, "geometry": { "type": "Point", "coordinates": [ 118.0536878, 36.8007406 ] } },
{ "type": "Feature", "properties": { "osm_id": "437_start" }, "geometry": { "type": "Point", "coordinates": [ 118.0420678, 36.8064069 ] } },
{ "type": "Feature", "properties": { "osm_id": "437_end" }, "geometry": { "type": "Point", "coordinates": [ 118.0422323, 36.8063804 ] } },
{ "type": "Feature", "properties": { "osm_id": "438_start" }, "geometry": { "type": "Point", "coordinates": [ 118.0421559, 36.8064954 ] } },
{ "type": "Feature", "properties": { "osm_id": "439_start" }, "geometry": { "type": "Point", "coordinates": [ 118.0632328, 36.8032274 ] } },
{ "type": "Feature", "properties": { "osm_id": "440_start" }, "geometry": { "type": "Point", "coordinates": [ 117.8530307, 36.8338534 ] } },
{ "type": "Feature", "properties": { "osm_id": "440_end" }, "geometry": { "type": "Point", "coordinates": [ 117.9013507, 36.8324614 ] } },
{ "type": "Feature", "properties": { "osm_id": "442_start" }, "geometry": { "type": "Point", "coordinates": [ 117.9241296, 36.832405 ] } },
{ "type": "Feature", "properties": { "osm_id": "442_end" }, "geometry": { "type": "Point", "coordinates": [ 117.9228352, 36.8322145 ] } },
{ "type": "Feature", "properties": { "osm_id": "443_start" }, "geometry": { "type": "Point", "coordinates": [ 117.9241697, 36.8325382 ] } },
{ "type": "Feature", "properties": { "osm_id": "444_start" }, "geometry": { "type": "Point", "coordinates": [ 117.9021689, 36.8326351 ] } },
{ "type": "Feature", "properties": { "osm_id": "444_end" }, "geometry": { "type": "Point", "coordinates": [ 117.9013622, 36.8326658 ] } },
{ "type": "Feature", "properties": { "osm_id": "445_end" }, "geometry": { "type": "Point", "coordinates": [ 117.8528613, 36.8341239 ] } },
{ "type": "Feature", "properties": { "osm_id": "446_end" }, "geometry": { "type": "Point", "coordinates": [ 117.9241563, 36.8332402 ] } },
{ "type": "Feature", "properties": { "osm_id": "447_start" }, "geometry": { "type": "Point", "coordinates": [ 117.9074772, 36.8327312 ] } },
{ "type": "Feature", "properties": { "osm_id": "448_start" }, "geometry": { "type": "Point", "coordinates": [ 117.9241724, 36.833354 ] } },
{ "type": "Feature", "properties": { "osm_id": "448_end" }, "geometry": { "type": "Point", "coordinates": [ 117.9255189, 36.8336374 ] } },
{ "type": "Feature", "properties": { "osm_id": "449_start" }, "geometry": { "type": "Point", "coordinates": [ 117.902152, 36.8324307 ] } },
{ "type": "Feature", "properties": { "osm_id": "449_end" }, "geometry": { "type": "Point", "coordinates": [ 117.9077145, 36.8325415 ] } },
{ "type": "Feature", "properties": { "osm_id": "452_start" }, "geometry": { "type": "Point", "coordinates": [ 118.0748418, 36.8107166 ] } },
{ "type": "Feature", "properties": { "osm_id": "452_end" }, "geometry": { "type": "Point", "coordinates": [ 118.0738265, 36.8109158 ] } },
{ "type": "Feature", "properties": { "osm_id": "453_start" }, "geometry": { "type": "Point", "coordinates": [ 118.0628024, 36.8132818 ] } },
{ "type": "Feature", "properties": { "osm_id": "453_end" }, "geometry": { "type": "Point", "coordinates": [ 118.0626275, 36.8133165 ] } },
{ "type": "Feature", "properties": { "osm_id": "454_start" }, "geometry": { "type": "Point", "coordinates": [ 118.0853306, 36.8209695 ] } },
{ "type": "Feature", "properties": { "osm_id": "455_start" }, "geometry": { "type": "Point", "coordinates": [ 117.9903924, 36.8380626 ] } },
{ "type": "Feature", "properties": { "osm_id": "455_end" }, "geometry": { "type": "Point", "coordinates": [ 117.999245, 36.8377934 ] } },
{ "type": "Feature", "properties": { "osm_id": "456_start" }, "geometry": { "type": "Point", "coordinates": [ 118.0200848, 36.8369252 ] } },
{ "type": "Feature", "properties": { "osm_id": "456_end" }, "geometry": { "type": "Point", "coordinates": [ 118.0197591, 36.8369288 ] } },
{ "type": "Feature", "properties": { "osm_id": "459_start" }, "geometry": { "type": "Point", "coordinates": [ 117.9861232, 36.8384676 ] } },
{ "type": "Feature", "properties": { "osm_id": "459_end" }, "geometry": { "type": "Point", "coordinates": [ 117.985456, 36.8384759 ] } },
{ "type": "Feature", "properties": { "osm_id": "461_start" }, "geometry": { "type": "Point", "coordinates": [ 118.0197412, 36.8367254 ] } },
{ "type": "Feature", "properties": { "osm_id": "461_end" }, "geometry": { "type": "Point", "coordinates": [ 118.020077, 36.8367173 ] } },
{ "type": "Feature", "properties": { "osm_id": "464_start" }, "geometry": { "type": "Point", "coordinates": [ 117.9854391, 36.8382128 ] } },
{ "type": "Feature", "properties": { "osm_id": "464_end" }, "geometry": { "type": "Point", "coordinates": [ 117.9861149, 36.8381983 ] } },
{ "type": "Feature", "properties": { "osm_id": "465_start" }, "geometry": { "type": "Point", "coordinates": [ 117.9594493, 36.8392243 ] } },
{ "type": "Feature", "properties": { "osm_id": "465_end" }, "geometry": { "type": "Point", "coordinates": [ 117.9535224, 36.8393148 ] } },
{ "type": "Feature", "properties": { "osm_id": "466_end" }, "geometry": { "type": "Point", "coordinates": [ 118.0312298, 36.8496959 ] } },
{ "type": "Feature", "properties": { "osm_id": "467_start" }, "geometry": { "type": "Point", "coordinates": [ 118.0952793, 36.8487598 ] } },
{ "type": "Feature", "properties": { "osm_id": "467_end" }, "geometry": { "type": "Point", "coordinates": [ 118.1165752, 36.8471487 ] } },
{ "type": "Feature", "properties": { "osm_id": "468_start" }, "geometry": { "type": "Point", "coordinates": [ 118.0469448, 36.8485904 ] } },
{ "type": "Feature", "properties": { "osm_id": "468_end" }, "geometry": { "type": "Point", "coordinates": [ 118.0376762, 36.8487225 ] } },
{ "type": "Feature", "properties": { "osm_id": "469_end" }, "geometry": { "type": "Point", "coordinates": [ 118.0267935, 36.8498147 ] } },
{ "type": "Feature", "properties": { "osm_id": "470_start" }, "geometry": { "type": "Point", "coordinates": [ 118.0647925, 36.8500522 ] } },
{ "type": "Feature", "properties": { "osm_id": "470_end" }, "geometry": { "type": "Point", "coordinates": [ 118.0683152, 36.8495392 ] } },
{ "type": "Feature", "properties": { "osm_id": "471_start" }, "geometry": { "type": "Point", "coordinates": [ 118.0689042, 36.8496505 ] } },
{ "type": "Feature", "properties": { "osm_id": "471_end" }, "geometry": { "type": "Point", "coordinates": [ 118.0648513, 36.8502213 ] } },
{ "type": "Feature", "properties": { "osm_id": "472_start" }, "geometry": { "type": "Point", "coordinates": [ 118.1168004, 36.8499383 ] } },
{ "type": "Feature", "properties": { "osm_id": "472_end" }, "geometry": { "type": "Point", "coordinates": [ 118.1006609, 36.8507499 ] } },
{ "type": "Feature", "properties": { "osm_id": "473_start" }, "geometry": { "type": "Point", "coordinates": [ 118.1009006, 36.8438637 ] } },
{ "type": "Feature", "properties": { "osm_id": "473_end" }, "geometry": { "type": "Point", "coordinates": [ 118.0948097, 36.8445618 ] } },
{ "type": "Feature", "properties": { "osm_id": "474_start" }, "geometry": { "type": "Point", "coordinates": [ 118.1249735, 36.8316878 ] } },
{ "type": "Feature", "properties": { "osm_id": "474_end" }, "geometry": { "type": "Point", "coordinates": [ 118.1062772, 36.8333036 ] } },
{ "type": "Feature", "properties": { "osm_id": "475_start" }, "geometry": { "type": "Point", "coordinates": [ 118.0343573, 36.8383349 ] } },
{ "type": "Feature", "properties": { "osm_id": "475_end" }, "geometry": { "type": "Point", "coordinates": [ 118.0309782, 36.838342 ] } },
{ "type": "Feature", "properties": { "osm_id": "476_start" }, "geometry": { "type": "Point", "coordinates": [ 118.0345209, 36.8383345 ] } },
{ "type": "Feature", "properties": { "osm_id": "477_start" }, "geometry": { "type": "Point", "coordinates": [ 118.0868206, 36.8367055 ] } },
{ "type": "Feature", "properties": { "osm_id": "477_end" }, "geometry": { "type": "Point", "coordinates": [ 118.0790823, 36.8371133 ] } },
{ "type": "Feature", "properties": { "osm_id": "478_start" }, "geometry": { "type": "Point", "coordinates": [ 118.0518371, 36.8381683 ] } },
{ "type": "Feature", "properties": { "osm_id": "479_start" }, "geometry": { "type": "Point", "coordinates": [ 118.0627766, 36.8422652 ] } },
{ "type": "Feature", "properties": { "osm_id": "479_end" }, "geometry": { "type": "Point", "coordinates": [ 118.0531668, 36.8428084 ] } },
{ "type": "Feature", "properties": { "osm_id": "480_start" }, "geometry": { "type": "Point", "coordinates": [ 118.105915, 36.8161998 ] } },
{ "type": "Feature", "properties": { "osm_id": "480_end" }, "geometry": { "type": "Point", "coordinates": [ 118.091279, 36.8171795 ] } },
{ "type": "Feature", "properties": { "osm_id": "481_start" }, "geometry": { "type": "Point", "coordinates": [ 118.0629428, 36.8422435 ] } },
{ "type": "Feature", "properties": { "osm_id": "482_start" }, "geometry": { "type": "Point", "coordinates": [ 118.0183763, 36.7975781 ] } },
{ "type": "Feature", "properties": { "osm_id": "482_end" }, "geometry": { "type": "Point", "coordinates": [ 118.0179742, 36.797592 ] } },
{ "type": "Feature", "properties": { "osm_id": "483_start" }, "geometry": { "type": "Point", "coordinates": [ 118.0492252, 36.7953523 ] } },
{ "type": "Feature", "properties": { "osm_id": "483_end" }, "geometry": { "type": "Point", "coordinates": [ 118.0474564, 36.7971708 ] } },
{ "type": "Feature", "properties": { "osm_id": "484_start" }, "geometry": { "type": "Point", "coordinates": [ 118.0621548, 36.7937999 ] } },
{ "type": "Feature", "properties": { "osm_id": "484_end" }, "geometry": { "type": "Point", "coordinates": [ 118.0561251, 36.7944016 ] } },
{ "type": "Feature", "properties": { "osm_id": "485_start" }, "geometry": { "type": "Point", "coordinates": [ 118.0485381, 36.7968469 ] } },
{ "type": "Feature", "properties": { "osm_id": "485_end" }, "geometry": { "type": "Point", "coordinates": [ 118.0525966, 36.7957971 ] } },
{ "type": "Feature", "properties": { "osm_id": "486_end" }, "geometry": { "type": "Point", "coordinates": [ 118.0616183, 36.7909986 ] } },
{ "type": "Feature", "properties": { "osm_id": "488_start" }, "geometry": { "type": "Point", "coordinates": [ 118.0694113, 36.7634381 ] } },
{ "type": "Feature", "properties": { "osm_id": "489_start" }, "geometry": { "type": "Point", "coordinates": [ 118.0417381, 36.7959698 ] } },
{ "type": "Feature", "properties": { "osm_id": "489_end" }, "geometry": { "type": "Point", "coordinates": [ 118.0473939, 36.7956329 ] } },
{ "type": "Feature", "properties": { "osm_id": "490_start" }, "geometry": { "type": "Point", "coordinates": [ 118.0743592, 36.7853596 ] } },
{ "type": "Feature", "properties": { "osm_id": "490_end" }, "geometry": { "type": "Point", "coordinates": [ 118.0552233, 36.78903 ] } },
{ "type": "Feature", "properties": { "osm_id": "491_start" }, "geometry": { "type": "Point", "coordinates": [ 118.0179688, 36.7974915 ] } },
{ "type": "Feature", "properties": { "osm_id": "491_end" }, "geometry": { "type": "Point", "coordinates": [ 118.0183701, 36.7974777 ] } },
{ "type": "Feature", "properties": { "osm_id": "492_start" }, "geometry": { "type": "Point", "coordinates": [ 118.0185376, 36.7975724 ] } },
{ "type": "Feature", "properties": { "osm_id": "493_start" }, "geometry": { "type": "Point", "coordinates": [ 118.0406713, 36.7937456 ] } },
{ "type": "Feature", "properties": { "osm_id": "493_end" }, "geometry": { "type": "Point", "coordinates": [ 118.0410097, 36.7937247 ] } },
{ "type": "Feature", "properties": { "osm_id": "494_start" }, "geometry": { "type": "Point", "coordinates": [ 118.0508129, 36.7895799 ] } },
{ "type": "Feature", "properties": { "osm_id": "494_end" }, "geometry": { "type": "Point", "coordinates": [ 118.0518776, 36.7894374 ] } },
{ "type": "Feature", "properties": { "osm_id": "495_start" }, "geometry": { "type": "Point", "coordinates": [ 118.0473514, 36.7945864 ] } },
{ "type": "Feature", "properties": { "osm_id": "495_end" }, "geometry": { "type": "Point", "coordinates": [ 118.050802, 36.7943305 ] } },
{ "type": "Feature", "properties": { "osm_id": "496_end" }, "geometry": { "type": "Point", "coordinates": [ 118.018774, 36.7974649 ] } },
{ "type": "Feature", "properties": { "osm_id": "497_start" }, "geometry": { "type": "Point", "coordinates": [ 118.0744652, 36.7852891 ] } },
{ "type": "Feature", "properties": { "osm_id": "499_start" }, "geometry": { "type": "Point", "coordinates": [ 118.051953, 36.7895606 ] } },
{ "type": "Feature", "properties": { "osm_id": "499_end" }, "geometry": { "type": "Point", "coordinates": [ 118.0521637, 36.790626 ] } },
{ "type": "Feature", "properties": { "osm_id": "501_start" }, "geometry": { "type": "Point", "coordinates": [ 118.050936, 36.7907784 ] } },
{ "type": "Feature", "properties": { "osm_id": "501_end" }, "geometry": { "type": "Point", "coordinates": [ 118.0503443, 36.7897748 ] } },
{ "type": "Feature", "properties": { "osm_id": "511_start" }, "geometry": { "type": "Point", "coordinates": [ 118.0491856, 36.7899211 ] } },
{ "type": "Feature", "properties": { "osm_id": "511_end" }, "geometry": { "type": "Point", "coordinates": [ 118.046497, 36.7906627 ] } },
{ "type": "Feature", "properties": { "osm_id": "512_start" }, "geometry": { "type": "Point", "coordinates": [ 118.0511251, 36.7909678 ] } },
{ "type": "Feature", "properties": { "osm_id": "512_end" }, "geometry": { "type": "Point", "coordinates": [ 118.0500322, 36.7899121 ] } },
{ "type": "Feature", "properties": { "osm_id": "513_start" }, "geometry": { "type": "Point", "coordinates": [ 118.0506643, 36.7899553 ] } },
{ "type": "Feature", "properties": { "osm_id": "513_end" }, "geometry": { "type": "Point", "coordinates": [ 118.0509346, 36.7899242 ] } },
{ "type": "Feature", "properties": { "osm_id": "514_start" }, "geometry": { "type": "Point", "coordinates": [ 118.0505569, 36.7899641 ] } },
{ "type": "Feature", "properties": { "osm_id": "514_end" }, "geometry": { "type": "Point", "coordinates": [ 118.0504558, 36.7900834 ] } },
{ "type": "Feature", "properties": { "osm_id": "515_start" }, "geometry": { "type": "Point", "coordinates": [ 118.0523138, 36.7897344 ] } },
{ "type": "Feature", "properties": { "osm_id": "515_end" }, "geometry": { "type": "Point", "coordinates": [ 118.0521593, 36.7897598 ] } },
{ "type": "Feature", "properties": { "osm_id": "517_end" }, "geometry": { "type": "Point", "coordinates": [ 118.0518449, 36.7898076 ] } },
{ "type": "Feature", "properties": { "osm_id": "518_start" }, "geometry": { "type": "Point", "coordinates": [ 118.0439439, 36.7873489 ] } },
{ "type": "Feature", "properties": { "osm_id": "518_end" }, "geometry": { "type": "Point", "coordinates": [ 118.0413512, 36.7873747 ] } },
{ "type": "Feature", "properties": { "osm_id": "519_start" }, "geometry": { "type": "Point", "coordinates": [ 118.0404863, 36.7874268 ] } },
{ "type": "Feature", "properties": { "osm_id": "519_end" }, "geometry": { "type": "Point", "coordinates": [ 118.038969, 36.7876581 ] } },
{ "type": "Feature", "properties": { "osm_id": "520_end" }, "geometry": { "type": "Point", "coordinates": [ 118.0408213, 36.7874066 ] } },
{ "type": "Feature", "properties": { "osm_id": "521_start" }, "geometry": { "type": "Point", "coordinates": [ 118.0681845, 36.7826834 ] } },
{ "type": "Feature", "properties": { "osm_id": "521_end" }, "geometry": { "type": "Point", "coordinates": [ 118.0688467, 36.7847996 ] } },
{ "type": "Feature", "properties": { "osm_id": "522_start" }, "geometry": { "type": "Point", "coordinates": [ 118.0741666, 36.783582 ] } },
{ "type": "Feature", "properties": { "osm_id": "522_end" }, "geometry": { "type": "Point", "coordinates": [ 118.0658141, 36.786752 ] } },
{ "type": "Feature", "properties": { "osm_id": "523_start" }, "geometry": { "type": "Point", "coordinates": [ 118.0456392, 36.7823002 ] } },
{ "type": "Feature", "properties": { "osm_id": "523_end" }, "geometry": { "type": "Point", "coordinates": [ 118.0441195, 36.7824609 ] } },
{ "type": "Feature", "properties": { "osm_id": "525_start" }, "geometry": { "type": "Point", "coordinates": [ 118.0341034, 36.7833585 ] } },
{ "type": "Feature", "properties": { "osm_id": "525_end" }, "geometry": { "type": "Point", "coordinates": [ 118.0350113, 36.7832492 ] } },
{ "type": "Feature", "properties": { "osm_id": "526_start" }, "geometry": { "type": "Point", "coordinates": [ 118.0426408, 36.7824592 ] } },
{ "type": "Feature", "properties": { "osm_id": "526_end" }, "geometry": { "type": "Point", "coordinates": [ 118.0441466, 36.7822973 ] } },
{ "type": "Feature", "properties": { "osm_id": "529_start" }, "geometry": { "type": "Point", "coordinates": [ 118.0377383, 36.7831195 ] } },
{ "type": "Feature", "properties": { "osm_id": "529_end" }, "geometry": { "type": "Point", "coordinates": [ 118.0341165, 36.7835063 ] } },
{ "type": "Feature", "properties": { "osm_id": "530_start" }, "geometry": { "type": "Point", "coordinates": [ 117.9822439, 36.7684943 ] } },
{ "type": "Feature", "properties": { "osm_id": "530_end" }, "geometry": { "type": "Point", "coordinates": [ 117.9929922, 36.7677122 ] } },
{ "type": "Feature", "properties": { "osm_id": "531_start" }, "geometry": { "type": "Point", "coordinates": [ 118.0367927, 36.7386436 ] } },
{ "type": "Feature", "properties": { "osm_id": "531_end" }, "geometry": { "type": "Point", "coordinates": [ 118.0279575, 36.7403244 ] } },
{ "type": "Feature", "properties": { "osm_id": "532_start" }, "geometry": { "type": "Point", "coordinates": [ 117.9896086, 36.7651983 ] } },
{ "type": "Feature", "properties": { "osm_id": "532_end" }, "geometry": { "type": "Point", "coordinates": [ 118.0010063, 36.7640647 ] } },
{ "type": "Feature", "properties": { "osm_id": "533_start" }, "geometry": { "type": "Point", "coordinates": [ 118.0009837, 36.7612314 ] } },
{ "type": "Feature", "properties": { "osm_id": "533_end" }, "geometry": { "type": "Point", "coordinates": [ 118.0134809, 36.7603961 ] } },
{ "type": "Feature", "properties": { "osm_id": "534_start" }, "geometry": { "type": "Point", "coordinates": [ 118.0368129, 36.7372011 ] } },
{ "type": "Feature", "properties": { "osm_id": "534_end" }, "geometry": { "type": "Point", "coordinates": [ 118.0651452, 36.7342618 ] } },
{ "type": "Feature", "properties": { "osm_id": "535_start" }, "geometry": { "type": "Point", "coordinates": [ 118.0408164, 36.7675995 ] } },
{ "type": "Feature", "properties": { "osm_id": "535_end" }, "geometry": { "type": "Point", "coordinates": [ 118.0412767, 36.7670028 ] } },
{ "type": "Feature", "properties": { "osm_id": "536_start" }, "geometry": { "type": "Point", "coordinates": [ 117.9877358, 36.7452607 ] } },
{ "type": "Feature", "properties": { "osm_id": "537_start" }, "geometry": { "type": "Point", "coordinates": [ 118.0439245, 36.7693357 ] } },
{ "type": "Feature", "properties": { "osm_id": "537_end" }, "geometry": { "type": "Point", "coordinates": [ 118.0347673, 36.7705438 ] } },
{ "type": "Feature", "properties": { "osm_id": "538_start" }, "geometry": { "type": "Point", "coordinates": [ 118.0854852, 36.7633913 ] } },
{ "type": "Feature", "properties": { "osm_id": "538_end" }, "geometry": { "type": "Point", "coordinates": [ 118.0784612, 36.7645722 ] } },
{ "type": "Feature", "properties": { "osm_id": "539_start" }, "geometry": { "type": "Point", "coordinates": [ 118.047888, 36.7690617 ] } },
{ "type": "Feature", "properties": { "osm_id": "539_end" }, "geometry": { "type": "Point", "coordinates": [ 118.067004, 36.7743792 ] } },
{ "type": "Feature", "properties": { "osm_id": "540_start" }, "geometry": { "type": "Point", "coordinates": [ 117.9898421, 36.8300579 ] } },
{ "type": "Feature", "properties": { "osm_id": "540_end" }, "geometry": { "type": "Point", "coordinates": [ 117.990654, 36.8383391 ] } },
{ "type": "Feature", "properties": { "osm_id": "541_start" }, "geometry": { "type": "Point", "coordinates": [ 117.9867309, 36.8110698 ] } },
{ "type": "Feature", "properties": { "osm_id": "543_start" }, "geometry": { "type": "Point", "coordinates": [ 117.9821638, 36.7664746 ] } },
{ "type": "Feature", "properties": { "osm_id": "543_end" }, "geometry": { "type": "Point", "coordinates": [ 117.984348, 36.786067 ] } },
{ "type": "Feature", "properties": { "osm_id": "544_start" }, "geometry": { "type": "Point", "coordinates": [ 117.9815955, 36.7628243 ] } },
{ "type": "Feature", "properties": { "osm_id": "544_end" }, "geometry": { "type": "Point", "coordinates": [ 117.9796903, 36.7462249 ] } },
{ "type": "Feature", "properties": { "osm_id": "545_start" }, "geometry": { "type": "Point", "coordinates": [ 117.9798611, 36.7462065 ] } },
{ "type": "Feature", "properties": { "osm_id": "545_end" }, "geometry": { "type": "Point", "coordinates": [ 117.9817414, 36.7627008 ] } },
{ "type": "Feature", "properties": { "osm_id": "546_start" }, "geometry": { "type": "Point", "coordinates": [ 117.982016, 36.7664829 ] } },
{ "type": "Feature", "properties": { "osm_id": "546_end" }, "geometry": { "type": "Point", "coordinates": [ 117.9819215, 36.765587 ] } },
{ "type": "Feature", "properties": { "osm_id": "547_start" }, "geometry": { "type": "Point", "coordinates": [ 117.9789858, 36.791804 ] } },
{ "type": "Feature", "properties": { "osm_id": "547_end" }, "geometry": { "type": "Point", "coordinates": [ 117.9849237, 36.7917539 ] } },
{ "type": "Feature", "properties": { "osm_id": "548_start" }, "geometry": { "type": "Point", "coordinates": [ 117.9841842, 36.7860436 ] } },
{ "type": "Feature", "properties": { "osm_id": "549_start" }, "geometry": { "type": "Point", "coordinates": [ 117.982065, 36.7655826 ] } },
{ "type": "Feature", "properties": { "osm_id": "550_start" }, "geometry": { "type": "Point", "coordinates": [ 117.9847332, 36.7917928 ] } },
{ "type": "Feature", "properties": { "osm_id": "550_end" }, "geometry": { "type": "Point", "coordinates": [ 117.9789939, 36.7920287 ] } },
{ "type": "Feature", "properties": { "osm_id": "551_end" }, "geometry": { "type": "Point", "coordinates": [ 117.9896468, 36.8300705 ] } },
{ "type": "Feature", "properties": { "osm_id": "553_start" }, "geometry": { "type": "Point", "coordinates": [ 117.9766062, 36.8445541 ] } },
{ "type": "Feature", "properties": { "osm_id": "553_end" }, "geometry": { "type": "Point", "coordinates": [ 117.9769969, 36.8490971 ] } },
{ "type": "Feature", "properties": { "osm_id": "554_start" }, "geometry": { "type": "Point", "coordinates": [ 117.9590704, 36.8389843 ] } },
{ "type": "Feature", "properties": { "osm_id": "554_end" }, "geometry": { "type": "Point", "coordinates": [ 117.9676462, 36.8387347 ] } },
{ "type": "Feature", "properties": { "osm_id": "555_start" }, "geometry": { "type": "Point", "coordinates": [ 117.9757981, 36.8385028 ] } },
{ "type": "Feature", "properties": { "osm_id": "555_end" }, "geometry": { "type": "Point", "coordinates": [ 117.9751317, 36.8309522 ] } },
{ "type": "Feature", "properties": { "osm_id": "556_start" }, "geometry": { "type": "Point", "coordinates": [ 117.9579678, 36.8252815 ] } },
{ "type": "Feature", "properties": { "osm_id": "556_end" }, "geometry": { "type": "Point", "coordinates": [ 117.9303629, 36.8255014 ] } },
{ "type": "Feature", "properties": { "osm_id": "558_end" }, "geometry": { "type": "Point", "coordinates": [ 117.9579338, 36.8249373 ] } },
{ "type": "Feature", "properties": { "osm_id": "559_start" }, "geometry": { "type": "Point", "coordinates": [ 117.9288732, 36.8035334 ] } },
{ "type": "Feature", "properties": { "osm_id": "559_end" }, "geometry": { "type": "Point", "coordinates": [ 117.9365909, 36.8045643 ] } },
{ "type": "Feature", "properties": { "osm_id": "561_start" }, "geometry": { "type": "Point", "coordinates": [ 117.9779129, 36.8160344 ] } },
{ "type": "Feature", "properties": { "osm_id": "561_end" }, "geometry": { "type": "Point", "coordinates": [ 117.9787381, 36.8159807 ] } },
{ "type": "Feature", "properties": { "osm_id": "562_start" }, "geometry": { "type": "Point", "coordinates": [ 118.0121027, 36.8219535 ] } },
{ "type": "Feature", "properties": { "osm_id": "562_end" }, "geometry": { "type": "Point", "coordinates": [ 118.0059423, 36.8222915 ] } },
{ "type": "Feature", "properties": { "osm_id": "563_start" }, "geometry": { "type": "Point", "coordinates": [ 117.978024, 36.8163132 ] } },
{ "type": "Feature", "properties": { "osm_id": "563_end" }, "geometry": { "type": "Point", "coordinates": [ 117.979666, 36.8161821 ] } },
{ "type": "Feature", "properties": { "osm_id": "564_start" }, "geometry": { "type": "Point", "coordinates": [ 117.9813746, 36.8118506 ] } },
{ "type": "Feature", "properties": { "osm_id": "564_end" }, "geometry": { "type": "Point", "coordinates": [ 117.9813239, 36.8113918 ] } },
{ "type": "Feature", "properties": { "osm_id": "565_start" }, "geometry": { "type": "Point", "coordinates": [ 117.978956, 36.8136806 ] } },
{ "type": "Feature", "properties": { "osm_id": "565_end" }, "geometry": { "type": "Point", "coordinates": [ 117.9773175, 36.8138265 ] } },
{ "type": "Feature", "properties": { "osm_id": "566_start" }, "geometry": { "type": "Point", "coordinates": [ 117.98458, 36.8117977 ] } },
{ "type": "Feature", "properties": { "osm_id": "566_end" }, "geometry": { "type": "Point", "coordinates": [ 117.9843023, 36.8118061 ] } },
{ "type": "Feature", "properties": { "osm_id": "567_start" }, "geometry": { "type": "Point", "coordinates": [ 117.9858556, 36.8124452 ] } },
{ "type": "Feature", "properties": { "osm_id": "567_end" }, "geometry": { "type": "Point", "coordinates": [ 117.9856569, 36.8111743 ] } },
{ "type": "Feature", "properties": { "osm_id": "568_start" }, "geometry": { "type": "Point", "coordinates": [ 117.9825587, 36.8161262 ] } },
{ "type": "Feature", "properties": { "osm_id": "568_end" }, "geometry": { "type": "Point", "coordinates": [ 117.9825107, 36.8156778 ] } },
{ "type": "Feature", "properties": { "osm_id": "569_start" }, "geometry": { "type": "Point", "coordinates": [ 117.9854476, 36.8124731 ] } },
{ "type": "Feature", "properties": { "osm_id": "569_end" }, "geometry": { "type": "Point", "coordinates": [ 117.9852499, 36.8112097 ] } },
{ "type": "Feature", "properties": { "osm_id": "570_end" }, "geometry": { "type": "Point", "coordinates": [ 117.9743189, 36.8123369 ] } },
{ "type": "Feature", "properties": { "osm_id": "571_start" }, "geometry": { "type": "Point", "coordinates": [ 117.9764784, 36.8130881 ] } },
{ "type": "Feature", "properties": { "osm_id": "571_end" }, "geometry": { "type": "Point", "coordinates": [ 117.9787418, 36.8133841 ] } },
{ "type": "Feature", "properties": { "osm_id": "572_end" }, "geometry": { "type": "Point", "coordinates": [ 117.979809, 36.8088368 ] } },
{ "type": "Feature", "properties": { "osm_id": "573_start" }, "geometry": { "type": "Point", "coordinates": [ 117.9872486, 36.813135 ] } },
{ "type": "Feature", "properties": { "osm_id": "573_end" }, "geometry": { "type": "Point", "coordinates": [ 117.9849924, 36.8132964 ] } },
{ "type": "Feature", "properties": { "osm_id": "574_end" }, "geometry": { "type": "Point", "coordinates": [ 117.9787474, 36.8242367 ] } },
{ "type": "Feature", "properties": { "osm_id": "575_start" }, "geometry": { "type": "Point", "coordinates": [ 117.9860901, 36.8111367 ] } },
{ "type": "Feature", "properties": { "osm_id": "576_start" }, "geometry": { "type": "Point", "coordinates": [ 117.9856518, 36.8124591 ] } },
{ "type": "Feature", "properties": { "osm_id": "576_end" }, "geometry": { "type": "Point", "coordinates": [ 117.9854499, 36.8111923 ] } },
{ "type": "Feature", "properties": { "osm_id": "577_start" }, "geometry": { "type": "Point", "coordinates": [ 117.9825227, 36.8157897 ] } },
{ "type": "Feature", "properties": { "osm_id": "577_end" }, "geometry": { "type": "Point", "coordinates": [ 117.983357, 36.8157446 ] } },
{ "type": "Feature", "properties": { "osm_id": "578_start" }, "geometry": { "type": "Point", "coordinates": [ 117.9847709, 36.8137088 ] } },
{ "type": "Feature", "properties": { "osm_id": "578_end" }, "geometry": { "type": "Point", "coordinates": [ 117.9850426, 36.8137426 ] } },
{ "type": "Feature", "properties": { "osm_id": "579_start" }, "geometry": { "type": "Point", "coordinates": [ 117.9862725, 36.8124166 ] } },
{ "type": "Feature", "properties": { "osm_id": "580_start" }, "geometry": { "type": "Point", "coordinates": [ 117.9848359, 36.8119323 ] } },
{ "type": "Feature", "properties": { "osm_id": "580_end" }, "geometry": { "type": "Point", "coordinates": [ 117.986176, 36.8117397 ] } },
{ "type": "Feature", "properties": { "osm_id": "581_start" }, "geometry": { "type": "Point", "coordinates": [ 117.9774083, 36.8139341 ] } },
{ "type": "Feature", "properties": { "osm_id": "581_end" }, "geometry": { "type": "Point", "coordinates": [ 117.9762611, 36.8141896 ] } },
{ "type": "Feature", "properties": { "osm_id": "582_end" }, "geometry": { "type": "Point", "coordinates": [ 117.9850858, 36.8124979 ] } },
{ "type": "Feature", "properties": { "osm_id": "583_start" }, "geometry": { "type": "Point", "coordinates": [ 117.9812208, 36.8139675 ] } },
{ "type": "Feature", "properties": { "osm_id": "583_end" }, "geometry": { "type": "Point", "coordinates": [ 117.9811211, 36.8129225 ] } },
{ "type": "Feature", "properties": { "osm_id": "584_start" }, "geometry": { "type": "Point", "coordinates": [ 117.9780885, 36.8164752 ] } },
{ "type": "Feature", "properties": { "osm_id": "585_start" }, "geometry": { "type": "Point", "coordinates": [ 117.9841945, 36.812719 ] } },
{ "type": "Feature", "properties": { "osm_id": "585_end" }, "geometry": { "type": "Point", "coordinates": [ 117.984608, 36.8125466 ] } },
{ "type": "Feature", "properties": { "osm_id": "586_start" }, "geometry": { "type": "Point", "coordinates": [ 117.9860595, 36.8124312 ] } },
{ "type": "Feature", "properties": { "osm_id": "586_end" }, "geometry": { "type": "Point", "coordinates": [ 117.9858604, 36.8111566 ] } },
{ "type": "Feature", "properties": { "osm_id": "587_start" }, "geometry": { "type": "Point", "coordinates": [ 117.9852167, 36.8237446 ] } },
{ "type": "Feature", "properties": { "osm_id": "588_start" }, "geometry": { "type": "Point", "coordinates": [ 117.9790513, 36.8152363 ] } },
{ "type": "Feature", "properties": { "osm_id": "588_end" }, "geometry": { "type": "Point", "coordinates": [ 117.9791229, 36.8157557 ] } },
{ "type": "Feature", "properties": { "osm_id": "589_start" }, "geometry": { "type": "Point", "coordinates": [ 117.9832805, 36.8160729 ] } },
{ "type": "Feature", "properties": { "osm_id": "589_end" }, "geometry": { "type": "Point", "coordinates": [ 117.98343, 36.8154313 ] } },
{ "type": "Feature", "properties": { "osm_id": "590_start" }, "geometry": { "type": "Point", "coordinates": [ 117.9848912, 36.8117149 ] } },
{ "type": "Feature", "properties": { "osm_id": "591_start" }, "geometry": { "type": "Point", "coordinates": [ 117.9816771, 36.8161914 ] } },
{ "type": "Feature", "properties": { "osm_id": "592_start" }, "geometry": { "type": "Point", "coordinates": [ 117.9819095, 36.8122352 ] } },
{ "type": "Feature", "properties": { "osm_id": "592_end" }, "geometry": { "type": "Point", "coordinates": [ 117.9817292, 36.811275 ] } },
{ "type": "Feature", "properties": { "osm_id": "593_start" }, "geometry": { "type": "Point", "coordinates": [ 117.9769047, 36.81012 ] } },
{ "type": "Feature", "properties": { "osm_id": "593_end" }, "geometry": { "type": "Point", "coordinates": [ 117.9772704, 36.8098181 ] } },
{ "type": "Feature", "properties": { "osm_id": "594_start" }, "geometry": { "type": "Point", "coordinates": [ 117.9848507, 36.8140031 ] } },
{ "type": "Feature", "properties": { "osm_id": "594_end" }, "geometry": { "type": "Point", "coordinates": [ 117.9854098, 36.8140154 ] } },
{ "type": "Feature", "properties": { "osm_id": "595_start" }, "geometry": { "type": "Point", "coordinates": [ 117.978715, 36.8157864 ] } },
{ "type": "Feature", "properties": { "osm_id": "595_end" }, "geometry": { "type": "Point", "coordinates": [ 117.9787904, 36.816422 ] } },
{ "type": "Feature", "properties": { "osm_id": "596_start" }, "geometry": { "type": "Point", "coordinates": [ 117.976218, 36.8141242 ] } },
{ "type": "Feature", "properties": { "osm_id": "597_start" }, "geometry": { "type": "Point", "coordinates": [ 117.9853434, 36.8233862 ] } },
{ "type": "Feature", "properties": { "osm_id": "597_end" }, "geometry": { "type": "Point", "coordinates": [ 117.9851457, 36.8301309 ] } },
{ "type": "Feature", "properties": { "osm_id": "598_start" }, "geometry": { "type": "Point", "coordinates": [ 117.9855159, 36.8111866 ] } },
{ "type": "Feature", "properties": { "osm_id": "598_end" }, "geometry": { "type": "Point", "coordinates": [ 117.9854853, 36.811018 ] } },
{ "type": "Feature", "properties": { "osm_id": "599_start" }, "geometry": { "type": "Point", "coordinates": [ 117.9847983, 36.8125206 ] } },
{ "type": "Feature", "properties": { "osm_id": "600_start" }, "geometry": { "type": "Point", "coordinates": [ 117.9845866, 36.8136859 ] } },
{ "type": "Feature", "properties": { "osm_id": "601_start" }, "geometry": { "type": "Point", "coordinates": [ 117.9812286, 36.8119221 ] } },
{ "type": "Feature", "properties": { "osm_id": "601_end" }, "geometry": { "type": "Point", "coordinates": [ 117.9811207, 36.8114709 ] } },
{ "type": "Feature", "properties": { "osm_id": "603_start" }, "geometry": { "type": "Point", "coordinates": [ 117.9842967, 36.8136926 ] } },
{ "type": "Feature", "properties": { "osm_id": "604_start" }, "geometry": { "type": "Point", "coordinates": [ 117.9822209, 36.8155224 ] } },
{ "type": "Feature", "properties": { "osm_id": "604_end" }, "geometry": { "type": "Point", "coordinates": [ 117.9821736, 36.8145127 ] } },
{ "type": "Feature", "properties": { "osm_id": "605_start" }, "geometry": { "type": "Point", "coordinates": [ 117.9816565, 36.8160236 ] } },
{ "type": "Feature", "properties": { "osm_id": "605_end" }, "geometry": { "type": "Point", "coordinates": [ 117.9833195, 36.8159056 ] } },
{ "type": "Feature", "properties": { "osm_id": "606_end" }, "geometry": { "type": "Point", "coordinates": [ 117.9833847, 36.8156258 ] } },
{ "type": "Feature", "properties": { "osm_id": "607_end" }, "geometry": { "type": "Point", "coordinates": [ 117.9796863, 36.8163542 ] } },
{ "type": "Feature", "properties": { "osm_id": "608_start" }, "geometry": { "type": "Point", "coordinates": [ 117.9784533, 36.823937 ] } },
{ "type": "Feature", "properties": { "osm_id": "608_end" }, "geometry": { "type": "Point", "coordinates": [ 117.9798018, 36.8087336 ] } },
{ "type": "Feature", "properties": { "osm_id": "609_start" }, "geometry": { "type": "Point", "coordinates": [ 117.9815666, 36.8117567 ] } },
{ "type": "Feature", "properties": { "osm_id": "609_end" }, "geometry": { "type": "Point", "coordinates": [ 117.9815087, 36.8113305 ] } },
{ "type": "Feature", "properties": { "osm_id": "610_end" }, "geometry": { "type": "Point", "coordinates": [ 117.9816008, 36.8155691 ] } },
{ "type": "Feature", "properties": { "osm_id": "612_start" }, "geometry": { "type": "Point", "coordinates": [ 117.9990596, 36.838086 ] } },
{ "type": "Feature", "properties": { "osm_id": "612_end" }, "geometry": { "type": "Point", "coordinates": [ 117.998062, 36.829591 ] } },
{ "type": "Feature", "properties": { "osm_id": "614_start" }, "geometry": { "type": "Point", "coordinates": [ 117.9796113, 36.8157189 ] } },
{ "type": "Feature", "properties": { "osm_id": "615_start" }, "geometry": { "type": "Point", "coordinates": [ 117.9779649, 36.8161651 ] } },
{ "type": "Feature", "properties": { "osm_id": "615_end" }, "geometry": { "type": "Point", "coordinates": [ 117.9787531, 36.8161074 ] } },
{ "type": "Feature", "properties": { "osm_id": "616_start" }, "geometry": { "type": "Point", "coordinates": [ 117.9982086, 36.8295839 ] } },
{ "type": "Feature", "properties": { "osm_id": "618_start" }, "geometry": { "type": "Point", "coordinates": [ 117.9850116, 36.812897 ] } },
{ "type": "Feature", "properties": { "osm_id": "618_end" }, "geometry": { "type": "Point", "coordinates": [ 117.9871881, 36.81274 ] } },
{ "type": "Feature", "properties": { "osm_id": "619_start" }, "geometry": { "type": "Point", "coordinates": [ 117.9776126, 36.8123641 ] } },
{ "type": "Feature", "properties": { "osm_id": "619_end" }, "geometry": { "type": "Point", "coordinates": [ 117.9776586, 36.8120058 ] } },
{ "type": "Feature", "properties": { "osm_id": "622_start" }, "geometry": { "type": "Point", "coordinates": [ 117.9388119, 36.8048709 ] } },
{ "type": "Feature", "properties": { "osm_id": "622_end" }, "geometry": { "type": "Point", "coordinates": [ 117.9729239, 36.8070869 ] } },
{ "type": "Feature", "properties": { "osm_id": "623_start" }, "geometry": { "type": "Point", "coordinates": [ 117.9385572, 36.8050509 ] } },
{ "type": "Feature", "properties": { "osm_id": "623_end" }, "geometry": { "type": "Point", "coordinates": [ 117.9363175, 36.8047417 ] } },
{ "type": "Feature", "properties": { "osm_id": "624_end" }, "geometry": { "type": "Point", "coordinates": [ 117.9788561, 36.8002894 ] } },
{ "type": "Feature", "properties": { "osm_id": "626_start" }, "geometry": { "type": "Point", "coordinates": [ 117.9312008, 36.8039582 ] } },
{ "type": "Feature", "properties": { "osm_id": "626_end" }, "geometry": { "type": "Point", "coordinates": [ 117.9151691, 36.8017197 ] } },
{ "type": "Feature", "properties": { "osm_id": "627_start" }, "geometry": { "type": "Point", "coordinates": [ 117.979295, 36.8064777 ] } },
{ "type": "Feature", "properties": { "osm_id": "627_end" }, "geometry": { "type": "Point", "coordinates": [ 117.9799681, 36.8064149 ] } },
{ "type": "Feature", "properties": { "osm_id": "628_start" }, "geometry": { "type": "Point", "coordinates": [ 117.9799924, 36.8065707 ] } },
{ "type": "Feature", "properties": { "osm_id": "628_end" }, "geometry": { "type": "Point", "coordinates": [ 117.9793157, 36.8066339 ] } },
{ "type": "Feature", "properties": { "osm_id": "629_start" }, "geometry": { "type": "Point", "coordinates": [ 117.9731637, 36.8072301 ] } },
{ "type": "Feature", "properties": { "osm_id": "631_start" }, "geometry": { "type": "Point", "coordinates": [ 117.9570936, 36.8125232 ] } },
{ "type": "Feature", "properties": { "osm_id": "631_end" }, "geometry": { "type": "Point", "coordinates": [ 117.9735646, 36.8116127 ] } },
{ "type": "Feature", "properties": { "osm_id": "632_start" }, "geometry": { "type": "Point", "coordinates": [ 117.9733532, 36.811679 ] } },
{ "type": "Feature", "properties": { "osm_id": "632_end" }, "geometry": { "type": "Point", "coordinates": [ 117.9570997, 36.8126297 ] } },
{ "type": "Feature", "properties": { "osm_id": "633_end" }, "geometry": { "type": "Point", "coordinates": [ 118.0034164, 36.7864342 ] } },
{ "type": "Feature", "properties": { "osm_id": "635_start" }, "geometry": { "type": "Point", "coordinates": [ 118.0021444, 36.7440081 ] } },
{ "type": "Feature", "properties": { "osm_id": "635_end" }, "geometry": { "type": "Point", "coordinates": [ 118.0152777, 36.7422767 ] } },
{ "type": "Feature", "properties": { "osm_id": "636_start" }, "geometry": { "type": "Point", "coordinates": [ 118.002408, 36.7913148 ] } },
{ "type": "Feature", "properties": { "osm_id": "636_end" }, "geometry": { "type": "Point", "coordinates": [ 117.9859842, 36.7917361 ] } },
{ "type": "Feature", "properties": { "osm_id": "637_start" }, "geometry": { "type": "Point", "coordinates": [ 117.9991724, 36.7450119 ] } },
{ "type": "Feature", "properties": { "osm_id": "637_end" }, "geometry": { "type": "Point", "coordinates": [ 117.999138, 36.7446551 ] } },
{ "type": "Feature", "properties": { "osm_id": "638_start" }, "geometry": { "type": "Point", "coordinates": [ 118.0044135, 36.804085 ] } },
{ "type": "Feature", "properties": { "osm_id": "638_end" }, "geometry": { "type": "Point", "coordinates": [ 117.9859713, 36.8059611 ] } },
{ "type": "Feature", "properties": { "osm_id": "639_start" }, "geometry": { "type": "Point", "coordinates": [ 118.0067389, 36.8373707 ] } },
{ "type": "Feature", "properties": { "osm_id": "640_end" }, "geometry": { "type": "Point", "coordinates": [ 117.9991107, 36.744372 ] } },
{ "type": "Feature", "properties": { "osm_id": "642_start" }, "geometry": { "type": "Point", "coordinates": [ 118.0045263, 36.7911518 ] } },
{ "type": "Feature", "properties": { "osm_id": "643_start" }, "geometry": { "type": "Point", "coordinates": [ 117.9993901, 36.7446361 ] } },
{ "type": "Feature", "properties": { "osm_id": "643_end" }, "geometry": { "type": "Point", "coordinates": [ 117.9993629, 36.744353 ] } },
{ "type": "Feature", "properties": { "osm_id": "645_start" }, "geometry": { "type": "Point", "coordinates": [ 118.0031862, 36.7867651 ] } },
{ "type": "Feature", "properties": { "osm_id": "645_end" }, "geometry": { "type": "Point", "coordinates": [ 118.0007443, 36.7613851 ] } },
{ "type": "Feature", "properties": { "osm_id": "647_end" }, "geometry": { "type": "Point", "coordinates": [ 117.9994244, 36.7449928 ] } },
{ "type": "Feature", "properties": { "osm_id": "648_start" }, "geometry": { "type": "Point", "coordinates": [ 118.0194053, 36.8287585 ] } },
{ "type": "Feature", "properties": { "osm_id": "648_end" }, "geometry": { "type": "Point", "coordinates": [ 118.0197218, 36.8287412 ] } },
{ "type": "Feature", "properties": { "osm_id": "649_start" }, "geometry": { "type": "Point", "coordinates": [ 118.0380991, 36.8137681 ] } },
{ "type": "Feature", "properties": { "osm_id": "649_end" }, "geometry": { "type": "Point", "coordinates": [ 118.0309653, 36.8138251 ] } },
{ "type": "Feature", "properties": { "osm_id": "650_start" }, "geometry": { "type": "Point", "coordinates": [ 118.0197466, 36.8289372 ] } },
{ "type": "Feature", "properties": { "osm_id": "650_end" }, "geometry": { "type": "Point", "coordinates": [ 118.0194192, 36.8289558 ] } },
{ "type": "Feature", "properties": { "osm_id": "651_start" }, "geometry": { "type": "Point", "coordinates": [ 118.0198825, 36.8214987 ] } },
{ "type": "Feature", "properties": { "osm_id": "651_end" }, "geometry": { "type": "Point", "coordinates": [ 118.020198, 36.8287295 ] } },
{ "type": "Feature", "properties": { "osm_id": "652_start" }, "geometry": { "type": "Point", "coordinates": [ 117.9584659, 36.831781 ] } },
{ "type": "Feature", "properties": { "osm_id": "652_end" }, "geometry": { "type": "Point", "coordinates": [ 117.9268094, 36.832931 ] } },
{ "type": "Feature", "properties": { "osm_id": "653_end" }, "geometry": { "type": "Point", "coordinates": [ 118.0195281, 36.8137321 ] } },
{ "type": "Feature", "properties": { "osm_id": "654_start" }, "geometry": { "type": "Point", "coordinates": [ 118.020303, 36.836693 ] } },
{ "type": "Feature", "properties": { "osm_id": "654_end" }, "geometry": { "type": "Point", "coordinates": [ 118.0199642, 36.8287352 ] } },
{ "type": "Feature", "properties": { "osm_id": "655_start" }, "geometry": { "type": "Point", "coordinates": [ 118.0207747, 36.8368729 ] } },
{ "type": "Feature", "properties": { "osm_id": "655_end" }, "geometry": { "type": "Point", "coordinates": [ 118.0205623, 36.8368937 ] } },
{ "type": "Feature", "properties": { "osm_id": "656_start" }, "geometry": { "type": "Point", "coordinates": [ 117.9268634, 36.832727 ] } },
{ "type": "Feature", "properties": { "osm_id": "656_end" }, "geometry": { "type": "Point", "coordinates": [ 117.9584493, 36.8315237 ] } },
{ "type": "Feature", "properties": { "osm_id": "657_start" }, "geometry": { "type": "Point", "coordinates": [ 118.0338461, 36.8301147 ] } },
{ "type": "Feature", "properties": { "osm_id": "657_end" }, "geometry": { "type": "Point", "coordinates": [ 118.0335399, 36.8301234 ] } },
{ "type": "Feature", "properties": { "osm_id": "658_start" }, "geometry": { "type": "Point", "coordinates": [ 118.0380763, 36.8298472 ] } },
{ "type": "Feature", "properties": { "osm_id": "659_end" }, "geometry": { "type": "Point", "coordinates": [ 118.0190146, 36.8025152 ] } },
{ "type": "Feature", "properties": { "osm_id": "660_start" }, "geometry": { "type": "Point", "coordinates": [ 118.0185325, 36.7974726 ] } },
{ "type": "Feature", "properties": { "osm_id": "660_end" }, "geometry": { "type": "Point", "coordinates": [ 118.017997, 36.7852932 ] } },
{ "type": "Feature", "properties": { "osm_id": "661_start" }, "geometry": { "type": "Point", "coordinates": [ 118.0179386, 36.7814359 ] } },
{ "type": "Feature", "properties": { "osm_id": "661_end" }, "geometry": { "type": "Point", "coordinates": [ 118.0179481, 36.7815502 ] } },
{ "type": "Feature", "properties": { "osm_id": "662_end" }, "geometry": { "type": "Point", "coordinates": [ 118.0187678, 36.8025384 ] } },
{ "type": "Feature", "properties": { "osm_id": "663_start" }, "geometry": { "type": "Point", "coordinates": [ 118.0154432, 36.7603668 ] } },
{ "type": "Feature", "properties": { "osm_id": "664_end" }, "geometry": { "type": "Point", "coordinates": [ 118.018161, 36.7849421 ] } },
{ "type": "Feature", "properties": { "osm_id": "665_start" }, "geometry": { "type": "Point", "coordinates": [ 118.01782, 36.781619 ] } },
{ "type": "Feature", "properties": { "osm_id": "665_end" }, "geometry": { "type": "Point", "coordinates": [ 118.0178162, 36.7814965 ] } },
{ "type": "Feature", "properties": { "osm_id": "666_end" }, "geometry": { "type": "Point", "coordinates": [ 118.0153074, 36.760373 ] } },
{ "type": "Feature", "properties": { "osm_id": "668_start" }, "geometry": { "type": "Point", "coordinates": [ 118.0187748, 36.8026899 ] } },
{ "type": "Feature", "properties": { "osm_id": "669_start" }, "geometry": { "type": "Point", "coordinates": [ 118.0058074, 36.8171966 ] } },
{ "type": "Feature", "properties": { "osm_id": "669_end" }, "geometry": { "type": "Point", "coordinates": [ 118.0093127, 36.8171517 ] } },
{ "type": "Feature", "properties": { "osm_id": "670_start" }, "geometry": { "type": "Point", "coordinates": [ 118.0082058, 36.8200191 ] } },
{ "type": "Feature", "properties": { "osm_id": "670_end" }, "geometry": { "type": "Point", "coordinates": [ 118.0084759, 36.821831 ] } },
{ "type": "Feature", "properties": { "osm_id": "671_start" }, "geometry": { "type": "Point", "coordinates": [ 118.0092868, 36.8145076 ] } },
{ "type": "Feature", "properties": { "osm_id": "671_end" }, "geometry": { "type": "Point", "coordinates": [ 118.0092034, 36.8091714 ] } },
{ "type": "Feature", "properties": { "osm_id": "672_start" }, "geometry": { "type": "Point", "coordinates": [ 118.0149486, 36.8168034 ] } },
{ "type": "Feature", "properties": { "osm_id": "672_end" }, "geometry": { "type": "Point", "coordinates": [ 118.0120414, 36.819043 ] } },
{ "type": "Feature", "properties": { "osm_id": "674_start" }, "geometry": { "type": "Point", "coordinates": [ 118.0166351, 36.8214119 ] } },
{ "type": "Feature", "properties": { "osm_id": "675_end" }, "geometry": { "type": "Point", "coordinates": [ 118.0092917, 36.8146481 ] } },
{ "type": "Feature", "properties": { "osm_id": "676_start" }, "geometry": { "type": "Point", "coordinates": [ 118.0146839, 36.8142232 ] } },
{ "type": "Feature", "properties": { "osm_id": "677_start" }, "geometry": { "type": "Point", "coordinates": [ 117.9646889, 36.8177627 ] } },
{ "type": "Feature", "properties": { "osm_id": "677_end" }, "geometry": { "type": "Point", "coordinates": [ 117.9340722, 36.8191889 ] } },
{ "type": "Feature", "properties": { "osm_id": "678_start" }, "geometry": { "type": "Point", "coordinates": [ 118.0095706, 36.8290162 ] } },
{ "type": "Feature", "properties": { "osm_id": "678_end" }, "geometry": { "type": "Point", "coordinates": [ 118.0085189, 36.8221376 ] } },
{ "type": "Feature", "properties": { "osm_id": "679_end" }, "geometry": { "type": "Point", "coordinates": [ 118.0055926, 36.8172953 ] } },
{ "type": "Feature", "properties": { "osm_id": "680_start" }, "geometry": { "type": "Point", "coordinates": [ 118.0145622, 36.8086622 ] } },
{ "type": "Feature", "properties": { "osm_id": "681_end" }, "geometry": { "type": "Point", "coordinates": [ 118.0125195, 36.824852 ] } },
{ "type": "Feature", "properties": { "osm_id": "682_start" }, "geometry": { "type": "Point", "coordinates": [ 118.0055806, 36.8171235 ] } },
{ "type": "Feature", "properties": { "osm_id": "683_end" }, "geometry": { "type": "Point", "coordinates": [ 118.0050584, 36.8096624 ] } },
{ "type": "Feature", "properties": { "osm_id": "684_start" }, "geometry": { "type": "Point", "coordinates": [ 118.0024441, 36.8291725 ] } },
{ "type": "Feature", "properties": { "osm_id": "684_end" }, "geometry": { "type": "Point", "coordinates": [ 118.0018379, 36.82257 ] } },
{ "type": "Feature", "properties": { "osm_id": "685_start" }, "geometry": { "type": "Point", "coordinates": [ 118.0264868, 36.8076269 ] } },
{ "type": "Feature", "properties": { "osm_id": "685_end" }, "geometry": { "type": "Point", "coordinates": [ 118.0272625, 36.8137536 ] } },
{ "type": "Feature", "properties": { "osm_id": "686_end" }, "geometry": { "type": "Point", "coordinates": [ 118.0078085, 36.817155 ] } },
{ "type": "Feature", "properties": { "osm_id": "687_start" }, "geometry": { "type": "Point", "coordinates": [ 118.0015158, 36.819482 ] } },
{ "type": "Feature", "properties": { "osm_id": "687_end" }, "geometry": { "type": "Point", "coordinates": [ 118.0018401, 36.8222539 ] } },
{ "type": "Feature", "properties": { "osm_id": "688_start" }, "geometry": { "type": "Point", "coordinates": [ 118.010456, 36.8057728 ] } },
{ "type": "Feature", "properties": { "osm_id": "688_end" }, "geometry": { "type": "Point", "coordinates": [ 118.0103246, 36.803338 ] } },
{ "type": "Feature", "properties": { "osm_id": "689_start" }, "geometry": { "type": "Point", "coordinates": [ 117.9861439, 36.8057855 ] } },
{ "type": "Feature", "properties": { "osm_id": "689_end" }, "geometry": { "type": "Point", "coordinates": [ 118.0044025, 36.8039278 ] } },
{ "type": "Feature", "properties": { "osm_id": "690_start" }, "geometry": { "type": "Point", "coordinates": [ 117.9955525, 36.805011 ] } },
{ "type": "Feature", "properties": { "osm_id": "690_end" }, "geometry": { "type": "Point", "coordinates": [ 117.9945842, 36.7973075 ] } },
{ "type": "Feature", "properties": { "osm_id": "691_start" }, "geometry": { "type": "Point", "coordinates": [ 117.9908458, 36.8053233 ] } },
{ "type": "Feature", "properties": { "osm_id": "691_end" }, "geometry": { "type": "Point", "coordinates": [ 117.9901222, 36.7989255 ] } },
{ "type": "Feature", "properties": { "osm_id": "692_start" }, "geometry": { "type": "Point", "coordinates": [ 117.9855659, 36.7995163 ] } },
{ "type": "Feature", "properties": { "osm_id": "692_end" }, "geometry": { "type": "Point", "coordinates": [ 118.0039869, 36.7979927 ] } },
{ "type": "Feature", "properties": { "osm_id": "693_start" }, "geometry": { "type": "Point", "coordinates": [ 118.0132255, 36.8061395 ] } },
{ "type": "Feature", "properties": { "osm_id": "693_end" }, "geometry": { "type": "Point", "coordinates": [ 118.0131799, 36.8030594 ] } },
{ "type": "Feature", "properties": { "osm_id": "694_start" }, "geometry": { "type": "Point", "coordinates": [ 118.0247542, 36.7947354 ] } },
{ "type": "Feature", "properties": { "osm_id": "694_end" }, "geometry": { "type": "Point", "coordinates": [ 118.0250504, 36.7968884 ] } },
{ "type": "Feature", "properties": { "osm_id": "695_start" }, "geometry": { "type": "Point", "coordinates": [ 118.0263179, 36.8209687 ] } },
{ "type": "Feature", "properties": { "osm_id": "695_end" }, "geometry": { "type": "Point", "coordinates": [ 118.0263534, 36.828371 ] } },
{ "type": "Feature", "properties": { "osm_id": "696_start" }, "geometry": { "type": "Point", "coordinates": [ 117.9946704, 36.7973058 ] } },
{ "type": "Feature", "properties": { "osm_id": "697_start" }, "geometry": { "type": "Point", "coordinates": [ 118.011966, 36.8031746 ] } },
{ "type": "Feature", "properties": { "osm_id": "697_end" }, "geometry": { "type": "Point", "coordinates": [ 118.011811, 36.7977048 ] } },
{ "type": "Feature", "properties": { "osm_id": "698_start" }, "geometry": { "type": "Point", "coordinates": [ 118.0208977, 36.8465857 ] } },
{ "type": "Feature", "properties": { "osm_id": "698_end" }, "geometry": { "type": "Point", "coordinates": [ 118.0209068, 36.8468405 ] } },
{ "type": "Feature", "properties": { "osm_id": "699_start" }, "geometry": { "type": "Point", "coordinates": [ 118.0209192, 36.8472782 ] } },
{ "type": "Feature", "properties": { "osm_id": "699_end" }, "geometry": { "type": "Point", "coordinates": [ 118.0196561, 36.8520534 ] } },
{ "type": "Feature", "properties": { "osm_id": "700_start" }, "geometry": { "type": "Point", "coordinates": [ 118.0194475, 36.851909 ] } },
{ "type": "Feature", "properties": { "osm_id": "700_end" }, "geometry": { "type": "Point", "coordinates": [ 118.0206778, 36.8472675 ] } },
{ "type": "Feature", "properties": { "osm_id": "701_start" }, "geometry": { "type": "Point", "coordinates": [ 118.0206728, 36.8468457 ] } },
{ "type": "Feature", "properties": { "osm_id": "701_end" }, "geometry": { "type": "Point", "coordinates": [ 118.0206636, 36.846592 ] } },
{ "type": "Feature", "properties": { "osm_id": "702_start" }, "geometry": { "type": "Point", "coordinates": [ 118.0268073, 36.849904 ] } },
{ "type": "Feature", "properties": { "osm_id": "702_end" }, "geometry": { "type": "Point", "coordinates": [ 118.0267729, 36.849681 ] } },
{ "type": "Feature", "properties": { "osm_id": "703_start" }, "geometry": { "type": "Point", "coordinates": [ 118.0204327, 36.8499949 ] } },
{ "type": "Feature", "properties": { "osm_id": "703_end" }, "geometry": { "type": "Point", "coordinates": [ 117.9913437, 36.8507157 ] } },
{ "type": "Feature", "properties": { "osm_id": "704_start" }, "geometry": { "type": "Point", "coordinates": [ 118.0343355, 36.842976 ] } },
{ "type": "Feature", "properties": { "osm_id": "704_end" }, "geometry": { "type": "Point", "coordinates": [ 118.0311228, 36.8429889 ] } },
{ "type": "Feature", "properties": { "osm_id": "706_start" }, "geometry": { "type": "Point", "coordinates": [ 118.0308795, 36.8013907 ] } },
{ "type": "Feature", "properties": { "osm_id": "706_end" }, "geometry": { "type": "Point", "coordinates": [ 118.0309318, 36.8074617 ] } },
{ "type": "Feature", "properties": { "osm_id": "707_start" }, "geometry": { "type": "Point", "coordinates": [ 118.031183, 36.7964232 ] } },
{ "type": "Feature", "properties": { "osm_id": "707_end" }, "geometry": { "type": "Point", "coordinates": [ 118.0355327, 36.796023 ] } },
{ "type": "Feature", "properties": { "osm_id": "710_start" }, "geometry": { "type": "Point", "coordinates": [ 118.0308166, 36.8074636 ] } },
{ "type": "Feature", "properties": { "osm_id": "710_end" }, "geometry": { "type": "Point", "coordinates": [ 118.0307728, 36.8015506 ] } },
{ "type": "Feature", "properties": { "osm_id": "711_start" }, "geometry": { "type": "Point", "coordinates": [ 118.0346659, 36.8429748 ] } },
{ "type": "Feature", "properties": { "osm_id": "712_start" }, "geometry": { "type": "Point", "coordinates": [ 118.0342489, 36.8364186 ] } },
{ "type": "Feature", "properties": { "osm_id": "712_end" }, "geometry": { "type": "Point", "coordinates": [ 118.033908, 36.8364273 ] } },
{ "type": "Feature", "properties": { "osm_id": "713_end" }, "geometry": { "type": "Point", "coordinates": [ 118.0202836, 36.8306918 ] } },
{ "type": "Feature", "properties": { "osm_id": "714_start" }, "geometry": { "type": "Point", "coordinates": [ 118.0205568, 36.8366713 ] } },
{ "type": "Feature", "properties": { "osm_id": "714_end" }, "geometry": { "type": "Point", "coordinates": [ 118.0262713, 36.8365152 ] } },
{ "type": "Feature", "properties": { "osm_id": "715_start" }, "geometry": { "type": "Point", "coordinates": [ 118.0338993, 36.836261 ] } },
{ "type": "Feature", "properties": { "osm_id": "715_end" }, "geometry": { "type": "Point", "coordinates": [ 118.034212, 36.8362509 ] } },
{ "type": "Feature", "properties": { "osm_id": "716_start" }, "geometry": { "type": "Point", "coordinates": [ 118.0665206, 36.8350196 ] } },
{ "type": "Feature", "properties": { "osm_id": "716_end" }, "geometry": { "type": "Point", "coordinates": [ 118.0973483, 36.8297869 ] } },
{ "type": "Feature", "properties": { "osm_id": "717_start" }, "geometry": { "type": "Point", "coordinates": [ 118.0313814, 36.7965548 ] } },
{ "type": "Feature", "properties": { "osm_id": "717_end" }, "geometry": { "type": "Point", "coordinates": [ 118.0305265, 36.7971525 ] } },
{ "type": "Feature", "properties": { "osm_id": "718_start" }, "geometry": { "type": "Point", "coordinates": [ 118.0248887, 36.7659334 ] } },
{ "type": "Feature", "properties": { "osm_id": "718_end" }, "geometry": { "type": "Point", "coordinates": [ 118.0260978, 36.7795861 ] } },
{ "type": "Feature", "properties": { "osm_id": "719_start" }, "geometry": { "type": "Point", "coordinates": [ 118.0309599, 36.8365463 ] } },
{ "type": "Feature", "properties": { "osm_id": "719_end" }, "geometry": { "type": "Point", "coordinates": [ 118.0309249, 36.8282068 ] } },
{ "type": "Feature", "properties": { "osm_id": "720_start" }, "geometry": { "type": "Point", "coordinates": [ 118.0310013, 36.8207254 ] } },
{ "type": "Feature", "properties": { "osm_id": "721_end" }, "geometry": { "type": "Point", "coordinates": [ 118.0310021, 36.8208924 ] } },
{ "type": "Feature", "properties": { "osm_id": "722_start" }, "geometry": { "type": "Point", "coordinates": [ 118.0266222, 36.7840415 ] } },
{ "type": "Feature", "properties": { "osm_id": "722_end" }, "geometry": { "type": "Point", "coordinates": [ 118.025966, 36.7796844 ] } },
{ "type": "Feature", "properties": { "osm_id": "723_start" }, "geometry": { "type": "Point", "coordinates": [ 118.0263353, 36.8366917 ] } },
{ "type": "Feature", "properties": { "osm_id": "724_end" }, "geometry": { "type": "Point", "coordinates": [ 118.0360779, 36.8008524 ] } },
{ "type": "Feature", "properties": { "osm_id": "725_start" }, "geometry": { "type": "Point", "coordinates": [ 118.0475486, 36.7989031 ] } },
{ "type": "Feature", "properties": { "osm_id": "725_end" }, "geometry": { "type": "Point", "coordinates": [ 118.0421344, 36.8000026 ] } },
{ "type": "Feature", "properties": { "osm_id": "726_start" }, "geometry": { "type": "Point", "coordinates": [ 118.0361402, 36.804357 ] } },
{ "type": "Feature", "properties": { "osm_id": "726_end" }, "geometry": { "type": "Point", "coordinates": [ 118.0361211, 36.8073638 ] } },
{ "type": "Feature", "properties": { "osm_id": "727_start" }, "geometry": { "type": "Point", "coordinates": [ 118.0361508, 36.8135806 ] } },
{ "type": "Feature", "properties": { "osm_id": "727_end" }, "geometry": { "type": "Point", "coordinates": [ 118.0361862, 36.8204534 ] } },
{ "type": "Feature", "properties": { "osm_id": "728_start" }, "geometry": { "type": "Point", "coordinates": [ 118.0459305, 36.835914 ] } },
{ "type": "Feature", "properties": { "osm_id": "728_end" }, "geometry": { "type": "Point", "coordinates": [ 118.0461693, 36.8272921 ] } },
{ "type": "Feature", "properties": { "osm_id": "729_start" }, "geometry": { "type": "Point", "coordinates": [ 118.0483823, 36.8403941 ] } },
{ "type": "Feature", "properties": { "osm_id": "729_end" }, "geometry": { "type": "Point", "coordinates": [ 118.0442472, 36.8404287 ] } },
{ "type": "Feature", "properties": { "osm_id": "730_start" }, "geometry": { "type": "Point", "coordinates": [ 118.0434869, 36.8308353 ] } },
{ "type": "Feature", "properties": { "osm_id": "730_end" }, "geometry": { "type": "Point", "coordinates": [ 118.0435056, 36.8275532 ] } },
{ "type": "Feature", "properties": { "osm_id": "731_start" }, "geometry": { "type": "Point", "coordinates": [ 118.0438818, 36.8361597 ] } },
{ "type": "Feature", "properties": { "osm_id": "731_end" }, "geometry": { "type": "Point", "coordinates": [ 118.0444536, 36.8428661 ] } },
{ "type": "Feature", "properties": { "osm_id": "732_start" }, "geometry": { "type": "Point", "coordinates": [ 118.0379719, 36.8307746 ] } },
{ "type": "Feature", "properties": { "osm_id": "732_end" }, "geometry": { "type": "Point", "coordinates": [ 118.0420119, 36.8313357 ] } },
{ "type": "Feature", "properties": { "osm_id": "733_end" }, "geometry": { "type": "Point", "coordinates": [ 118.0416755, 36.8360353 ] } },
{ "type": "Feature", "properties": { "osm_id": "734_start" }, "geometry": { "type": "Point", "coordinates": [ 118.0461775, 36.8404126 ] } },
{ "type": "Feature", "properties": { "osm_id": "734_end" }, "geometry": { "type": "Point", "coordinates": [ 118.045979, 36.8382231 ] } },
{ "type": "Feature", "properties": { "osm_id": "735_start" }, "geometry": { "type": "Point", "coordinates": [ 118.0377853, 36.8568829 ] } },
{ "type": "Feature", "properties": { "osm_id": "736_start" }, "geometry": { "type": "Point", "coordinates": [ 118.0502994, 36.8316835 ] } },
{ "type": "Feature", "properties": { "osm_id": "736_end" }, "geometry": { "type": "Point", "coordinates": [ 118.0471005, 36.8320349 ] } },
{ "type": "Feature", "properties": { "osm_id": "737_start" }, "geometry": { "type": "Point", "coordinates": [ 118.0466005, 36.8308217 ] } },
{ "type": "Feature", "properties": { "osm_id": "738_start" }, "geometry": { "type": "Point", "coordinates": [ 118.0484784, 36.8461459 ] } },
{ "type": "Feature", "properties": { "osm_id": "738_end" }, "geometry": { "type": "Point", "coordinates": [ 118.0483527, 36.8382006 ] } },
{ "type": "Feature", "properties": { "osm_id": "739_start" }, "geometry": { "type": "Point", "coordinates": [ 118.0473288, 36.8527898 ] } },
{ "type": "Feature", "properties": { "osm_id": "740_start" }, "geometry": { "type": "Point", "coordinates": [ 118.0416024, 36.8330267 ] } },
{ "type": "Feature", "properties": { "osm_id": "740_end" }, "geometry": { "type": "Point", "coordinates": [ 118.045889, 36.83298 ] } },
{ "type": "Feature", "properties": { "osm_id": "741_start" }, "geometry": { "type": "Point", "coordinates": [ 118.0447637, 36.8463297 ] } },
{ "type": "Feature", "properties": { "osm_id": "741_end" }, "geometry": { "type": "Point", "coordinates": [ 118.0539939, 36.8460312 ] } },
{ "type": "Feature", "properties": { "osm_id": "743_start" }, "geometry": { "type": "Point", "coordinates": [ 118.0471628, 36.82003 ] } },
{ "type": "Feature", "properties": { "osm_id": "743_end" }, "geometry": { "type": "Point", "coordinates": [ 118.0391217, 36.8204645 ] } },
{ "type": "Feature", "properties": { "osm_id": "744_start" }, "geometry": { "type": "Point", "coordinates": [ 118.0504913, 36.8158763 ] } },
{ "type": "Feature", "properties": { "osm_id": "744_end" }, "geometry": { "type": "Point", "coordinates": [ 118.0576502, 36.8143203 ] } },
{ "type": "Feature", "properties": { "osm_id": "745_start" }, "geometry": { "type": "Point", "coordinates": [ 118.0436115, 36.7935621 ] } },
{ "type": "Feature", "properties": { "osm_id": "745_end" }, "geometry": { "type": "Point", "coordinates": [ 118.0473681, 36.7933382 ] } },
{ "type": "Feature", "properties": { "osm_id": "746_start" }, "geometry": { "type": "Point", "coordinates": [ 118.0088744, 36.7233117 ] } },
{ "type": "Feature", "properties": { "osm_id": "746_end" }, "geometry": { "type": "Point", "coordinates": [ 117.9938217, 36.6989623 ] } },
{ "type": "Feature", "properties": { "osm_id": "747_end" }, "geometry": { "type": "Point", "coordinates": [ 118.0259991, 36.8043931 ] } },
{ "type": "Feature", "properties": { "osm_id": "748_end" }, "geometry": { "type": "Point", "coordinates": [ 118.040524, 36.7937547 ] } },
{ "type": "Feature", "properties": { "osm_id": "767_start" }, "geometry": { "type": "Point", "coordinates": [ 118.063879, 36.8472353 ] } },
{ "type": "Feature", "properties": { "osm_id": "768_start" }, "geometry": { "type": "Point", "coordinates": [ 118.0529659, 36.7976656 ] } },
{ "type": "Feature", "properties": { "osm_id": "768_end" }, "geometry": { "type": "Point", "coordinates": [ 118.0529883, 36.7977678 ] } },
{ "type": "Feature", "properties": { "osm_id": "769_start" }, "geometry": { "type": "Point", "coordinates": [ 118.0626219, 36.7962668 ] } },
{ "type": "Feature", "properties": { "osm_id": "770_end" }, "geometry": { "type": "Point", "coordinates": [ 118.0419737, 36.7998951 ] } },
{ "type": "Feature", "properties": { "osm_id": "771_start" }, "geometry": { "type": "Point", "coordinates": [ 118.0520438, 36.7908435 ] } },
{ "type": "Feature", "properties": { "osm_id": "771_end" }, "geometry": { "type": "Point", "coordinates": [ 118.05181, 36.7910112 ] } },
{ "type": "Feature", "properties": { "osm_id": "772_start" }, "geometry": { "type": "Point", "coordinates": [ 118.0437167, 36.8061415 ] } },
{ "type": "Feature", "properties": { "osm_id": "772_end" }, "geometry": { "type": "Point", "coordinates": [ 118.0493714, 36.8052398 ] } },
{ "type": "Feature", "properties": { "osm_id": "773_start" }, "geometry": { "type": "Point", "coordinates": [ 118.0435884, 36.8030732 ] } },
{ "type": "Feature", "properties": { "osm_id": "774_start" }, "geometry": { "type": "Point", "coordinates": [ 118.0528148, 36.7975872 ] } },
{ "type": "Feature", "properties": { "osm_id": "774_end" }, "geometry": { "type": "Point", "coordinates": [ 118.0519023, 36.7929372 ] } },
{ "type": "Feature", "properties": { "osm_id": "775_start" }, "geometry": { "type": "Point", "coordinates": [ 118.0577815, 36.8142926 ] } },
{ "type": "Feature", "properties": { "osm_id": "775_end" }, "geometry": { "type": "Point", "coordinates": [ 118.0609298, 36.8136256 ] } },
{ "type": "Feature", "properties": { "osm_id": "776_end" }, "geometry": { "type": "Point", "coordinates": [ 118.0626363, 36.7963818 ] } },
{ "type": "Feature", "properties": { "osm_id": "777_start" }, "geometry": { "type": "Point", "coordinates": [ 118.0390809, 36.8203035 ] } },
{ "type": "Feature", "properties": { "osm_id": "777_end" }, "geometry": { "type": "Point", "coordinates": [ 118.0471202, 36.8198655 ] } },
{ "type": "Feature", "properties": { "osm_id": "778_start" }, "geometry": { "type": "Point", "coordinates": [ 118.120337, 36.8279694 ] } },
{ "type": "Feature", "properties": { "osm_id": "779_start" }, "geometry": { "type": "Point", "coordinates": [ 118.065068, 36.8419532 ] } },
{ "type": "Feature", "properties": { "osm_id": "780_start" }, "geometry": { "type": "Point", "coordinates": [ 118.0515811, 36.8201854 ] } },
{ "type": "Feature", "properties": { "osm_id": "780_end" }, "geometry": { "type": "Point", "coordinates": [ 118.0513354, 36.819311 ] } },
{ "type": "Feature", "properties": { "osm_id": "781_start" }, "geometry": { "type": "Point", "coordinates": [ 118.0549998, 36.8209468 ] } },
{ "type": "Feature", "properties": { "osm_id": "781_end" }, "geometry": { "type": "Point", "coordinates": [ 118.0526409, 36.8243207 ] } },
{ "type": "Feature", "properties": { "osm_id": "782_end" }, "geometry": { "type": "Point", "coordinates": [ 118.0511372, 36.8209008 ] } },
{ "type": "Feature", "properties": { "osm_id": "783_start" }, "geometry": { "type": "Point", "coordinates": [ 118.0547229, 36.8260895 ] } },
{ "type": "Feature", "properties": { "osm_id": "783_end" }, "geometry": { "type": "Point", "coordinates": [ 118.0484538, 36.8250405 ] } },
{ "type": "Feature", "properties": { "osm_id": "784_start" }, "geometry": { "type": "Point", "coordinates": [ 118.0525103, 36.8206868 ] } },
{ "type": "Feature", "properties": { "osm_id": "784_end" }, "geometry": { "type": "Point", "coordinates": [ 118.05142, 36.8222579 ] } },
{ "type": "Feature", "properties": { "osm_id": "785_start" }, "geometry": { "type": "Point", "coordinates": [ 118.054926, 36.8209076 ] } },
{ "type": "Feature", "properties": { "osm_id": "785_end" }, "geometry": { "type": "Point", "coordinates": [ 118.0542274, 36.8187912 ] } },
{ "type": "Feature", "properties": { "osm_id": "786_end" }, "geometry": { "type": "Point", "coordinates": [ 118.0597381, 36.8201042 ] } },
{ "type": "Feature", "properties": { "osm_id": "787_start" }, "geometry": { "type": "Point", "coordinates": [ 118.0539205, 36.8224905 ] } },
{ "type": "Feature", "properties": { "osm_id": "787_end" }, "geometry": { "type": "Point", "coordinates": [ 118.0528139, 36.8212799 ] } },
{ "type": "Feature", "properties": { "osm_id": "788_end" }, "geometry": { "type": "Point", "coordinates": [ 118.0519858, 36.8243982 ] } },
{ "type": "Feature", "properties": { "osm_id": "789_start" }, "geometry": { "type": "Point", "coordinates": [ 118.0543772, 36.8045514 ] } },
{ "type": "Feature", "properties": { "osm_id": "789_end" }, "geometry": { "type": "Point", "coordinates": [ 118.0437424, 36.8062409 ] } },
{ "type": "Feature", "properties": { "osm_id": "790_end" }, "geometry": { "type": "Point", "coordinates": [ 118.0478709, 36.8227789 ] } },
{ "type": "Feature", "properties": { "osm_id": "791_start" }, "geometry": { "type": "Point", "coordinates": [ 118.0498346, 36.8211291 ] } },
{ "type": "Feature", "properties": { "osm_id": "791_end" }, "geometry": { "type": "Point", "coordinates": [ 118.0521016, 36.8212676 ] } },
{ "type": "Feature", "properties": { "osm_id": "792_start" }, "geometry": { "type": "Point", "coordinates": [ 118.0503731, 36.8120267 ] } },
{ "type": "Feature", "properties": { "osm_id": "792_end" }, "geometry": { "type": "Point", "coordinates": [ 118.0565058, 36.8108345 ] } },
{ "type": "Feature", "properties": { "osm_id": "793_start" }, "geometry": { "type": "Point", "coordinates": [ 118.0513563, 36.8191307 ] } },
{ "type": "Feature", "properties": { "osm_id": "793_end" }, "geometry": { "type": "Point", "coordinates": [ 118.0505203, 36.8159853 ] } },
{ "type": "Feature", "properties": { "osm_id": "794_start" }, "geometry": { "type": "Point", "coordinates": [ 118.0501616, 36.8223602 ] } },
{ "type": "Feature", "properties": { "osm_id": "794_end" }, "geometry": { "type": "Point", "coordinates": [ 118.049442, 36.8196513 ] } },
{ "type": "Feature", "properties": { "osm_id": "795_start" }, "geometry": { "type": "Point", "coordinates": [ 118.0547224, 36.8202909 ] } },
{ "type": "Feature", "properties": { "osm_id": "796_start" }, "geometry": { "type": "Point", "coordinates": [ 118.0403959, 36.7937734 ] } },
{ "type": "Feature", "properties": { "osm_id": "796_end" }, "geometry": { "type": "Point", "coordinates": [ 118.038799, 36.7875787 ] } },
{ "type": "Feature", "properties": { "osm_id": "797_start" }, "geometry": { "type": "Point", "coordinates": [ 118.0519908, 36.821425 ] } },
{ "type": "Feature", "properties": { "osm_id": "798_start" }, "geometry": { "type": "Point", "coordinates": [ 118.0292871, 36.7966276 ] } },
{ "type": "Feature", "properties": { "osm_id": "798_end" }, "geometry": { "type": "Point", "coordinates": [ 118.0250617, 36.7969774 ] } },
{ "type": "Feature", "properties": { "osm_id": "799_start" }, "geometry": { "type": "Point", "coordinates": [ 117.974956, 36.6833863 ] } },
{ "type": "Feature", "properties": { "osm_id": "799_end" }, "geometry": { "type": "Point", "coordinates": [ 117.9840658, 36.6793881 ] } },
{ "type": "Feature", "properties": { "osm_id": "801_start" }, "geometry": { "type": "Point", "coordinates": [ 118.000203, 36.80761 ] } },
{ "type": "Feature", "properties": { "osm_id": "801_end" }, "geometry": { "type": "Point", "coordinates": [ 118.0005776, 36.8075539 ] } },
{ "type": "Feature", "properties": { "osm_id": "802_start" }, "geometry": { "type": "Point", "coordinates": [ 117.9986344, 36.8075819 ] } },
{ "type": "Feature", "properties": { "osm_id": "802_end" }, "geometry": { "type": "Point", "coordinates": [ 117.9991748, 36.8075689 ] } },
{ "type": "Feature", "properties": { "osm_id": "803_start" }, "geometry": { "type": "Point", "coordinates": [ 118.0010497, 36.8078932 ] } },
{ "type": "Feature", "properties": { "osm_id": "803_end" }, "geometry": { "type": "Point", "coordinates": [ 118.0007321, 36.8078844 ] } },
{ "type": "Feature", "properties": { "osm_id": "804_start" }, "geometry": { "type": "Point", "coordinates": [ 118.0001216, 36.8075088 ] } },
{ "type": "Feature", "properties": { "osm_id": "804_end" }, "geometry": { "type": "Point", "coordinates": [ 118.0005854, 36.8074433 ] } },
{ "type": "Feature", "properties": { "osm_id": "805_start" }, "geometry": { "type": "Point", "coordinates": [ 118.0002833, 36.8086648 ] } },
{ "type": "Feature", "properties": { "osm_id": "805_end" }, "geometry": { "type": "Point", "coordinates": [ 117.9994064, 36.8087586 ] } },
{ "type": "Feature", "properties": { "osm_id": "806_start" }, "geometry": { "type": "Point", "coordinates": [ 117.9992511, 36.8087752 ] } },
{ "type": "Feature", "properties": { "osm_id": "807_end" }, "geometry": { "type": "Point", "coordinates": [ 117.9986285, 36.8080372 ] } },
{ "type": "Feature", "properties": { "osm_id": "808_start" }, "geometry": { "type": "Point", "coordinates": [ 118.0004998, 36.8073413 ] } },
{ "type": "Feature", "properties": { "osm_id": "808_end" }, "geometry": { "type": "Point", "coordinates": [ 118.0003553, 36.8072201 ] } },
{ "type": "Feature", "properties": { "osm_id": "809_end" }, "geometry": { "type": "Point", "coordinates": [ 118.0018128, 36.807901 ] } },
{ "type": "Feature", "properties": { "osm_id": "810_start" }, "geometry": { "type": "Point", "coordinates": [ 118.0009451, 36.8072677 ] } },
{ "type": "Feature", "properties": { "osm_id": "810_end" }, "geometry": { "type": "Point", "coordinates": [ 117.9999278, 36.8082507 ] } },
{ "type": "Feature", "properties": { "osm_id": "811_start" }, "geometry": { "type": "Point", "coordinates": [ 118.0005454, 36.8078459 ] } },
{ "type": "Feature", "properties": { "osm_id": "811_end" }, "geometry": { "type": "Point", "coordinates": [ 118.0006688, 36.8079305 ] } },
{ "type": "Feature", "properties": { "osm_id": "812_start" }, "geometry": { "type": "Point", "coordinates": [ 117.9996657, 36.8075582 ] } },
{ "type": "Feature", "properties": { "osm_id": "812_end" }, "geometry": { "type": "Point", "coordinates": [ 117.9994882, 36.8077408 ] } },
{ "type": "Feature", "properties": { "osm_id": "813_end" }, "geometry": { "type": "Point", "coordinates": [ 117.9995273, 36.8078167 ] } },
{ "type": "Feature", "properties": { "osm_id": "816_start" }, "geometry": { "type": "Point", "coordinates": [ 117.9996416, 36.8073799 ] } },
{ "type": "Feature", "properties": { "osm_id": "816_end" }, "geometry": { "type": "Point", "coordinates": [ 117.998373, 36.8074898 ] } },
{ "type": "Feature", "properties": { "osm_id": "817_start" }, "geometry": { "type": "Point", "coordinates": [ 118.0001173, 36.8077787 ] } },
{ "type": "Feature", "properties": { "osm_id": "817_end" }, "geometry": { "type": "Point", "coordinates": [ 118.0002779, 36.8075979 ] } },
{ "type": "Feature", "properties": { "osm_id": "818_start" }, "geometry": { "type": "Point", "coordinates": [ 118.0018181, 36.8067964 ] } },
{ "type": "Feature", "properties": { "osm_id": "819_start" }, "geometry": { "type": "Point", "coordinates": [ 117.9958221, 36.8065563 ] } },
{ "type": "Feature", "properties": { "osm_id": "819_end" }, "geometry": { "type": "Point", "coordinates": [ 117.9959445, 36.8065438 ] } },
{ "type": "Feature", "properties": { "osm_id": "820_start" }, "geometry": { "type": "Point", "coordinates": [ 117.9965694, 36.8133123 ] } },
{ "type": "Feature", "properties": { "osm_id": "820_end" }, "geometry": { "type": "Point", "coordinates": [ 117.9967755, 36.813293 ] } },
{ "type": "Feature", "properties": { "osm_id": "821_start" }, "geometry": { "type": "Point", "coordinates": [ 117.9977177, 36.8121091 ] } },
{ "type": "Feature", "properties": { "osm_id": "821_end" }, "geometry": { "type": "Point", "coordinates": [ 117.9988223, 36.8118079 ] } },
{ "type": "Feature", "properties": { "osm_id": "822_start" }, "geometry": { "type": "Point", "coordinates": [ 117.9950027, 36.8127823 ] } },
{ "type": "Feature", "properties": { "osm_id": "822_end" }, "geometry": { "type": "Point", "coordinates": [ 117.9951075, 36.8128334 ] } },
{ "type": "Feature", "properties": { "osm_id": "823_end" }, "geometry": { "type": "Point", "coordinates": [ 117.9968386, 36.8150547 ] } },
{ "type": "Feature", "properties": { "osm_id": "824_start" }, "geometry": { "type": "Point", "coordinates": [ 117.9960558, 36.8133513 ] } },
{ "type": "Feature", "properties": { "osm_id": "824_end" }, "geometry": { "type": "Point", "coordinates": [ 117.9963751, 36.8133231 ] } },
{ "type": "Feature", "properties": { "osm_id": "825_start" }, "geometry": { "type": "Point", "coordinates": [ 117.9939933, 36.8136452 ] } },
{ "type": "Feature", "properties": { "osm_id": "825_end" }, "geometry": { "type": "Point", "coordinates": [ 117.9946551, 36.8135935 ] } },
{ "type": "Feature", "properties": { "osm_id": "826_start" }, "geometry": { "type": "Point", "coordinates": [ 117.9947477, 36.8132976 ] } },
{ "type": "Feature", "properties": { "osm_id": "826_end" }, "geometry": { "type": "Point", "coordinates": [ 117.9946572, 36.8132139 ] } },
{ "type": "Feature", "properties": { "osm_id": "827_start" }, "geometry": { "type": "Point", "coordinates": [ 117.9960953, 36.8136503 ] } },
{ "type": "Feature", "properties": { "osm_id": "827_end" }, "geometry": { "type": "Point", "coordinates": [ 117.9960165, 36.8130548 ] } },
{ "type": "Feature", "properties": { "osm_id": "828_start" }, "geometry": { "type": "Point", "coordinates": [ 117.9978475, 36.8118773 ] } },
{ "type": "Feature", "properties": { "osm_id": "828_end" }, "geometry": { "type": "Point", "coordinates": [ 117.9980697, 36.812002 ] } },
{ "type": "Feature", "properties": { "osm_id": "829_start" }, "geometry": { "type": "Point", "coordinates": [ 117.9951452, 36.8140006 ] } },
{ "type": "Feature", "properties": { "osm_id": "829_end" }, "geometry": { "type": "Point", "coordinates": [ 117.9951077, 36.8137132 ] } },
{ "type": "Feature", "properties": { "osm_id": "830_start" }, "geometry": { "type": "Point", "coordinates": [ 117.9964201, 36.8136214 ] } },
{ "type": "Feature", "properties": { "osm_id": "830_end" }, "geometry": { "type": "Point", "coordinates": [ 117.9946071, 36.813783 ] } },
{ "type": "Feature", "properties": { "osm_id": "831_start" }, "geometry": { "type": "Point", "coordinates": [ 117.9950676, 36.8131406 ] } },
{ "type": "Feature", "properties": { "osm_id": "831_end" }, "geometry": { "type": "Point", "coordinates": [ 117.9950693, 36.8131547 ] } },
{ "type": "Feature", "properties": { "osm_id": "833_start" }, "geometry": { "type": "Point", "coordinates": [ 117.9986283, 36.8112806 ] } },
{ "type": "Feature", "properties": { "osm_id": "833_end" }, "geometry": { "type": "Point", "coordinates": [ 117.9982572, 36.8107803 ] } },
{ "type": "Feature", "properties": { "osm_id": "834_end" }, "geometry": { "type": "Point", "coordinates": [ 117.9981875, 36.8120597 ] } },
{ "type": "Feature", "properties": { "osm_id": "835_start" }, "geometry": { "type": "Point", "coordinates": [ 117.9965227, 36.8130096 ] } },
{ "type": "Feature", "properties": { "osm_id": "835_end" }, "geometry": { "type": "Point", "coordinates": [ 117.996729, 36.8129884 ] } },
{ "type": "Feature", "properties": { "osm_id": "836_start" }, "geometry": { "type": "Point", "coordinates": [ 117.9976544, 36.8118947 ] } },
{ "type": "Feature", "properties": { "osm_id": "837_start" }, "geometry": { "type": "Point", "coordinates": [ 117.994563, 36.8134239 ] } },
{ "type": "Feature", "properties": { "osm_id": "837_end" }, "geometry": { "type": "Point", "coordinates": [ 117.9963304, 36.8130264 ] } },
{ "type": "Feature", "properties": { "osm_id": "839_start" }, "geometry": { "type": "Point", "coordinates": [ 117.9988484, 36.8118068 ] } },
{ "type": "Feature", "properties": { "osm_id": "840_start" }, "geometry": { "type": "Point", "coordinates": [ 117.999243, 36.8114029 ] } },
{ "type": "Feature", "properties": { "osm_id": "840_end" }, "geometry": { "type": "Point", "coordinates": [ 117.999089, 36.8114158 ] } },
{ "type": "Feature", "properties": { "osm_id": "847_start" }, "geometry": { "type": "Point", "coordinates": [ 117.878988, 36.81114 ] } },
{ "type": "Feature", "properties": { "osm_id": "847_end" }, "geometry": { "type": "Point", "coordinates": [ 117.8824311, 36.8114242 ] } },
{ "type": "Feature", "properties": { "osm_id": "848_start" }, "geometry": { "type": "Point", "coordinates": [ 117.8847386, 36.8109404 ] } },
{ "type": "Feature", "properties": { "osm_id": "848_end" }, "geometry": { "type": "Point", "coordinates": [ 117.8891091, 36.8108115 ] } },
{ "type": "Feature", "properties": { "osm_id": "849_start" }, "geometry": { "type": "Point", "coordinates": [ 117.8799256, 36.8112177 ] } },
{ "type": "Feature", "properties": { "osm_id": "849_end" }, "geometry": { "type": "Point", "coordinates": [ 117.8801693, 36.8089775 ] } },
{ "type": "Feature", "properties": { "osm_id": "852_start" }, "geometry": { "type": "Point", "coordinates": [ 117.8797605, 36.8087779 ] } },
{ "type": "Feature", "properties": { "osm_id": "852_end" }, "geometry": { "type": "Point", "coordinates": [ 117.8768921, 36.8085348 ] } },
{ "type": "Feature", "properties": { "osm_id": "854_start" }, "geometry": { "type": "Point", "coordinates": [ 117.9532527, 36.7489287 ] } },
{ "type": "Feature", "properties": { "osm_id": "854_end" }, "geometry": { "type": "Point", "coordinates": [ 117.9703658, 36.7471023 ] } },
{ "type": "Feature", "properties": { "osm_id": "855_start" }, "geometry": { "type": "Point", "coordinates": [ 118.1758486, 36.8157115 ] } },
{ "type": "Feature", "properties": { "osm_id": "855_end" }, "geometry": { "type": "Point", "coordinates": [ 118.1457379, 36.8045276 ] } },
{ "type": "Feature", "properties": { "osm_id": "856_end" }, "geometry": { "type": "Point", "coordinates": [ 118.1057568, 36.7932945 ] } },
{ "type": "Feature", "properties": { "osm_id": "857_start" }, "geometry": { "type": "Point", "coordinates": [ 117.9703719, 36.7472246 ] } },
{ "type": "Feature", "properties": { "osm_id": "857_end" }, "geometry": { "type": "Point", "coordinates": [ 117.9528366, 36.7490793 ] } },
{ "type": "Feature", "properties": { "osm_id": "858_start" }, "geometry": { "type": "Point", "coordinates": [ 117.987757, 36.7453746 ] } },
{ "type": "Feature", "properties": { "osm_id": "859_start" }, "geometry": { "type": "Point", "coordinates": [ 118.0505979, 36.8328415 ] } },
{ "type": "Feature", "properties": { "osm_id": "859_end" }, "geometry": { "type": "Point", "coordinates": [ 118.0630219, 36.8311282 ] } },
{ "type": "Feature", "properties": { "osm_id": "860_start" }, "geometry": { "type": "Point", "coordinates": [ 118.1243834, 36.7690826 ] } },
{ "type": "Feature", "properties": { "osm_id": "860_end" }, "geometry": { "type": "Point", "coordinates": [ 118.1448373, 36.7684571 ] } },
{ "type": "Feature", "properties": { "osm_id": "861_start" }, "geometry": { "type": "Point", "coordinates": [ 118.071787, 36.7727363 ] } },
{ "type": "Feature", "properties": { "osm_id": "861_end" }, "geometry": { "type": "Point", "coordinates": [ 118.0512606, 36.7811008 ] } },
{ "type": "Feature", "properties": { "osm_id": "862_start" }, "geometry": { "type": "Point", "coordinates": [ 117.9842353, 36.7863997 ] } },
{ "type": "Feature", "properties": { "osm_id": "862_end" }, "geometry": { "type": "Point", "coordinates": [ 117.9751462, 36.7856065 ] } },
{ "type": "Feature", "properties": { "osm_id": "863_start" }, "geometry": { "type": "Point", "coordinates": [ 117.9736449, 36.7855023 ] } },
{ "type": "Feature", "properties": { "osm_id": "863_end" }, "geometry": { "type": "Point", "coordinates": [ 117.9708132, 36.7852605 ] } },
{ "type": "Feature", "properties": { "osm_id": "864_start" }, "geometry": { "type": "Point", "coordinates": [ 118.0869243, 36.7703999 ] } },
{ "type": "Feature", "properties": { "osm_id": "864_end" }, "geometry": { "type": "Point", "coordinates": [ 118.1153194, 36.7700492 ] } },
{ "type": "Feature", "properties": { "osm_id": "866_start" }, "geometry": { "type": "Point", "coordinates": [ 118.0266855, 36.7843346 ] } },
{ "type": "Feature", "properties": { "osm_id": "866_end" }, "geometry": { "type": "Point", "coordinates": [ 118.0181819, 36.7852781 ] } },
{ "type": "Feature", "properties": { "osm_id": "867_start" }, "geometry": { "type": "Point", "coordinates": [ 117.9051155, 36.8003601 ] } },
{ "type": "Feature", "properties": { "osm_id": "867_end" }, "geometry": { "type": "Point", "coordinates": [ 117.8618361, 36.8008691 ] } },
{ "type": "Feature", "properties": { "osm_id": "868_end" }, "geometry": { "type": "Point", "coordinates": [ 118.0436622, 36.7563309 ] } },
{ "type": "Feature", "properties": { "osm_id": "869_start" }, "geometry": { "type": "Point", "coordinates": [ 117.9938002, 36.7868517 ] } },
{ "type": "Feature", "properties": { "osm_id": "870_end" }, "geometry": { "type": "Point", "coordinates": [ 117.9418581, 36.786186 ] } },
{ "type": "Feature", "properties": { "osm_id": "871_end" }, "geometry": { "type": "Point", "coordinates": [ 117.9939316, 36.7871058 ] } },
{ "type": "Feature", "properties": { "osm_id": "872_start" }, "geometry": { "type": "Point", "coordinates": [ 118.0179762, 36.7849681 ] } },
{ "type": "Feature", "properties": { "osm_id": "875_start" }, "geometry": { "type": "Point", "coordinates": [ 117.9507834, 36.7865459 ] } },
{ "type": "Feature", "properties": { "osm_id": "888_start" }, "geometry": { "type": "Point", "coordinates": [ 117.9489206, 36.784949 ] } },
{ "type": "Feature", "properties": { "osm_id": "888_end" }, "geometry": { "type": "Point", "coordinates": [ 117.9494571, 36.7848417 ] } },
{ "type": "Feature", "properties": { "osm_id": "889_start" }, "geometry": { "type": "Point", "coordinates": [ 117.9477768, 36.7861554 ] } },
{ "type": "Feature", "properties": { "osm_id": "896_start" }, "geometry": { "type": "Point", "coordinates": [ 117.9287683, 36.7862037 ] } },
{ "type": "Feature", "properties": { "osm_id": "896_end" }, "geometry": { "type": "Point", "coordinates": [ 117.9512172, 36.7864735 ] } },
{ "type": "Feature", "properties": { "osm_id": "897_end" }, "geometry": { "type": "Point", "coordinates": [ 117.8571397, 36.7862263 ] } },
{ "type": "Feature", "properties": { "osm_id": "904_start" }, "geometry": { "type": "Point", "coordinates": [ 118.0792775, 36.770841 ] } },
{ "type": "Feature", "properties": { "osm_id": "904_end" }, "geometry": { "type": "Point", "coordinates": [ 118.0730467, 36.7623255 ] } },
{ "type": "Feature", "properties": { "osm_id": "906_end" }, "geometry": { "type": "Point", "coordinates": [ 118.055702, 36.7916578 ] } },
{ "type": "Feature", "properties": { "osm_id": "907_end" }, "geometry": { "type": "Point", "coordinates": [ 118.0564978, 36.7969934 ] } },
{ "type": "Feature", "properties": { "osm_id": "909_start" }, "geometry": { "type": "Point", "coordinates": [ 118.04804, 36.8234351 ] } },
{ "type": "Feature", "properties": { "osm_id": "909_end" }, "geometry": { "type": "Point", "coordinates": [ 118.0432314, 36.8236722 ] } },
{ "type": "Feature", "properties": { "osm_id": "910_start" }, "geometry": { "type": "Point", "coordinates": [ 118.0467777, 36.8234973 ] } },
{ "type": "Feature", "properties": { "osm_id": "910_end" }, "geometry": { "type": "Point", "coordinates": [ 118.0477186, 36.8234509 ] } },
{ "type": "Feature", "properties": { "osm_id": "911_start" }, "geometry": { "type": "Point", "coordinates": [ 118.0471667, 36.8213518 ] } },
{ "type": "Feature", "properties": { "osm_id": "911_end" }, "geometry": { "type": "Point", "coordinates": [ 118.047489, 36.8212967 ] } },
{ "type": "Feature", "properties": { "osm_id": "912_start" }, "geometry": { "type": "Point", "coordinates": [ 118.0468122, 36.8272586 ] } },
{ "type": "Feature", "properties": { "osm_id": "912_end" }, "geometry": { "type": "Point", "coordinates": [ 118.0454291, 36.8235638 ] } },
{ "type": "Feature", "properties": { "osm_id": "913_end" }, "geometry": { "type": "Point", "coordinates": [ 118.0386919, 36.8220876 ] } },
{ "type": "Feature", "properties": { "osm_id": "914_start" }, "geometry": { "type": "Point", "coordinates": [ 118.042157, 36.822046 ] } },
{ "type": "Feature", "properties": { "osm_id": "915_start" }, "geometry": { "type": "Point", "coordinates": [ 118.0382388, 36.8255501 ] } },
{ "type": "Feature", "properties": { "osm_id": "916_start" }, "geometry": { "type": "Point", "coordinates": [ 117.9992691, 36.8050337 ] } },
{ "type": "Feature", "properties": { "osm_id": "916_end" }, "geometry": { "type": "Point", "coordinates": [ 117.9991986, 36.8046303 ] } },
{ "type": "Feature", "properties": { "osm_id": "918_start" }, "geometry": { "type": "Point", "coordinates": [ 118.1488187, 36.6973288 ] } },
{ "type": "Feature", "properties": { "osm_id": "918_end" }, "geometry": { "type": "Point", "coordinates": [ 118.1533123, 36.705572 ] } },
{ "type": "Feature", "properties": { "osm_id": "919_start" }, "geometry": { "type": "Point", "coordinates": [ 118.1323193, 36.7465088 ] } },
{ "type": "Feature", "properties": { "osm_id": "919_end" }, "geometry": { "type": "Point", "coordinates": [ 118.1211615, 36.7475256 ] } },
{ "type": "Feature", "properties": { "osm_id": "920_start" }, "geometry": { "type": "Point", "coordinates": [ 118.0495004, 36.6897632 ] } },
{ "type": "Feature", "properties": { "osm_id": "921_start" }, "geometry": { "type": "Point", "coordinates": [ 118.0664668, 36.7245584 ] } },
{ "type": "Feature", "properties": { "osm_id": "921_end" }, "geometry": { "type": "Point", "coordinates": [ 118.063303, 36.7344145 ] } },
{ "type": "Feature", "properties": { "osm_id": "922_start" }, "geometry": { "type": "Point", "coordinates": [ 118.0650017, 36.7251523 ] } },
{ "type": "Feature", "properties": { "osm_id": "922_end" }, "geometry": { "type": "Point", "coordinates": [ 118.0648709, 36.7255868 ] } },
{ "type": "Feature", "properties": { "osm_id": "923_start" }, "geometry": { "type": "Point", "coordinates": [ 118.0748112, 36.7473519 ] } },
{ "type": "Feature", "properties": { "osm_id": "923_end" }, "geometry": { "type": "Point", "coordinates": [ 118.0777242, 36.7602852 ] } },
{ "type": "Feature", "properties": { "osm_id": "924_start" }, "geometry": { "type": "Point", "coordinates": [ 118.0452655, 36.7293753 ] } },
{ "type": "Feature", "properties": { "osm_id": "924_end" }, "geometry": { "type": "Point", "coordinates": [ 118.0738007, 36.7180163 ] } },
{ "type": "Feature", "properties": { "osm_id": "925_start" }, "geometry": { "type": "Point", "coordinates": [ 118.0804257, 36.74288 ] } },
{ "type": "Feature", "properties": { "osm_id": "925_end" }, "geometry": { "type": "Point", "coordinates": [ 118.0855659, 36.7467981 ] } },
{ "type": "Feature", "properties": { "osm_id": "926_start" }, "geometry": { "type": "Point", "coordinates": [ 118.0443526, 36.7248879 ] } },
{ "type": "Feature", "properties": { "osm_id": "926_end" }, "geometry": { "type": "Point", "coordinates": [ 118.0319885, 36.7272086 ] } },
{ "type": "Feature", "properties": { "osm_id": "927_start" }, "geometry": { "type": "Point", "coordinates": [ 118.0358959, 36.7345406 ] } },
{ "type": "Feature", "properties": { "osm_id": "927_end" }, "geometry": { "type": "Point", "coordinates": [ 118.0307138, 36.7379163 ] } },
{ "type": "Feature", "properties": { "osm_id": "928_start" }, "geometry": { "type": "Point", "coordinates": [ 118.0628068, 36.7302964 ] } },
{ "type": "Feature", "properties": { "osm_id": "928_end" }, "geometry": { "type": "Point", "coordinates": [ 118.0692194, 36.7297096 ] } },
{ "type": "Feature", "properties": { "osm_id": "929_start" }, "geometry": { "type": "Point", "coordinates": [ 117.9643794, 36.742371 ] } },
{ "type": "Feature", "properties": { "osm_id": "929_end" }, "geometry": { "type": "Point", "coordinates": [ 117.9784893, 36.7406671 ] } },
{ "type": "Feature", "properties": { "osm_id": "930_start" }, "geometry": { "type": "Point", "coordinates": [ 117.990301, 36.740633 ] } },
{ "type": "Feature", "properties": { "osm_id": "930_end" }, "geometry": { "type": "Point", "coordinates": [ 117.9832636, 36.7403787 ] } },
{ "type": "Feature", "properties": { "osm_id": "931_start" }, "geometry": { "type": "Point", "coordinates": [ 118.0580742, 36.7219364 ] } },
{ "type": "Feature", "properties": { "osm_id": "931_end" }, "geometry": { "type": "Point", "coordinates": [ 118.066046, 36.7206253 ] } },
{ "type": "Feature", "properties": { "osm_id": "932_start" }, "geometry": { "type": "Point", "coordinates": [ 118.0547697, 36.7259781 ] } },
{ "type": "Feature", "properties": { "osm_id": "932_end" }, "geometry": { "type": "Point", "coordinates": [ 118.0553534, 36.7293799 ] } },
{ "type": "Feature", "properties": { "osm_id": "933_start" }, "geometry": { "type": "Point", "coordinates": [ 118.0882223, 36.7382559 ] } },
{ "type": "Feature", "properties": { "osm_id": "933_end" }, "geometry": { "type": "Point", "coordinates": [ 118.0890384, 36.7455019 ] } },
{ "type": "Feature", "properties": { "osm_id": "934_start" }, "geometry": { "type": "Point", "coordinates": [ 118.0310802, 36.7381222 ] } },
{ "type": "Feature", "properties": { "osm_id": "934_end" }, "geometry": { "type": "Point", "coordinates": [ 118.0319436, 36.7407282 ] } },
{ "type": "Feature", "properties": { "osm_id": "935_start" }, "geometry": { "type": "Point", "coordinates": [ 118.0316217, 36.7422242 ] } },
{ "type": "Feature", "properties": { "osm_id": "935_end" }, "geometry": { "type": "Point", "coordinates": [ 118.0303715, 36.7384853 ] } },
{ "type": "Feature", "properties": { "osm_id": "936_start" }, "geometry": { "type": "Point", "coordinates": [ 118.0543621, 36.6919349 ] } },
{ "type": "Feature", "properties": { "osm_id": "936_end" }, "geometry": { "type": "Point", "coordinates": [ 118.0539971, 36.6895104 ] } },
{ "type": "Feature", "properties": { "osm_id": "937_start" }, "geometry": { "type": "Point", "coordinates": [ 118.0635245, 36.7226759 ] } },
{ "type": "Feature", "properties": { "osm_id": "937_end" }, "geometry": { "type": "Point", "coordinates": [ 118.062516, 36.721214 ] } },
{ "type": "Feature", "properties": { "osm_id": "938_start" }, "geometry": { "type": "Point", "coordinates": [ 118.0283809, 36.7242443 ] } },
{ "type": "Feature", "properties": { "osm_id": "938_end" }, "geometry": { "type": "Point", "coordinates": [ 118.0352184, 36.73212 ] } },
{ "type": "Feature", "properties": { "osm_id": "939_start" }, "geometry": { "type": "Point", "coordinates": [ 118.0827195, 36.7512799 ] } },
{ "type": "Feature", "properties": { "osm_id": "939_end" }, "geometry": { "type": "Point", "coordinates": [ 118.0819992, 36.7472029 ] } },
{ "type": "Feature", "properties": { "osm_id": "940_start" }, "geometry": { "type": "Point", "coordinates": [ 118.0532677, 36.6987482 ] } },
{ "type": "Feature", "properties": { "osm_id": "940_end" }, "geometry": { "type": "Point", "coordinates": [ 118.0494096, 36.6886106 ] } },
{ "type": "Feature", "properties": { "osm_id": "941_start" }, "geometry": { "type": "Point", "coordinates": [ 117.9993027, 36.7442178 ] } },
{ "type": "Feature", "properties": { "osm_id": "941_end" }, "geometry": { "type": "Point", "coordinates": [ 117.9985499, 36.7355607 ] } },
{ "type": "Feature", "properties": { "osm_id": "942_start" }, "geometry": { "type": "Point", "coordinates": [ 118.0558641, 36.7260985 ] } },
{ "type": "Feature", "properties": { "osm_id": "942_end" }, "geometry": { "type": "Point", "coordinates": [ 118.0558112, 36.7351428 ] } },
{ "type": "Feature", "properties": { "osm_id": "943_start" }, "geometry": { "type": "Point", "coordinates": [ 117.9746538, 36.7099134 ] } },
{ "type": "Feature", "properties": { "osm_id": "943_end" }, "geometry": { "type": "Point", "coordinates": [ 117.9794392, 36.7433233 ] } },
{ "type": "Feature", "properties": { "osm_id": "944_start" }, "geometry": { "type": "Point", "coordinates": [ 118.0225316, 36.7185363 ] } },
{ "type": "Feature", "properties": { "osm_id": "944_end" }, "geometry": { "type": "Point", "coordinates": [ 118.0272403, 36.7251789 ] } },
{ "type": "Feature", "properties": { "osm_id": "945_start" }, "geometry": { "type": "Point", "coordinates": [ 117.9941518, 36.7359001 ] } },
{ "type": "Feature", "properties": { "osm_id": "945_end" }, "geometry": { "type": "Point", "coordinates": [ 118.0117599, 36.7344137 ] } },
{ "type": "Feature", "properties": { "osm_id": "946_start" }, "geometry": { "type": "Point", "coordinates": [ 118.0529244, 36.7261845 ] } },
{ "type": "Feature", "properties": { "osm_id": "946_end" }, "geometry": { "type": "Point", "coordinates": [ 118.0536539, 36.7304667 ] } },
{ "type": "Feature", "properties": { "osm_id": "947_start" }, "geometry": { "type": "Point", "coordinates": [ 118.0035503, 36.7325992 ] } },
{ "type": "Feature", "properties": { "osm_id": "947_end" }, "geometry": { "type": "Point", "coordinates": [ 118.0103112, 36.7323718 ] } },
{ "type": "Feature", "properties": { "osm_id": "948_start" }, "geometry": { "type": "Point", "coordinates": [ 117.9779591, 36.7371459 ] } },
{ "type": "Feature", "properties": { "osm_id": "948_end" }, "geometry": { "type": "Point", "coordinates": [ 117.9825016, 36.7365502 ] } },
{ "type": "Feature", "properties": { "osm_id": "949_start" }, "geometry": { "type": "Point", "coordinates": [ 118.0425222, 36.7319672 ] } },
{ "type": "Feature", "properties": { "osm_id": "949_end" }, "geometry": { "type": "Point", "coordinates": [ 118.0434727, 36.7365093 ] } },
{ "type": "Feature", "properties": { "osm_id": "950_start" }, "geometry": { "type": "Point", "coordinates": [ 118.0326074, 36.7446638 ] } },
{ "type": "Feature", "properties": { "osm_id": "951_start" }, "geometry": { "type": "Point", "coordinates": [ 117.9997966, 36.7337727 ] } },
{ "type": "Feature", "properties": { "osm_id": "952_start" }, "geometry": { "type": "Point", "coordinates": [ 118.0077345, 36.736244 ] } },
{ "type": "Feature", "properties": { "osm_id": "952_end" }, "geometry": { "type": "Point", "coordinates": [ 118.0076077, 36.7347998 ] } },
{ "type": "Feature", "properties": { "osm_id": "953_start" }, "geometry": { "type": "Point", "coordinates": [ 118.0793715, 36.7420594 ] } },
{ "type": "Feature", "properties": { "osm_id": "953_end" }, "geometry": { "type": "Point", "coordinates": [ 118.0707112, 36.745881 ] } },
{ "type": "Feature", "properties": { "osm_id": "954_start" }, "geometry": { "type": "Point", "coordinates": [ 118.0426397, 36.7326903 ] } },
{ "type": "Feature", "properties": { "osm_id": "954_end" }, "geometry": { "type": "Point", "coordinates": [ 118.039701, 36.7368492 ] } },
{ "type": "Feature", "properties": { "osm_id": "955_start" }, "geometry": { "type": "Point", "coordinates": [ 118.0072646, 36.7220004 ] } },
{ "type": "Feature", "properties": { "osm_id": "955_end" }, "geometry": { "type": "Point", "coordinates": [ 118.0039214, 36.7229392 ] } },
{ "type": "Feature", "properties": { "osm_id": "956_start" }, "geometry": { "type": "Point", "coordinates": [ 117.9844126, 36.7456086 ] } },
{ "type": "Feature", "properties": { "osm_id": "956_end" }, "geometry": { "type": "Point", "coordinates": [ 117.9788906, 36.7246971 ] } },
{ "type": "Feature", "properties": { "osm_id": "957_start" }, "geometry": { "type": "Point", "coordinates": [ 117.9406149, 36.7460013 ] } },
{ "type": "Feature", "properties": { "osm_id": "957_end" }, "geometry": { "type": "Point", "coordinates": [ 117.9401472, 36.7378578 ] } },
{ "type": "Feature", "properties": { "osm_id": "958_end" }, "geometry": { "type": "Point", "coordinates": [ 118.0498294, 36.7027335 ] } },
{ "type": "Feature", "properties": { "osm_id": "959_start" }, "geometry": { "type": "Point", "coordinates": [ 117.9998782, 36.7344235 ] } },
{ "type": "Feature", "properties": { "osm_id": "959_end" }, "geometry": { "type": "Point", "coordinates": [ 117.9956968, 36.7349543 ] } },
{ "type": "Feature", "properties": { "osm_id": "960_start" }, "geometry": { "type": "Point", "coordinates": [ 118.0770694, 36.7470959 ] } },
{ "type": "Feature", "properties": { "osm_id": "960_end" }, "geometry": { "type": "Point", "coordinates": [ 118.076727, 36.7446208 ] } },
{ "type": "Feature", "properties": { "osm_id": "961_start" }, "geometry": { "type": "Point", "coordinates": [ 118.0505254, 36.7197658 ] } },
{ "type": "Feature", "properties": { "osm_id": "961_end" }, "geometry": { "type": "Point", "coordinates": [ 118.0517925, 36.7353828 ] } },
{ "type": "Feature", "properties": { "osm_id": "962_start" }, "geometry": { "type": "Point", "coordinates": [ 118.0799098, 36.7494366 ] } },
{ "type": "Feature", "properties": { "osm_id": "962_end" }, "geometry": { "type": "Point", "coordinates": [ 118.0754555, 36.7499529 ] } },
{ "type": "Feature", "properties": { "osm_id": "963_start" }, "geometry": { "type": "Point", "coordinates": [ 117.9527101, 36.7359961 ] } },
{ "type": "Feature", "properties": { "osm_id": "963_end" }, "geometry": { "type": "Point", "coordinates": [ 117.9688677, 36.7340895 ] } },
{ "type": "Feature", "properties": { "osm_id": "964_start" }, "geometry": { "type": "Point", "coordinates": [ 118.0562332, 36.7282104 ] } },
{ "type": "Feature", "properties": { "osm_id": "964_end" }, "geometry": { "type": "Point", "coordinates": [ 118.0674948, 36.7272437 ] } },
{ "type": "Feature", "properties": { "osm_id": "965_start" }, "geometry": { "type": "Point", "coordinates": [ 118.0509288, 36.7119773 ] } },
{ "type": "Feature", "properties": { "osm_id": "965_end" }, "geometry": { "type": "Point", "coordinates": [ 118.0411017, 36.7129007 ] } },
{ "type": "Feature", "properties": { "osm_id": "966_start" }, "geometry": { "type": "Point", "coordinates": [ 118.0264242, 36.7226415 ] } },
{ "type": "Feature", "properties": { "osm_id": "967_start" }, "geometry": { "type": "Point", "coordinates": [ 118.0850251, 36.7487961 ] } },
{ "type": "Feature", "properties": { "osm_id": "967_end" }, "geometry": { "type": "Point", "coordinates": [ 118.085416, 36.751095 ] } },
{ "type": "Feature", "properties": { "osm_id": "968_start" }, "geometry": { "type": "Point", "coordinates": [ 118.1493719, 36.707032 ] } },
{ "type": "Feature", "properties": { "osm_id": "968_end" }, "geometry": { "type": "Point", "coordinates": [ 118.1194014, 36.7386693 ] } },
{ "type": "Feature", "properties": { "osm_id": "969_start" }, "geometry": { "type": "Point", "coordinates": [ 118.0684258, 36.7479941 ] } },
{ "type": "Feature", "properties": { "osm_id": "969_end" }, "geometry": { "type": "Point", "coordinates": [ 118.07921, 36.7468533 ] } },
{ "type": "Feature", "properties": { "osm_id": "970_start" }, "geometry": { "type": "Point", "coordinates": [ 117.9605634, 36.7113879 ] } },
{ "type": "Feature", "properties": { "osm_id": "970_end" }, "geometry": { "type": "Point", "coordinates": [ 117.989535, 36.7070945 ] } },
{ "type": "Feature", "properties": { "osm_id": "971_start" }, "geometry": { "type": "Point", "coordinates": [ 117.9605525, 36.7198648 ] } },
{ "type": "Feature", "properties": { "osm_id": "971_end" }, "geometry": { "type": "Point", "coordinates": [ 117.9658071, 36.7477059 ] } },
{ "type": "Feature", "properties": { "osm_id": "972_start" }, "geometry": { "type": "Point", "coordinates": [ 118.0515511, 36.6937587 ] } },
{ "type": "Feature", "properties": { "osm_id": "972_end" }, "geometry": { "type": "Point", "coordinates": [ 118.0512335, 36.6897806 ] } },
{ "type": "Feature", "properties": { "osm_id": "973_start" }, "geometry": { "type": "Point", "coordinates": [ 118.0035074, 36.7320489 ] } },
{ "type": "Feature", "properties": { "osm_id": "973_end" }, "geometry": { "type": "Point", "coordinates": [ 118.0039623, 36.7358115 ] } },
{ "type": "Feature", "properties": { "osm_id": "974_start" }, "geometry": { "type": "Point", "coordinates": [ 118.0417139, 36.7121844 ] } },
{ "type": "Feature", "properties": { "osm_id": "974_end" }, "geometry": { "type": "Point", "coordinates": [ 118.0520809, 36.6971114 ] } },
{ "type": "Feature", "properties": { "osm_id": "975_start" }, "geometry": { "type": "Point", "coordinates": [ 118.0281408, 36.7147811 ] } },
{ "type": "Feature", "properties": { "osm_id": "975_end" }, "geometry": { "type": "Point", "coordinates": [ 118.0308487, 36.7215373 ] } },
{ "type": "Feature", "properties": { "osm_id": "976_start" }, "geometry": { "type": "Point", "coordinates": [ 118.0824839, 36.737581 ] } },
{ "type": "Feature", "properties": { "osm_id": "977_start" }, "geometry": { "type": "Point", "coordinates": [ 117.8713575, 36.7174241 ] } },
{ "type": "Feature", "properties": { "osm_id": "977_end" }, "geometry": { "type": "Point", "coordinates": [ 117.8603192, 36.7168794 ] } },
{ "type": "Feature", "properties": { "osm_id": "978_start" }, "geometry": { "type": "Point", "coordinates": [ 117.9524542, 36.7160175 ] } },
{ "type": "Feature", "properties": { "osm_id": "978_end" }, "geometry": { "type": "Point", "coordinates": [ 117.9520221, 36.7082147 ] } },
{ "type": "Feature", "properties": { "osm_id": "979_start" }, "geometry": { "type": "Point", "coordinates": [ 117.9386625, 36.7084091 ] } },
{ "type": "Feature", "properties": { "osm_id": "979_end" }, "geometry": { "type": "Point", "coordinates": [ 117.9381866, 36.7047262 ] } },
{ "type": "Feature", "properties": { "osm_id": "980_start" }, "geometry": { "type": "Point", "coordinates": [ 117.9743241, 36.7229076 ] } },
{ "type": "Feature", "properties": { "osm_id": "980_end" }, "geometry": { "type": "Point", "coordinates": [ 117.9734374, 36.7184838 ] } },
{ "type": "Feature", "properties": { "osm_id": "981_start" }, "geometry": { "type": "Point", "coordinates": [ 117.9895151, 36.7192114 ] } },
{ "type": "Feature", "properties": { "osm_id": "981_end" }, "geometry": { "type": "Point", "coordinates": [ 117.9896471, 36.7192008 ] } },
{ "type": "Feature", "properties": { "osm_id": "982_start" }, "geometry": { "type": "Point", "coordinates": [ 117.8826492, 36.72974 ] } },
{ "type": "Feature", "properties": { "osm_id": "982_end" }, "geometry": { "type": "Point", "coordinates": [ 117.903578, 36.7390484 ] } },
{ "type": "Feature", "properties": { "osm_id": "983_start" }, "geometry": { "type": "Point", "coordinates": [ 117.9605322, 36.7115421 ] } },
{ "type": "Feature", "properties": { "osm_id": "984_start" }, "geometry": { "type": "Point", "coordinates": [ 117.9059867, 36.7567244 ] } },
{ "type": "Feature", "properties": { "osm_id": "984_end" }, "geometry": { "type": "Point", "coordinates": [ 117.8942044, 36.756968 ] } },
{ "type": "Feature", "properties": { "osm_id": "985_start" }, "geometry": { "type": "Point", "coordinates": [ 117.9939946, 36.6989013 ] } },
{ "type": "Feature", "properties": { "osm_id": "985_end" }, "geometry": { "type": "Point", "coordinates": [ 118.0090301, 36.7232476 ] } },
{ "type": "Feature", "properties": { "osm_id": "986_start" }, "geometry": { "type": "Point", "coordinates": [ 117.8618997, 36.7735388 ] } },
{ "type": "Feature", "properties": { "osm_id": "986_end" }, "geometry": { "type": "Point", "coordinates": [ 117.8997803, 36.7451559 ] } },
{ "type": "Feature", "properties": { "osm_id": "987_start" }, "geometry": { "type": "Point", "coordinates": [ 117.8793128, 36.7125324 ] } },
{ "type": "Feature", "properties": { "osm_id": "987_end" }, "geometry": { "type": "Point", "coordinates": [ 117.8741348, 36.7164842 ] } },
{ "type": "Feature", "properties": { "osm_id": "988_start" }, "geometry": { "type": "Point", "coordinates": [ 117.931915, 36.7051012 ] } },
{ "type": "Feature", "properties": { "osm_id": "988_end" }, "geometry": { "type": "Point", "coordinates": [ 117.9413939, 36.7045344 ] } },
{ "type": "Feature", "properties": { "osm_id": "989_end" }, "geometry": { "type": "Point", "coordinates": [ 117.9775526, 36.7180598 ] } },
{ "type": "Feature", "properties": { "osm_id": "990_start" }, "geometry": { "type": "Point", "coordinates": [ 117.9766477, 36.7218322 ] } },
{ "type": "Feature", "properties": { "osm_id": "990_end" }, "geometry": { "type": "Point", "coordinates": [ 117.9965326, 36.7177168 ] } },
{ "type": "Feature", "properties": { "osm_id": "992_start" }, "geometry": { "type": "Point", "coordinates": [ 117.9434776, 36.712806 ] } },
{ "type": "Feature", "properties": { "osm_id": "993_start" }, "geometry": { "type": "Point", "coordinates": [ 117.9309367, 36.7076836 ] } },
{ "type": "Feature", "properties": { "osm_id": "993_end" }, "geometry": { "type": "Point", "coordinates": [ 117.9066846, 36.7112549 ] } },
{ "type": "Feature", "properties": { "osm_id": "994_start" }, "geometry": { "type": "Point", "coordinates": [ 117.977717, 36.7180429 ] } },
{ "type": "Feature", "properties": { "osm_id": "994_end" }, "geometry": { "type": "Point", "coordinates": [ 117.9786157, 36.7406549 ] } },
{ "type": "Feature", "properties": { "osm_id": "995_start" }, "geometry": { "type": "Point", "coordinates": [ 117.9586182, 36.7167165 ] } },
{ "type": "Feature", "properties": { "osm_id": "995_end" }, "geometry": { "type": "Point", "coordinates": [ 117.9667888, 36.7163875 ] } },
{ "type": "Feature", "properties": { "osm_id": "996_start" }, "geometry": { "type": "Point", "coordinates": [ 118.0891943, 36.7631317 ] } },
{ "type": "Feature", "properties": { "osm_id": "996_end" }, "geometry": { "type": "Point", "coordinates": [ 118.0852643, 36.762454 ] } },
{ "type": "Feature", "properties": { "osm_id": "997_start" }, "geometry": { "type": "Point", "coordinates": [ 118.0889356, 36.7612987 ] } },
{ "type": "Feature", "properties": { "osm_id": "997_end" }, "geometry": { "type": "Point", "coordinates": [ 118.088822, 36.7608565 ] } },
{ "type": "Feature", "properties": { "osm_id": "998_start" }, "geometry": { "type": "Point", "coordinates": [ 118.0410757, 36.7507925 ] } },
{ "type": "Feature", "properties": { "osm_id": "998_end" }, "geometry": { "type": "Point", "coordinates": [ 118.0704499, 36.7446774 ] } },
{ "type": "Feature", "properties": { "osm_id": "999_start" }, "geometry": { "type": "Point", "coordinates": [ 117.961191, 36.6931122 ] } },
{ "type": "Feature", "properties": { "osm_id": "999_end" }, "geometry": { "type": "Point", "coordinates": [ 117.9782574, 36.7090748 ] } },
{ "type": "Feature", "properties": { "osm_id": "1000_start" }, "geometry": { "type": "Point", "coordinates": [ 118.061238, 36.7674758 ] } },
{ "type": "Feature", "properties": { "osm_id": "1000_end" }, "geometry": { "type": "Point", "coordinates": [ 118.0635069, 36.7757037 ] } },
{ "type": "Feature", "properties": { "osm_id": "1001_start" }, "geometry": { "type": "Point", "coordinates": [ 118.0405993, 36.7544568 ] } },
{ "type": "Feature", "properties": { "osm_id": "1001_end" }, "geometry": { "type": "Point", "coordinates": [ 118.0420931, 36.7564214 ] } },
{ "type": "Feature", "properties": { "osm_id": "1002_start" }, "geometry": { "type": "Point", "coordinates": [ 118.0951873, 36.7668504 ] } },
{ "type": "Feature", "properties": { "osm_id": "1002_end" }, "geometry": { "type": "Point", "coordinates": [ 118.0984654, 36.7664556 ] } },
{ "type": "Feature", "properties": { "osm_id": "1003_start" }, "geometry": { "type": "Point", "coordinates": [ 118.0426191, 36.7857793 ] } },
{ "type": "Feature", "properties": { "osm_id": "1003_end" }, "geometry": { "type": "Point", "coordinates": [ 118.0387246, 36.786562 ] } },
{ "type": "Feature", "properties": { "osm_id": "1004_start" }, "geometry": { "type": "Point", "coordinates": [ 118.0078185, 36.6993826 ] } },
{ "type": "Feature", "properties": { "osm_id": "1004_end" }, "geometry": { "type": "Point", "coordinates": [ 118.0061049, 36.6953461 ] } },
{ "type": "Feature", "properties": { "osm_id": "1005_start" }, "geometry": { "type": "Point", "coordinates": [ 118.0844346, 36.7585474 ] } },
{ "type": "Feature", "properties": { "osm_id": "1005_end" }, "geometry": { "type": "Point", "coordinates": [ 118.0870669, 36.7703927 ] } },
{ "type": "Feature", "properties": { "osm_id": "1006_start" }, "geometry": { "type": "Point", "coordinates": [ 118.0896895, 36.7701428 ] } },
{ "type": "Feature", "properties": { "osm_id": "1006_end" }, "geometry": { "type": "Point", "coordinates": [ 118.0893032, 36.7664738 ] } },
{ "type": "Feature", "properties": { "osm_id": "1007_start" }, "geometry": { "type": "Point", "coordinates": [ 118.0178394, 36.7156835 ] } },
{ "type": "Feature", "properties": { "osm_id": "1007_end" }, "geometry": { "type": "Point", "coordinates": [ 118.0012937, 36.7170984 ] } },
{ "type": "Feature", "properties": { "osm_id": "1008_start" }, "geometry": { "type": "Point", "coordinates": [ 118.0928024, 36.7625326 ] } },
{ "type": "Feature", "properties": { "osm_id": "1008_end" }, "geometry": { "type": "Point", "coordinates": [ 118.0855554, 36.7637038 ] } },
{ "type": "Feature", "properties": { "osm_id": "1009_start" }, "geometry": { "type": "Point", "coordinates": [ 118.0292335, 36.7523983 ] } },
{ "type": "Feature", "properties": { "osm_id": "1009_end" }, "geometry": { "type": "Point", "coordinates": [ 118.0180147, 36.7601834 ] } },
{ "type": "Feature", "properties": { "osm_id": "1010_start" }, "geometry": { "type": "Point", "coordinates": [ 118.0332139, 36.7549943 ] } },
{ "type": "Feature", "properties": { "osm_id": "1010_end" }, "geometry": { "type": "Point", "coordinates": [ 118.0331105, 36.7465749 ] } },
{ "type": "Feature", "properties": { "osm_id": "1011_start" }, "geometry": { "type": "Point", "coordinates": [ 118.0737372, 36.7445753 ] } },
{ "type": "Feature", "properties": { "osm_id": "1011_end" }, "geometry": { "type": "Point", "coordinates": [ 118.0742781, 36.7474176 ] } },
{ "type": "Feature", "properties": { "osm_id": "1012_start" }, "geometry": { "type": "Point", "coordinates": [ 118.0793591, 36.7441196 ] } },
{ "type": "Feature", "properties": { "osm_id": "1012_end" }, "geometry": { "type": "Point", "coordinates": [ 118.0809219, 36.7515509 ] } },
{ "type": "Feature", "properties": { "osm_id": "1013_start" }, "geometry": { "type": "Point", "coordinates": [ 117.9924336, 36.6903254 ] } },
{ "type": "Feature", "properties": { "osm_id": "1013_end" }, "geometry": { "type": "Point", "coordinates": [ 117.9939739, 36.6932909 ] } },
{ "type": "Feature", "properties": { "osm_id": "1014_start" }, "geometry": { "type": "Point", "coordinates": [ 118.043491, 36.7830931 ] } },
{ "type": "Feature", "properties": { "osm_id": "1014_end" }, "geometry": { "type": "Point", "coordinates": [ 118.0427994, 36.7857725 ] } },
{ "type": "Feature", "properties": { "osm_id": "1015_start" }, "geometry": { "type": "Point", "coordinates": [ 118.048481, 36.7590858 ] } },
{ "type": "Feature", "properties": { "osm_id": "1015_end" }, "geometry": { "type": "Point", "coordinates": [ 118.0427574, 36.7533091 ] } },
{ "type": "Feature", "properties": { "osm_id": "1016_start" }, "geometry": { "type": "Point", "coordinates": [ 118.0163202, 36.7023756 ] } },
{ "type": "Feature", "properties": { "osm_id": "1016_end" }, "geometry": { "type": "Point", "coordinates": [ 118.012902, 36.6977909 ] } },
{ "type": "Feature", "properties": { "osm_id": "1017_start" }, "geometry": { "type": "Point", "coordinates": [ 118.0230197, 36.709741 ] } },
{ "type": "Feature", "properties": { "osm_id": "1017_end" }, "geometry": { "type": "Point", "coordinates": [ 117.9961014, 36.7132119 ] } },
{ "type": "Feature", "properties": { "osm_id": "1018_start" }, "geometry": { "type": "Point", "coordinates": [ 118.0486543, 36.7395525 ] } },
{ "type": "Feature", "properties": { "osm_id": "1018_end" }, "geometry": { "type": "Point", "coordinates": [ 118.0378566, 36.7407084 ] } },
{ "type": "Feature", "properties": { "osm_id": "1019_start" }, "geometry": { "type": "Point", "coordinates": [ 118.1063053, 36.7602644 ] } },
{ "type": "Feature", "properties": { "osm_id": "1019_end" }, "geometry": { "type": "Point", "coordinates": [ 118.094786, 36.7622096 ] } },
{ "type": "Feature", "properties": { "osm_id": "1020_start" }, "geometry": { "type": "Point", "coordinates": [ 118.0482601, 36.7504473 ] } },
{ "type": "Feature", "properties": { "osm_id": "1020_end" }, "geometry": { "type": "Point", "coordinates": [ 118.0478409, 36.7347697 ] } },
{ "type": "Feature", "properties": { "osm_id": "1021_start" }, "geometry": { "type": "Point", "coordinates": [ 118.046106, 36.7509064 ] } },
{ "type": "Feature", "properties": { "osm_id": "1021_end" }, "geometry": { "type": "Point", "coordinates": [ 118.0438011, 36.7398966 ] } },
{ "type": "Feature", "properties": { "osm_id": "1022_start" }, "geometry": { "type": "Point", "coordinates": [ 117.9528147, 36.6904647 ] } },
{ "type": "Feature", "properties": { "osm_id": "1022_end" }, "geometry": { "type": "Point", "coordinates": [ 117.9439947, 36.66604 ] } },
{ "type": "Feature", "properties": { "osm_id": "1023_start" }, "geometry": { "type": "Point", "coordinates": [ 118.0938181, 36.7702786 ] } },
{ "type": "Feature", "properties": { "osm_id": "1024_start" }, "geometry": { "type": "Point", "coordinates": [ 117.9832083, 36.8387824 ] } },
{ "type": "Feature", "properties": { "osm_id": "1024_end" }, "geometry": { "type": "Point", "coordinates": [ 117.9829314, 36.8356389 ] } },
{ "type": "Feature", "properties": { "osm_id": "1025_start" }, "geometry": { "type": "Point", "coordinates": [ 117.9637547, 36.8388441 ] } },
{ "type": "Feature", "properties": { "osm_id": "1025_end" }, "geometry": { "type": "Point", "coordinates": [ 117.9632517, 36.8315409 ] } },
{ "type": "Feature", "properties": { "osm_id": "1026_start" }, "geometry": { "type": "Point", "coordinates": [ 117.9907159, 36.8436274 ] } },
{ "type": "Feature", "properties": { "osm_id": "1026_end" }, "geometry": { "type": "Point", "coordinates": [ 117.9996725, 36.8431775 ] } },
{ "type": "Feature", "properties": { "osm_id": "1027_start" }, "geometry": { "type": "Point", "coordinates": [ 118.0073842, 36.8428876 ] } },
{ "type": "Feature", "properties": { "osm_id": "1027_end" }, "geometry": { "type": "Point", "coordinates": [ 117.9998525, 36.8433278 ] } },
{ "type": "Feature", "properties": { "osm_id": "1028_start" }, "geometry": { "type": "Point", "coordinates": [ 117.976715, 36.8347771 ] } },
{ "type": "Feature", "properties": { "osm_id": "1028_end" }, "geometry": { "type": "Point", "coordinates": [ 117.9801685, 36.8335889 ] } },
{ "type": "Feature", "properties": { "osm_id": "1029_start" }, "geometry": { "type": "Point", "coordinates": [ 117.9781809, 36.8336142 ] } },
{ "type": "Feature", "properties": { "osm_id": "1029_end" }, "geometry": { "type": "Point", "coordinates": [ 117.9779187, 36.830788 ] } },
{ "type": "Feature", "properties": { "osm_id": "1030_start" }, "geometry": { "type": "Point", "coordinates": [ 117.9869096, 36.8316158 ] } },
{ "type": "Feature", "properties": { "osm_id": "1030_end" }, "geometry": { "type": "Point", "coordinates": [ 117.9867589, 36.8302867 ] } },
{ "type": "Feature", "properties": { "osm_id": "1031_start" }, "geometry": { "type": "Point", "coordinates": [ 118.0024261, 36.8294032 ] } },
{ "type": "Feature", "properties": { "osm_id": "1031_end" }, "geometry": { "type": "Point", "coordinates": [ 118.0064834, 36.8336587 ] } },
{ "type": "Feature", "properties": { "osm_id": "1032_start" }, "geometry": { "type": "Point", "coordinates": [ 117.995773, 36.8488711 ] } },
{ "type": "Feature", "properties": { "osm_id": "1032_end" }, "geometry": { "type": "Point", "coordinates": [ 117.9954459, 36.8433655 ] } },
{ "type": "Feature", "properties": { "osm_id": "1033_start" }, "geometry": { "type": "Point", "coordinates": [ 117.9908628, 36.8462879 ] } },
{ "type": "Feature", "properties": { "osm_id": "1033_end" }, "geometry": { "type": "Point", "coordinates": [ 117.9962642, 36.845991 ] } },
{ "type": "Feature", "properties": { "osm_id": "1034_end" }, "geometry": { "type": "Point", "coordinates": [ 117.9056851, 36.8203491 ] } },
{ "type": "Feature", "properties": { "osm_id": "1035_start" }, "geometry": { "type": "Point", "coordinates": [ 117.9055023, 36.8205659 ] } },
{ "type": "Feature", "properties": { "osm_id": "1035_end" }, "geometry": { "type": "Point", "coordinates": [ 117.8692614, 36.8210661 ] } },
{ "type": "Feature", "properties": { "osm_id": "1036_start" }, "geometry": { "type": "Point", "coordinates": [ 117.8623442, 36.8410615 ] } },
{ "type": "Feature", "properties": { "osm_id": "1036_end" }, "geometry": { "type": "Point", "coordinates": [ 117.8944228, 36.8399019 ] } },
{ "type": "Feature", "properties": { "osm_id": "1037_start" }, "geometry": { "type": "Point", "coordinates": [ 118.0865407, 36.8598813 ] } },
{ "type": "Feature", "properties": { "osm_id": "1037_end" }, "geometry": { "type": "Point", "coordinates": [ 118.0795582, 36.821728 ] } },
{ "type": "Feature", "properties": { "osm_id": "1038_start" }, "geometry": { "type": "Point", "coordinates": [ 118.0794044, 36.8268595 ] } },
{ "type": "Feature", "properties": { "osm_id": "1038_end" }, "geometry": { "type": "Point", "coordinates": [ 118.0883047, 36.826675 ] } },
{ "type": "Feature", "properties": { "osm_id": "1039_start" }, "geometry": { "type": "Point", "coordinates": [ 118.0883362, 36.8268362 ] } },
{ "type": "Feature", "properties": { "osm_id": "1039_end" }, "geometry": { "type": "Point", "coordinates": [ 118.0793993, 36.8270184 ] } },
{ "type": "Feature", "properties": { "osm_id": "1040_start" }, "geometry": { "type": "Point", "coordinates": [ 118.0834593, 36.8213015 ] } },
{ "type": "Feature", "properties": { "osm_id": "1040_end" }, "geometry": { "type": "Point", "coordinates": [ 118.086163, 36.8313727 ] } },
{ "type": "Feature", "properties": { "osm_id": "1041_start" }, "geometry": { "type": "Point", "coordinates": [ 118.0490295, 36.827286 ] } },
{ "type": "Feature", "properties": { "osm_id": "1041_end" }, "geometry": { "type": "Point", "coordinates": [ 118.0381904, 36.8278297 ] } },
{ "type": "Feature", "properties": { "osm_id": "1042_start" }, "geometry": { "type": "Point", "coordinates": [ 118.0382024, 36.8277068 ] } },
{ "type": "Feature", "properties": { "osm_id": "1042_end" }, "geometry": { "type": "Point", "coordinates": [ 118.0489902, 36.827124 ] } },
{ "type": "Feature", "properties": { "osm_id": "1081_start" }, "geometry": { "type": "Point", "coordinates": [ 117.9932362, 36.808747 ] } },
{ "type": "Feature", "properties": { "osm_id": "1081_end" }, "geometry": { "type": "Point", "coordinates": [ 117.9932606, 36.8089025 ] } },
{ "type": "Feature", "properties": { "osm_id": "1082_end" }, "geometry": { "type": "Point", "coordinates": [ 117.9939526, 36.8085116 ] } },
{ "type": "Feature", "properties": { "osm_id": "1083_start" }, "geometry": { "type": "Point", "coordinates": [ 117.9936324, 36.8113401 ] } },
{ "type": "Feature", "properties": { "osm_id": "1083_end" }, "geometry": { "type": "Point", "coordinates": [ 117.9935515, 36.8107703 ] } },
{ "type": "Feature", "properties": { "osm_id": "1084_end" }, "geometry": { "type": "Point", "coordinates": [ 117.9932025, 36.8084564 ] } },
{ "type": "Feature", "properties": { "osm_id": "1085_start" }, "geometry": { "type": "Point", "coordinates": [ 117.9926035, 36.8117928 ] } },
{ "type": "Feature", "properties": { "osm_id": "1085_end" }, "geometry": { "type": "Point", "coordinates": [ 117.992574, 36.8119431 ] } },
{ "type": "Feature", "properties": { "osm_id": "1086_start" }, "geometry": { "type": "Point", "coordinates": [ 117.9940116, 36.8084107 ] } },
{ "type": "Feature", "properties": { "osm_id": "1086_end" }, "geometry": { "type": "Point", "coordinates": [ 117.9923621, 36.808576 ] } },
{ "type": "Feature", "properties": { "osm_id": "1087_end" }, "geometry": { "type": "Point", "coordinates": [ 117.9924533, 36.8086619 ] } },
{ "type": "Feature", "properties": { "osm_id": "1088_start" }, "geometry": { "type": "Point", "coordinates": [ 117.9943936, 36.8088954 ] } },
{ "type": "Feature", "properties": { "osm_id": "1088_end" }, "geometry": { "type": "Point", "coordinates": [ 117.9944971, 36.8091194 ] } },
{ "type": "Feature", "properties": { "osm_id": "1089_start" }, "geometry": { "type": "Point", "coordinates": [ 117.992464, 36.8114922 ] } },
{ "type": "Feature", "properties": { "osm_id": "1089_end" }, "geometry": { "type": "Point", "coordinates": [ 117.9948387, 36.8111482 ] } },
{ "type": "Feature", "properties": { "osm_id": "1090_start" }, "geometry": { "type": "Point", "coordinates": [ 117.9921483, 36.8093568 ] } },
{ "type": "Feature", "properties": { "osm_id": "1090_end" }, "geometry": { "type": "Point", "coordinates": [ 117.9921817, 36.8091027 ] } },
{ "type": "Feature", "properties": { "osm_id": "1091_start" }, "geometry": { "type": "Point", "coordinates": [ 117.9935123, 36.8113522 ] } },
{ "type": "Feature", "properties": { "osm_id": "1091_end" }, "geometry": { "type": "Point", "coordinates": [ 117.9934296, 36.810762 ] } },
{ "type": "Feature", "properties": { "osm_id": "1092_start" }, "geometry": { "type": "Point", "coordinates": [ 117.993748, 36.8113284 ] } },
{ "type": "Feature", "properties": { "osm_id": "1092_end" }, "geometry": { "type": "Point", "coordinates": [ 117.9936603, 36.8107384 ] } },
{ "type": "Feature", "properties": { "osm_id": "1093_start" }, "geometry": { "type": "Point", "coordinates": [ 118.05646, 36.8106949 ] } },
{ "type": "Feature", "properties": { "osm_id": "1094_start" }, "geometry": { "type": "Point", "coordinates": [ 118.0520343, 36.792926 ] } },
{ "type": "Feature", "properties": { "osm_id": "1094_end" }, "geometry": { "type": "Point", "coordinates": [ 118.0529235, 36.7974664 ] } },
{ "type": "Feature", "properties": { "osm_id": "1095_start" }, "geometry": { "type": "Point", "coordinates": [ 118.0453482, 36.8129856 ] } },
{ "type": "Feature", "properties": { "osm_id": "1095_end" }, "geometry": { "type": "Point", "coordinates": [ 118.0436148, 36.8062614 ] } },
{ "type": "Feature", "properties": { "osm_id": "1097_start" }, "geometry": { "type": "Point", "coordinates": [ 117.994826, 36.8379375 ] } },
{ "type": "Feature", "properties": { "osm_id": "1097_end" }, "geometry": { "type": "Point", "coordinates": [ 117.9943821, 36.832791 ] } },
{ "type": "Feature", "properties": { "osm_id": "1098_start" }, "geometry": { "type": "Point", "coordinates": [ 118.001324, 36.8329735 ] } },
{ "type": "Feature", "properties": { "osm_id": "1098_end" }, "geometry": { "type": "Point", "coordinates": [ 117.9859215, 36.8348727 ] } },
{ "type": "Feature", "properties": { "osm_id": "1099_start" }, "geometry": { "type": "Point", "coordinates": [ 117.9673034, 36.8349767 ] } },
{ "type": "Feature", "properties": { "osm_id": "1099_end" }, "geometry": { "type": "Point", "coordinates": [ 117.9604898, 36.8352226 ] } },
{ "type": "Feature", "properties": { "osm_id": "1100_start" }, "geometry": { "type": "Point", "coordinates": [ 117.9658815, 36.817713 ] } },
{ "type": "Feature", "properties": { "osm_id": "1100_end" }, "geometry": { "type": "Point", "coordinates": [ 117.9671387, 36.8310971 ] } },
{ "type": "Feature", "properties": { "osm_id": "1101_start" }, "geometry": { "type": "Point", "coordinates": [ 117.9669644, 36.8311053 ] } },
{ "type": "Feature", "properties": { "osm_id": "1101_end" }, "geometry": { "type": "Point", "coordinates": [ 117.9657046, 36.8175729 ] } },
{ "type": "Feature", "properties": { "osm_id": "1102_start" }, "geometry": { "type": "Point", "coordinates": [ 117.9947925, 36.8382107 ] } },
{ "type": "Feature", "properties": { "osm_id": "1103_start" }, "geometry": { "type": "Point", "coordinates": [ 117.9907871, 36.8408985 ] } },
{ "type": "Feature", "properties": { "osm_id": "1103_end" }, "geometry": { "type": "Point", "coordinates": [ 118.0069847, 36.8408182 ] } },
{ "type": "Feature", "properties": { "osm_id": "1104_start" }, "geometry": { "type": "Point", "coordinates": [ 118.0086602, 36.842725 ] } },
{ "type": "Feature", "properties": { "osm_id": "1104_end" }, "geometry": { "type": "Point", "coordinates": [ 118.0132892, 36.8426625 ] } },
{ "type": "Feature", "properties": { "osm_id": "1105_start" }, "geometry": { "type": "Point", "coordinates": [ 118.0132042, 36.8371204 ] } },
{ "type": "Feature", "properties": { "osm_id": "1105_end" }, "geometry": { "type": "Point", "coordinates": [ 118.0145516, 36.8418043 ] } },
{ "type": "Feature", "properties": { "osm_id": "1106_start" }, "geometry": { "type": "Point", "coordinates": [ 117.9881111, 36.8439452 ] } },
{ "type": "Feature", "properties": { "osm_id": "1106_end" }, "geometry": { "type": "Point", "coordinates": [ 117.9882996, 36.8462451 ] } },
{ "type": "Feature", "properties": { "osm_id": "1107_start" }, "geometry": { "type": "Point", "coordinates": [ 117.9883244, 36.8465429 ] } },
{ "type": "Feature", "properties": { "osm_id": "1108_start" }, "geometry": { "type": "Point", "coordinates": [ 117.9793929, 36.8443903 ] } },
{ "type": "Feature", "properties": { "osm_id": "1108_end" }, "geometry": { "type": "Point", "coordinates": [ 117.9882067, 36.8465241 ] } },
{ "type": "Feature", "properties": { "osm_id": "1109_start" }, "geometry": { "type": "Point", "coordinates": [ 117.9884856, 36.8464126 ] } },
{ "type": "Feature", "properties": { "osm_id": "1110_start" }, "geometry": { "type": "Point", "coordinates": [ 117.9680749, 36.8418512 ] } },
{ "type": "Feature", "properties": { "osm_id": "1110_end" }, "geometry": { "type": "Point", "coordinates": [ 117.9715906, 36.8417454 ] } },
{ "type": "Feature", "properties": { "osm_id": "1111_start" }, "geometry": { "type": "Point", "coordinates": [ 117.9728342, 36.8501551 ] } },
{ "type": "Feature", "properties": { "osm_id": "1111_end" }, "geometry": { "type": "Point", "coordinates": [ 117.9720693, 36.8428973 ] } },
{ "type": "Feature", "properties": { "osm_id": "1112_start" }, "geometry": { "type": "Point", "coordinates": [ 117.9715363, 36.8386254 ] } },
{ "type": "Feature", "properties": { "osm_id": "1112_end" }, "geometry": { "type": "Point", "coordinates": [ 117.9708865, 36.8311607 ] } },
{ "type": "Feature", "properties": { "osm_id": "1113_start" }, "geometry": { "type": "Point", "coordinates": [ 117.9708703, 36.8309216 ] } },
{ "type": "Feature", "properties": { "osm_id": "1113_end" }, "geometry": { "type": "Point", "coordinates": [ 117.9704457, 36.8246497 ] } },
{ "type": "Feature", "properties": { "osm_id": "1114_start" }, "geometry": { "type": "Point", "coordinates": [ 117.9704148, 36.8243327 ] } },
{ "type": "Feature", "properties": { "osm_id": "1114_end" }, "geometry": { "type": "Point", "coordinates": [ 117.9699164, 36.8175697 ] } },
{ "type": "Feature", "properties": { "osm_id": "1115_start" }, "geometry": { "type": "Point", "coordinates": [ 117.9741894, 36.820773 ] } },
{ "type": "Feature", "properties": { "osm_id": "1115_end" }, "geometry": { "type": "Point", "coordinates": [ 117.9578814, 36.8209633 ] } },
{ "type": "Feature", "properties": { "osm_id": "1116_start" }, "geometry": { "type": "Point", "coordinates": [ 117.9613407, 36.8247685 ] } },
{ "type": "Feature", "properties": { "osm_id": "1116_end" }, "geometry": { "type": "Point", "coordinates": [ 117.9607428, 36.8179288 ] } },
{ "type": "Feature", "properties": { "osm_id": "1117_start" }, "geometry": { "type": "Point", "coordinates": [ 117.9613622, 36.8251035 ] } },
{ "type": "Feature", "properties": { "osm_id": "1117_end" }, "geometry": { "type": "Point", "coordinates": [ 117.9632185, 36.8312815 ] } },
{ "type": "Feature", "properties": { "osm_id": "1118_start" }, "geometry": { "type": "Point", "coordinates": [ 117.9585796, 36.8281537 ] } },
{ "type": "Feature", "properties": { "osm_id": "1118_end" }, "geometry": { "type": "Point", "coordinates": [ 117.9748001, 36.8275177 ] } },
{ "type": "Feature", "properties": { "osm_id": "1119_start" }, "geometry": { "type": "Point", "coordinates": [ 117.9246651, 36.8173604 ] } },
{ "type": "Feature", "properties": { "osm_id": "1119_end" }, "geometry": { "type": "Point", "coordinates": [ 117.9258647, 36.8256874 ] } },
{ "type": "Feature", "properties": { "osm_id": "1120_start" }, "geometry": { "type": "Point", "coordinates": [ 117.9190204, 36.832853 ] } },
{ "type": "Feature", "properties": { "osm_id": "1120_end" }, "geometry": { "type": "Point", "coordinates": [ 117.9191646, 36.83978 ] } },
{ "type": "Feature", "properties": { "osm_id": "1121_start" }, "geometry": { "type": "Point", "coordinates": [ 117.9192838, 36.8489858 ] } },
{ "type": "Feature", "properties": { "osm_id": "1121_end" }, "geometry": { "type": "Point", "coordinates": [ 117.919017, 36.8396924 ] } },
{ "type": "Feature", "properties": { "osm_id": "1122_start" }, "geometry": { "type": "Point", "coordinates": [ 117.9188498, 36.8326466 ] } },
{ "type": "Feature", "properties": { "osm_id": "1122_end" }, "geometry": { "type": "Point", "coordinates": [ 117.9172819, 36.8199711 ] } },
{ "type": "Feature", "properties": { "osm_id": "1123_start" }, "geometry": { "type": "Point", "coordinates": [ 117.9174685, 36.8199623 ] } },
{ "type": "Feature", "properties": { "osm_id": "1124_start" }, "geometry": { "type": "Point", "coordinates": [ 117.9221873, 36.8417378 ] } },
{ "type": "Feature", "properties": { "osm_id": "1124_end" }, "geometry": { "type": "Point", "coordinates": [ 117.921505, 36.8328779 ] } },
{ "type": "Feature", "properties": { "osm_id": "1125_start" }, "geometry": { "type": "Point", "coordinates": [ 117.9170437, 36.8165677 ] } },
{ "type": "Feature", "properties": { "osm_id": "1126_start" }, "geometry": { "type": "Point", "coordinates": [ 117.9174507, 36.819775 ] } },
{ "type": "Feature", "properties": { "osm_id": "1126_end" }, "geometry": { "type": "Point", "coordinates": [ 117.9341821, 36.8189939 ] } },
{ "type": "Feature", "properties": { "osm_id": "1127_start" }, "geometry": { "type": "Point", "coordinates": [ 118.0986194, 36.8409352 ] } },
{ "type": "Feature", "properties": { "osm_id": "1127_end" }, "geometry": { "type": "Point", "coordinates": [ 118.0978849, 36.8348355 ] } },
{ "type": "Feature", "properties": { "osm_id": "1128_start" }, "geometry": { "type": "Point", "coordinates": [ 118.1343944, 36.8470793 ] } },
{ "type": "Feature", "properties": { "osm_id": "1128_end" }, "geometry": { "type": "Point", "coordinates": [ 118.1340222, 36.8595038 ] } },
{ "type": "Feature", "properties": { "osm_id": "1129_start" }, "geometry": { "type": "Point", "coordinates": [ 117.9980197, 36.8258966 ] } },
{ "type": "Feature", "properties": { "osm_id": "1129_end" }, "geometry": { "type": "Point", "coordinates": [ 117.9891339, 36.8266986 ] } },
{ "type": "Feature", "properties": { "osm_id": "1130_start" }, "geometry": { "type": "Point", "coordinates": [ 117.9940751, 36.8296111 ] } },
{ "type": "Feature", "properties": { "osm_id": "1130_end" }, "geometry": { "type": "Point", "coordinates": [ 117.9935649, 36.8231408 ] } },
{ "type": "Feature", "properties": { "osm_id": "1131_start" }, "geometry": { "type": "Point", "coordinates": [ 117.9935054, 36.8228289 ] } },
{ "type": "Feature", "properties": { "osm_id": "1131_end" }, "geometry": { "type": "Point", "coordinates": [ 117.9925361, 36.8159682 ] } },
{ "type": "Feature", "properties": { "osm_id": "1132_start" }, "geometry": { "type": "Point", "coordinates": [ 117.9844696, 36.8200854 ] } },
{ "type": "Feature", "properties": { "osm_id": "1132_end" }, "geometry": { "type": "Point", "coordinates": [ 117.9973906, 36.8192597 ] } },
{ "type": "Feature", "properties": { "osm_id": "1133_start" }, "geometry": { "type": "Point", "coordinates": [ 117.9838371, 36.8304576 ] } },
{ "type": "Feature", "properties": { "osm_id": "1133_end" }, "geometry": { "type": "Point", "coordinates": [ 117.9852203, 36.8351393 ] } },
{ "type": "Feature", "properties": { "osm_id": "1134_start" }, "geometry": { "type": "Point", "coordinates": [ 117.9033407, 36.749046 ] } },
{ "type": "Feature", "properties": { "osm_id": "1134_end" }, "geometry": { "type": "Point", "coordinates": [ 117.905114, 36.7926834 ] } },
{ "type": "Feature", "properties": { "osm_id": "1135_start" }, "geometry": { "type": "Point", "coordinates": [ 117.9049216, 36.7721032 ] } },
{ "type": "Feature", "properties": { "osm_id": "1135_end" }, "geometry": { "type": "Point", "coordinates": [ 117.9031999, 36.7490289 ] } },
{ "type": "Feature", "properties": { "osm_id": "1136_start" }, "geometry": { "type": "Point", "coordinates": [ 118.0975141, 36.7568029 ] } },
{ "type": "Feature", "properties": { "osm_id": "1137_start" }, "geometry": { "type": "Point", "coordinates": [ 117.9603541, 36.7749772 ] } },
{ "type": "Feature", "properties": { "osm_id": "1137_end" }, "geometry": { "type": "Point", "coordinates": [ 117.9660917, 36.7742982 ] } },
{ "type": "Feature", "properties": { "osm_id": "1138_start" }, "geometry": { "type": "Point", "coordinates": [ 118.0486723, 36.8258885 ] } },
{ "type": "Feature", "properties": { "osm_id": "1139_start" }, "geometry": { "type": "Point", "coordinates": [ 118.0491608, 36.827262 ] } },
{ "type": "Feature", "properties": { "osm_id": "1139_end" }, "geometry": { "type": "Point", "coordinates": [ 118.0513522, 36.8357681 ] } },
{ "type": "Feature", "properties": { "osm_id": "1140_start" }, "geometry": { "type": "Point", "coordinates": [ 118.1005106, 36.8507581 ] } },
{ "type": "Feature", "properties": { "osm_id": "1140_end" }, "geometry": { "type": "Point", "coordinates": [ 118.1008825, 36.8410219 ] } },
{ "type": "Feature", "properties": { "osm_id": "1141_start" }, "geometry": { "type": "Point", "coordinates": [ 118.1033419, 36.8406665 ] } },
{ "type": "Feature", "properties": { "osm_id": "1141_end" }, "geometry": { "type": "Point", "coordinates": [ 118.1049306, 36.8542914 ] } },
{ "type": "Feature", "properties": { "osm_id": "1142_start" }, "geometry": { "type": "Point", "coordinates": [ 118.1058417, 36.8290485 ] } },
{ "type": "Feature", "properties": { "osm_id": "1142_end" }, "geometry": { "type": "Point", "coordinates": [ 118.1077801, 36.842983 ] } },
{ "type": "Feature", "properties": { "osm_id": "1143_start" }, "geometry": { "type": "Point", "coordinates": [ 118.1287946, 36.8461833 ] } },
{ "type": "Feature", "properties": { "osm_id": "1143_end" }, "geometry": { "type": "Point", "coordinates": [ 118.1344319, 36.8457864 ] } },
{ "type": "Feature", "properties": { "osm_id": "1144_start" }, "geometry": { "type": "Point", "coordinates": [ 118.1454735, 36.8457753 ] } },
{ "type": "Feature", "properties": { "osm_id": "1144_end" }, "geometry": { "type": "Point", "coordinates": [ 118.1343045, 36.8459188 ] } },
{ "type": "Feature", "properties": { "osm_id": "1145_start" }, "geometry": { "type": "Point", "coordinates": [ 118.1443869, 36.8463292 ] } },
{ "type": "Feature", "properties": { "osm_id": "1145_end" }, "geometry": { "type": "Point", "coordinates": [ 118.1537738, 36.8436089 ] } },
{ "type": "Feature", "properties": { "osm_id": "1146_start" }, "geometry": { "type": "Point", "coordinates": [ 117.8921366, 36.8399665 ] } },
{ "type": "Feature", "properties": { "osm_id": "1146_end" }, "geometry": { "type": "Point", "coordinates": [ 117.8921936, 36.8329302 ] } },
{ "type": "Feature", "properties": { "osm_id": "1147_start" }, "geometry": { "type": "Point", "coordinates": [ 117.8820159, 36.8403587 ] } },
{ "type": "Feature", "properties": { "osm_id": "1147_end" }, "geometry": { "type": "Point", "coordinates": [ 117.8817032, 36.8329818 ] } },
{ "type": "Feature", "properties": { "osm_id": "1148_end" }, "geometry": { "type": "Point", "coordinates": [ 117.8751089, 36.8108366 ] } },
{ "type": "Feature", "properties": { "osm_id": "1149_start" }, "geometry": { "type": "Point", "coordinates": [ 117.900489, 36.8326927 ] } },
{ "type": "Feature", "properties": { "osm_id": "1149_end" }, "geometry": { "type": "Point", "coordinates": [ 117.8625426, 36.833847 ] } },
{ "type": "Feature", "properties": { "osm_id": "1150_start" }, "geometry": { "type": "Point", "coordinates": [ 117.8625357, 36.8336127 ] } },
{ "type": "Feature", "properties": { "osm_id": "1150_end" }, "geometry": { "type": "Point", "coordinates": [ 117.9004507, 36.8324891 ] } },
{ "type": "Feature", "properties": { "osm_id": "1152_start" }, "geometry": { "type": "Point", "coordinates": [ 117.9053072, 36.800246 ] } },
{ "type": "Feature", "properties": { "osm_id": "1154_start" }, "geometry": { "type": "Point", "coordinates": [ 117.9094664, 36.8587835 ] } },
{ "type": "Feature", "properties": { "osm_id": "1154_end" }, "geometry": { "type": "Point", "coordinates": [ 117.9075448, 36.8331693 ] } },
{ "type": "Feature", "properties": { "osm_id": "1155_start" }, "geometry": { "type": "Point", "coordinates": [ 117.907716, 36.8331662 ] } },
{ "type": "Feature", "properties": { "osm_id": "1157_start" }, "geometry": { "type": "Point", "coordinates": [ 117.9854587, 36.8188958 ] } },
{ "type": "Feature", "properties": { "osm_id": "1157_end" }, "geometry": { "type": "Point", "coordinates": [ 117.9851582, 36.8165519 ] } },
{ "type": "Feature", "properties": { "osm_id": "1158_start" }, "geometry": { "type": "Point", "coordinates": [ 117.9839319, 36.8179278 ] } },
{ "type": "Feature", "properties": { "osm_id": "1158_end" }, "geometry": { "type": "Point", "coordinates": [ 117.9853218, 36.8178124 ] } },
{ "type": "Feature", "properties": { "osm_id": "1159_start" }, "geometry": { "type": "Point", "coordinates": [ 117.9841828, 36.8190036 ] } },
{ "type": "Feature", "properties": { "osm_id": "1159_end" }, "geometry": { "type": "Point", "coordinates": [ 117.9879042, 36.8186781 ] } },
{ "type": "Feature", "properties": { "osm_id": "1160_start" }, "geometry": { "type": "Point", "coordinates": [ 118.0476905, 36.7999982 ] } },
{ "type": "Feature", "properties": { "osm_id": "1160_end" }, "geometry": { "type": "Point", "coordinates": [ 118.0489888, 36.804068 ] } },
{ "type": "Feature", "properties": { "osm_id": "1161_start" }, "geometry": { "type": "Point", "coordinates": [ 118.0489299, 36.8040841 ] } },
{ "type": "Feature", "properties": { "osm_id": "1161_end" }, "geometry": { "type": "Point", "coordinates": [ 118.0458728, 36.8025532 ] } },
{ "type": "Feature", "properties": { "osm_id": "1163_start" }, "geometry": { "type": "Point", "coordinates": [ 118.0449574, 36.8028196 ] } },
{ "type": "Feature", "properties": { "osm_id": "1164_start" }, "geometry": { "type": "Point", "coordinates": [ 118.0634595, 36.8172422 ] } },
{ "type": "Feature", "properties": { "osm_id": "1164_end" }, "geometry": { "type": "Point", "coordinates": [ 118.0649128, 36.8239693 ] } },
{ "type": "Feature", "properties": { "osm_id": "1165_end" }, "geometry": { "type": "Point", "coordinates": [ 118.0633545, 36.8171312 ] } },
{ "type": "Feature", "properties": { "osm_id": "1166_start" }, "geometry": { "type": "Point", "coordinates": [ 118.0622369, 36.8088454 ] } },
{ "type": "Feature", "properties": { "osm_id": "1166_end" }, "geometry": { "type": "Point", "coordinates": [ 118.0623558, 36.8044727 ] } },
{ "type": "Feature", "properties": { "osm_id": "1167_start" }, "geometry": { "type": "Point", "coordinates": [ 118.0673508, 36.795697 ] } },
{ "type": "Feature", "properties": { "osm_id": "1167_end" }, "geometry": { "type": "Point", "coordinates": [ 118.0679833, 36.7983139 ] } },
{ "type": "Feature", "properties": { "osm_id": "1168_start" }, "geometry": { "type": "Point", "coordinates": [ 118.0678256, 36.7983458 ] } },
{ "type": "Feature", "properties": { "osm_id": "1168_end" }, "geometry": { "type": "Point", "coordinates": [ 118.0671844, 36.7957165 ] } },
{ "type": "Feature", "properties": { "osm_id": "1169_start" }, "geometry": { "type": "Point", "coordinates": [ 118.0703667, 36.7978911 ] } },
{ "type": "Feature", "properties": { "osm_id": "1169_end" }, "geometry": { "type": "Point", "coordinates": [ 118.074178, 36.7978595 ] } },
{ "type": "Feature", "properties": { "osm_id": "1170_start" }, "geometry": { "type": "Point", "coordinates": [ 118.0690507, 36.8119527 ] } },
{ "type": "Feature", "properties": { "osm_id": "1170_end" }, "geometry": { "type": "Point", "coordinates": [ 118.0703263, 36.8161802 ] } },
{ "type": "Feature", "properties": { "osm_id": "1171_start" }, "geometry": { "type": "Point", "coordinates": [ 118.0972979, 36.8299831 ] } },
{ "type": "Feature", "properties": { "osm_id": "1171_end" }, "geometry": { "type": "Point", "coordinates": [ 118.0959524, 36.820444 ] } },
{ "type": "Feature", "properties": { "osm_id": "1172_start" }, "geometry": { "type": "Point", "coordinates": [ 118.0960027, 36.8203261 ] } },
{ "type": "Feature", "properties": { "osm_id": "1173_start" }, "geometry": { "type": "Point", "coordinates": [ 118.0952081, 36.8165654 ] } },
{ "type": "Feature", "properties": { "osm_id": "1175_start" }, "geometry": { "type": "Point", "coordinates": [ 118.1421795, 36.7244344 ] } },
{ "type": "Feature", "properties": { "osm_id": "1176_start" }, "geometry": { "type": "Point", "coordinates": [ 118.144646, 36.7686356 ] } },
{ "type": "Feature", "properties": { "osm_id": "1177_start" }, "geometry": { "type": "Point", "coordinates": [ 118.147191, 36.750707 ] } },
{ "type": "Feature", "properties": { "osm_id": "1177_end" }, "geometry": { "type": "Point", "coordinates": [ 118.1685752, 36.7498012 ] } },
{ "type": "Feature", "properties": { "osm_id": "1178_end" }, "geometry": { "type": "Point", "coordinates": [ 118.1245426, 36.7692935 ] } },
{ "type": "Feature", "properties": { "osm_id": "1179_start" }, "geometry": { "type": "Point", "coordinates": [ 118.1540981, 36.7696042 ] } },
{ "type": "Feature", "properties": { "osm_id": "1179_end" }, "geometry": { "type": "Point", "coordinates": [ 118.1176135, 36.7704764 ] } },
{ "type": "Feature", "properties": { "osm_id": "1180_start" }, "geometry": { "type": "Point", "coordinates": [ 118.1410288, 36.7806141 ] } },
{ "type": "Feature", "properties": { "osm_id": "1180_end" }, "geometry": { "type": "Point", "coordinates": [ 118.1411938, 36.7730728 ] } },
{ "type": "Feature", "properties": { "osm_id": "1181_start" }, "geometry": { "type": "Point", "coordinates": [ 118.13731, 36.7730556 ] } },
{ "type": "Feature", "properties": { "osm_id": "1181_end" }, "geometry": { "type": "Point", "coordinates": [ 118.1434254, 36.7729868 ] } },
{ "type": "Feature", "properties": { "osm_id": "1182_end" }, "geometry": { "type": "Point", "coordinates": [ 118.135473, 36.7685633 ] } },
{ "type": "Feature", "properties": { "osm_id": "1183_start" }, "geometry": { "type": "Point", "coordinates": [ 118.0643944, 36.7091361 ] } },
{ "type": "Feature", "properties": { "osm_id": "1183_end" }, "geometry": { "type": "Point", "coordinates": [ 118.0839576, 36.7239025 ] } },
{ "type": "Feature", "properties": { "osm_id": "1186_start" }, "geometry": { "type": "Point", "coordinates": [ 118.0112582, 36.7934648 ] } },
{ "type": "Feature", "properties": { "osm_id": "1186_end" }, "geometry": { "type": "Point", "coordinates": [ 118.0108206, 36.7905193 ] } },
{ "type": "Feature", "properties": { "osm_id": "1187_start" }, "geometry": { "type": "Point", "coordinates": [ 117.902097, 36.7281564 ] } },
{ "type": "Feature", "properties": { "osm_id": "1187_end" }, "geometry": { "type": "Point", "coordinates": [ 117.9007368, 36.7282567 ] } },
{ "type": "Feature", "properties": { "osm_id": "1188_start" }, "geometry": { "type": "Point", "coordinates": [ 117.900754, 36.7281336 ] } },
{ "type": "Feature", "properties": { "osm_id": "1188_end" }, "geometry": { "type": "Point", "coordinates": [ 117.9020982, 36.728011 ] } },
{ "type": "Feature", "properties": { "osm_id": "1189_end" }, "geometry": { "type": "Point", "coordinates": [ 117.9430649, 36.7233134 ] } },
{ "type": "Feature", "properties": { "osm_id": "1190_start" }, "geometry": { "type": "Point", "coordinates": [ 117.9430089, 36.7234726 ] } },
{ "type": "Feature", "properties": { "osm_id": "1191_start" }, "geometry": { "type": "Point", "coordinates": [ 117.9465395, 36.7218421 ] } },
{ "type": "Feature", "properties": { "osm_id": "1192_start" }, "geometry": { "type": "Point", "coordinates": [ 117.9582758, 36.7120176 ] } },
{ "type": "Feature", "properties": { "osm_id": "1192_end" }, "geometry": { "type": "Point", "coordinates": [ 117.9435038, 36.7129452 ] } },
{ "type": "Feature", "properties": { "osm_id": "1193_start" }, "geometry": { "type": "Point", "coordinates": [ 117.9578659, 36.7116288 ] } },
{ "type": "Feature", "properties": { "osm_id": "1194_start" }, "geometry": { "type": "Point", "coordinates": [ 117.9933845, 36.7064647 ] } },
{ "type": "Feature", "properties": { "osm_id": "1194_end" }, "geometry": { "type": "Point", "coordinates": [ 117.9957719, 36.7061205 ] } },
{ "type": "Feature", "properties": { "osm_id": "1195_start" }, "geometry": { "type": "Point", "coordinates": [ 117.9934042, 36.7065773 ] } },
{ "type": "Feature", "properties": { "osm_id": "1195_end" }, "geometry": { "type": "Point", "coordinates": [ 117.989577, 36.7072622 ] } },
{ "type": "Feature", "properties": { "osm_id": "1196_start" }, "geometry": { "type": "Point", "coordinates": [ 117.9957848, 36.7062489 ] } },
{ "type": "Feature", "properties": { "osm_id": "1197_start" }, "geometry": { "type": "Point", "coordinates": [ 118.0156606, 36.7058089 ] } },
{ "type": "Feature", "properties": { "osm_id": "1197_end" }, "geometry": { "type": "Point", "coordinates": [ 118.0510183, 36.7004005 ] } },
{ "type": "Feature", "properties": { "osm_id": "1198_end" }, "geometry": { "type": "Point", "coordinates": [ 118.0994435, 36.7026627 ] } },
{ "type": "Feature", "properties": { "osm_id": "1203_start" }, "geometry": { "type": "Point", "coordinates": [ 118.1463953, 36.7163259 ] } },
{ "type": "Feature", "properties": { "osm_id": "1203_end" }, "geometry": { "type": "Point", "coordinates": [ 118.1458702, 36.7161381 ] } },
{ "type": "Feature", "properties": { "osm_id": "1204_start" }, "geometry": { "type": "Point", "coordinates": [ 118.1061638, 36.6985254 ] } },
{ "type": "Feature", "properties": { "osm_id": "1204_end" }, "geometry": { "type": "Point", "coordinates": [ 118.0522718, 36.7004788 ] } },
{ "type": "Feature", "properties": { "osm_id": "1205_start" }, "geometry": { "type": "Point", "coordinates": [ 118.1459141, 36.7159803 ] } },
{ "type": "Feature", "properties": { "osm_id": "1205_end" }, "geometry": { "type": "Point", "coordinates": [ 118.1462538, 36.7161306 ] } },
{ "type": "Feature", "properties": { "osm_id": "1206_end" }, "geometry": { "type": "Point", "coordinates": [ 118.2080663, 36.7145307 ] } },
{ "type": "Feature", "properties": { "osm_id": "1207_start" }, "geometry": { "type": "Point", "coordinates": [ 118.2083966, 36.7146459 ] } },
{ "type": "Feature", "properties": { "osm_id": "1208_start" }, "geometry": { "type": "Point", "coordinates": [ 117.9578668, 36.80034 ] } },
{ "type": "Feature", "properties": { "osm_id": "1212_start" }, "geometry": { "type": "Point", "coordinates": [ 118.0187787, 36.7975637 ] } },
{ "type": "Feature", "properties": { "osm_id": "1214_end" }, "geometry": { "type": "Point", "coordinates": [ 118.0190218, 36.8026658 ] } },
{ "type": "Feature", "properties": { "osm_id": "1223_start" }, "geometry": { "type": "Point", "coordinates": [ 117.9705693, 36.7472094 ] } },
{ "type": "Feature", "properties": { "osm_id": "1223_end" }, "geometry": { "type": "Point", "coordinates": [ 117.969667, 36.773845 ] } },
{ "type": "Feature", "properties": { "osm_id": "1224_start" }, "geometry": { "type": "Point", "coordinates": [ 117.9506712, 36.7219027 ] } },
{ "type": "Feature", "properties": { "osm_id": "1224_end" }, "geometry": { "type": "Point", "coordinates": [ 117.9578053, 36.7201966 ] } },
{ "type": "Feature", "properties": { "osm_id": "1225_start" }, "geometry": { "type": "Point", "coordinates": [ 117.9341212, 36.8164397 ] } },
{ "type": "Feature", "properties": { "osm_id": "1225_end" }, "geometry": { "type": "Point", "coordinates": [ 117.9334894, 36.8096835 ] } },
{ "type": "Feature", "properties": { "osm_id": "1236_start" }, "geometry": { "type": "Point", "coordinates": [ 118.0195253, 36.8327508 ] } },
{ "type": "Feature", "properties": { "osm_id": "1236_end" }, "geometry": { "type": "Point", "coordinates": [ 118.0194533, 36.8322881 ] } },
{ "type": "Feature", "properties": { "osm_id": "1237_start" }, "geometry": { "type": "Point", "coordinates": [ 118.0151588, 36.8326445 ] } },
{ "type": "Feature", "properties": { "osm_id": "1237_end" }, "geometry": { "type": "Point", "coordinates": [ 118.0186952, 36.8325354 ] } },
{ "type": "Feature", "properties": { "osm_id": "1238_start" }, "geometry": { "type": "Point", "coordinates": [ 118.0120999, 36.832744 ] } },
{ "type": "Feature", "properties": { "osm_id": "1238_end" }, "geometry": { "type": "Point", "coordinates": [ 118.0145619, 36.8314884 ] } },
{ "type": "Feature", "properties": { "osm_id": "1239_start" }, "geometry": { "type": "Point", "coordinates": [ 118.0066702, 36.8326889 ] } },
{ "type": "Feature", "properties": { "osm_id": "1239_end" }, "geometry": { "type": "Point", "coordinates": [ 118.0067007, 36.8331244 ] } },
{ "type": "Feature", "properties": { "osm_id": "1240_start" }, "geometry": { "type": "Point", "coordinates": [ 118.0134442, 36.8368987 ] } },
{ "type": "Feature", "properties": { "osm_id": "1240_end" }, "geometry": { "type": "Point", "coordinates": [ 118.0140704, 36.8368788 ] } },
{ "type": "Feature", "properties": { "osm_id": "1241_start" }, "geometry": { "type": "Point", "coordinates": [ 118.0136293, 36.8339663 ] } },
{ "type": "Feature", "properties": { "osm_id": "1241_end" }, "geometry": { "type": "Point", "coordinates": [ 118.0137461, 36.8365323 ] } },
{ "type": "Feature", "properties": { "osm_id": "1242_start" }, "geometry": { "type": "Point", "coordinates": [ 118.0088008, 36.8317405 ] } },
{ "type": "Feature", "properties": { "osm_id": "1243_start" }, "geometry": { "type": "Point", "coordinates": [ 118.0075287, 36.8328989 ] } },
{ "type": "Feature", "properties": { "osm_id": "1244_start" }, "geometry": { "type": "Point", "coordinates": [ 118.0144632, 36.8302705 ] } },
{ "type": "Feature", "properties": { "osm_id": "1244_end" }, "geometry": { "type": "Point", "coordinates": [ 118.0119149, 36.8327496 ] } },
{ "type": "Feature", "properties": { "osm_id": "1245_start" }, "geometry": { "type": "Point", "coordinates": [ 118.0144984, 36.829188 ] } },
{ "type": "Feature", "properties": { "osm_id": "1245_end" }, "geometry": { "type": "Point", "coordinates": [ 118.0143393, 36.8291931 ] } },
{ "type": "Feature", "properties": { "osm_id": "1246_start" }, "geometry": { "type": "Point", "coordinates": [ 117.8971938, 36.7163556 ] } },
{ "type": "Feature", "properties": { "osm_id": "1247_end" }, "geometry": { "type": "Point", "coordinates": [ 117.8976391, 36.7164901 ] } },
{ "type": "Feature", "properties": { "osm_id": "1248_end" }, "geometry": { "type": "Point", "coordinates": [ 117.8929883, 36.7023917 ] } },
{ "type": "Feature", "properties": { "osm_id": "1249_start" }, "geometry": { "type": "Point", "coordinates": [ 117.9179773, 36.6874387 ] } },
{ "type": "Feature", "properties": { "osm_id": "1249_end" }, "geometry": { "type": "Point", "coordinates": [ 117.9286963, 36.6835831 ] } },
{ "type": "Feature", "properties": { "osm_id": "1250_end" }, "geometry": { "type": "Point", "coordinates": [ 117.960416, 36.6898536 ] } },
{ "type": "Feature", "properties": { "osm_id": "1251_start" }, "geometry": { "type": "Point", "coordinates": [ 117.8940736, 36.6808491 ] } },
{ "type": "Feature", "properties": { "osm_id": "1251_end" }, "geometry": { "type": "Point", "coordinates": [ 117.9063132, 36.6779716 ] } },
{ "type": "Feature", "properties": { "osm_id": "1252_start" }, "geometry": { "type": "Point", "coordinates": [ 117.906483, 36.6781107 ] } },
{ "type": "Feature", "properties": { "osm_id": "1252_end" }, "geometry": { "type": "Point", "coordinates": [ 117.8941453, 36.6810008 ] } },
{ "type": "Feature", "properties": { "osm_id": "1253_start" }, "geometry": { "type": "Point", "coordinates": [ 117.9040943, 36.6688732 ] } },
{ "type": "Feature", "properties": { "osm_id": "1255_start" }, "geometry": { "type": "Point", "coordinates": [ 117.9635584, 36.7972525 ] } },
{ "type": "Feature", "properties": { "osm_id": "1255_end" }, "geometry": { "type": "Point", "coordinates": [ 117.9713147, 36.7870313 ] } },
{ "type": "Feature", "properties": { "osm_id": "1256_start" }, "geometry": { "type": "Point", "coordinates": [ 117.9763573, 36.7777302 ] } },
{ "type": "Feature", "properties": { "osm_id": "1256_end" }, "geometry": { "type": "Point", "coordinates": [ 117.9785264, 36.7781349 ] } },
{ "type": "Feature", "properties": { "osm_id": "1257_start" }, "geometry": { "type": "Point", "coordinates": [ 117.9853835, 36.7996709 ] } },
{ "type": "Feature", "properties": { "osm_id": "1257_end" }, "geometry": { "type": "Point", "coordinates": [ 117.9732788, 36.8011797 ] } },
{ "type": "Feature", "properties": { "osm_id": "1258_start" }, "geometry": { "type": "Point", "coordinates": [ 117.9644077, 36.8022955 ] } },
{ "type": "Feature", "properties": { "osm_id": "1258_end" }, "geometry": { "type": "Point", "coordinates": [ 117.9724724, 36.8012454 ] } },
{ "type": "Feature", "properties": { "osm_id": "1307_start" }, "geometry": { "type": "Point", "coordinates": [ 117.995934, 36.7132422 ] } },
{ "type": "Feature", "properties": { "osm_id": "1319_end" }, "geometry": { "type": "Point", "coordinates": [ 118.0523061, 36.7003632 ] } },
{ "type": "Feature", "properties": { "osm_id": "1320_start" }, "geometry": { "type": "Point", "coordinates": [ 118.0638065, 36.6992839 ] } },
{ "type": "Feature", "properties": { "osm_id": "1320_end" }, "geometry": { "type": "Point", "coordinates": [ 118.1062544, 36.6983961 ] } },
{ "type": "Feature", "properties": { "osm_id": "1321_start" }, "geometry": { "type": "Point", "coordinates": [ 118.0509072, 36.7005269 ] } },
{ "type": "Feature", "properties": { "osm_id": "1321_end" }, "geometry": { "type": "Point", "coordinates": [ 118.0200806, 36.7058119 ] } },
{ "type": "Feature", "properties": { "osm_id": "1349_start" }, "geometry": { "type": "Point", "coordinates": [ 117.9656436, 36.6685928 ] } },
{ "type": "Feature", "properties": { "osm_id": "1352_start" }, "geometry": { "type": "Point", "coordinates": [ 117.992843, 36.7141652 ] } },
{ "type": "Feature", "properties": { "osm_id": "1353_start" }, "geometry": { "type": "Point", "coordinates": [ 117.9936821, 36.7139419 ] } },
{ "type": "Feature", "properties": { "osm_id": "1354_end" }, "geometry": { "type": "Point", "coordinates": [ 117.9972408, 36.7173602 ] } },
{ "type": "Feature", "properties": { "osm_id": "1356_end" }, "geometry": { "type": "Point", "coordinates": [ 118.0034351, 36.7229292 ] } },
{ "type": "Feature", "properties": { "osm_id": "1357_end" }, "geometry": { "type": "Point", "coordinates": [ 118.0030803, 36.7229488 ] } },
{ "type": "Feature", "properties": { "osm_id": "1358_start" }, "geometry": { "type": "Point", "coordinates": [ 117.9906969, 36.7334881 ] } },
{ "type": "Feature", "properties": { "osm_id": "1359_start" }, "geometry": { "type": "Point", "coordinates": [ 117.9994336, 36.7303065 ] } },
{ "type": "Feature", "properties": { "osm_id": "1360_start" }, "geometry": { "type": "Point", "coordinates": [ 117.9974136, 36.7172525 ] } },
{ "type": "Feature", "properties": { "osm_id": "1360_end" }, "geometry": { "type": "Point", "coordinates": [ 117.9958066, 36.7443433 ] } },
{ "type": "Feature", "properties": { "osm_id": "1361_start" }, "geometry": { "type": "Point", "coordinates": [ 117.9990722, 36.7319065 ] } },
{ "type": "Feature", "properties": { "osm_id": "1361_end" }, "geometry": { "type": "Point", "coordinates": [ 117.9999991, 36.7353877 ] } },
{ "type": "Feature", "properties": { "osm_id": "1362_start" }, "geometry": { "type": "Point", "coordinates": [ 117.9927126, 36.7140972 ] } },
{ "type": "Feature", "properties": { "osm_id": "1362_end" }, "geometry": { "type": "Point", "coordinates": [ 117.9633846, 36.6686476 ] } },
{ "type": "Feature", "properties": { "osm_id": "1363_start" }, "geometry": { "type": "Point", "coordinates": [ 117.9857823, 36.6989942 ] } },
{ "type": "Feature", "properties": { "osm_id": "1363_end" }, "geometry": { "type": "Point", "coordinates": [ 117.9858624, 36.698846 ] } },
{ "type": "Feature", "properties": { "osm_id": "1366_end" }, "geometry": { "type": "Point", "coordinates": [ 117.9863307, 36.6984557 ] } },
{ "type": "Feature", "properties": { "osm_id": "1367_end" }, "geometry": { "type": "Point", "coordinates": [ 117.99001, 36.6946199 ] } },
{ "type": "Feature", "properties": { "osm_id": "1368_start" }, "geometry": { "type": "Point", "coordinates": [ 117.9940019, 36.744484 ] } },
{ "type": "Feature", "properties": { "osm_id": "1369_start" }, "geometry": { "type": "Point", "coordinates": [ 118.0124191, 36.7434171 ] } },
{ "type": "Feature", "properties": { "osm_id": "1369_end" }, "geometry": { "type": "Point", "coordinates": [ 118.0021787, 36.7442627 ] } },
{ "type": "Feature", "properties": { "osm_id": "1370_start" }, "geometry": { "type": "Point", "coordinates": [ 117.9957237, 36.7447315 ] } },
{ "type": "Feature", "properties": { "osm_id": "1370_end" }, "geometry": { "type": "Point", "coordinates": [ 117.9944056, 36.7448315 ] } },
{ "type": "Feature", "properties": { "osm_id": "1371_start" }, "geometry": { "type": "Point", "coordinates": [ 117.9959894, 36.746161 ] } },
{ "type": "Feature", "properties": { "osm_id": "1371_end" }, "geometry": { "type": "Point", "coordinates": [ 117.9882458, 36.7621651 ] } },
{ "type": "Feature", "properties": { "osm_id": "1372_start" }, "geometry": { "type": "Point", "coordinates": [ 117.9865001, 36.7624144 ] } },
{ "type": "Feature", "properties": { "osm_id": "1373_start" }, "geometry": { "type": "Point", "coordinates": [ 117.9879027, 36.7623023 ] } },
{ "type": "Feature", "properties": { "osm_id": "1374_start" }, "geometry": { "type": "Point", "coordinates": [ 117.9861874, 36.7623317 ] } },
{ "type": "Feature", "properties": { "osm_id": "1374_end" }, "geometry": { "type": "Point", "coordinates": [ 117.9941732, 36.7448477 ] } },
{ "type": "Feature", "properties": { "osm_id": "1375_start" }, "geometry": { "type": "Point", "coordinates": [ 117.9820426, 36.7653831 ] } },
{ "type": "Feature", "properties": { "osm_id": "1375_end" }, "geometry": { "type": "Point", "coordinates": [ 117.9861848, 36.7624428 ] } },
{ "type": "Feature", "properties": { "osm_id": "1376_start" }, "geometry": { "type": "Point", "coordinates": [ 117.9840163, 36.7860274 ] } },
{ "type": "Feature", "properties": { "osm_id": "1376_end" }, "geometry": { "type": "Point", "coordinates": [ 117.981852, 36.766489 ] } },
{ "type": "Feature", "properties": { "osm_id": "1377_start" }, "geometry": { "type": "Point", "coordinates": [ 117.9819726, 36.7675966 ] } },
{ "type": "Feature", "properties": { "osm_id": "1377_end" }, "geometry": { "type": "Point", "coordinates": [ 117.9809758, 36.7774156 ] } },
{ "type": "Feature", "properties": { "osm_id": "1378_start" }, "geometry": { "type": "Point", "coordinates": [ 117.9815111, 36.7725087 ] } },
{ "type": "Feature", "properties": { "osm_id": "1378_end" }, "geometry": { "type": "Point", "coordinates": [ 117.979292, 36.7727881 ] } },
{ "type": "Feature", "properties": { "osm_id": "1379_end" }, "geometry": { "type": "Point", "coordinates": [ 117.9695254, 36.7739871 ] } },
{ "type": "Feature", "properties": { "osm_id": "1380_start" }, "geometry": { "type": "Point", "coordinates": [ 117.979258, 36.7726607 ] } },
{ "type": "Feature", "properties": { "osm_id": "1380_end" }, "geometry": { "type": "Point", "coordinates": [ 117.981486, 36.7723715 ] } },
{ "type": "Feature", "properties": { "osm_id": "1381_end" }, "geometry": { "type": "Point", "coordinates": [ 118.0312468, 36.7683578 ] } },
{ "type": "Feature", "properties": { "osm_id": "1382_end" }, "geometry": { "type": "Point", "coordinates": [ 117.9798882, 36.7777598 ] } },
{ "type": "Feature", "properties": { "osm_id": "1384_start" }, "geometry": { "type": "Point", "coordinates": [ 117.9718652, 36.786293 ] } },
{ "type": "Feature", "properties": { "osm_id": "1384_end" }, "geometry": { "type": "Point", "coordinates": [ 117.9818959, 36.7653933 ] } },
{ "type": "Feature", "properties": { "osm_id": "1386_start" }, "geometry": { "type": "Point", "coordinates": [ 117.9712536, 36.7871132 ] } },
{ "type": "Feature", "properties": { "osm_id": "1386_end" }, "geometry": { "type": "Point", "coordinates": [ 117.9687267, 36.7860881 ] } },
{ "type": "Feature", "properties": { "osm_id": "1389_start" }, "geometry": { "type": "Point", "coordinates": [ 117.9660756, 36.7744135 ] } },
{ "type": "Feature", "properties": { "osm_id": "1389_end" }, "geometry": { "type": "Point", "coordinates": [ 117.9603409, 36.7751007 ] } },
{ "type": "Feature", "properties": { "osm_id": "1390_start" }, "geometry": { "type": "Point", "coordinates": [ 117.9671371, 36.7742742 ] } },
{ "type": "Feature", "properties": { "osm_id": "1391_end" }, "geometry": { "type": "Point", "coordinates": [ 117.9671399, 36.7741641 ] } },
{ "type": "Feature", "properties": { "osm_id": "1395_start" }, "geometry": { "type": "Point", "coordinates": [ 118.042985, 36.7672612 ] } },
{ "type": "Feature", "properties": { "osm_id": "1395_end" }, "geometry": { "type": "Point", "coordinates": [ 118.0361699, 36.7680098 ] } },
{ "type": "Feature", "properties": { "osm_id": "1396_start" }, "geometry": { "type": "Point", "coordinates": [ 118.0430603, 36.7670562 ] } },
{ "type": "Feature", "properties": { "osm_id": "1396_end" }, "geometry": { "type": "Point", "coordinates": [ 118.0461747, 36.7667405 ] } },
{ "type": "Feature", "properties": { "osm_id": "1397_end" }, "geometry": { "type": "Point", "coordinates": [ 118.0973085, 36.7566565 ] } },
{ "type": "Feature", "properties": { "osm_id": "1398_start" }, "geometry": { "type": "Point", "coordinates": [ 118.0461521, 36.7668811 ] } },
{ "type": "Feature", "properties": { "osm_id": "1399_start" }, "geometry": { "type": "Point", "coordinates": [ 118.0447216, 36.7667316 ] } },
{ "type": "Feature", "properties": { "osm_id": "1399_end" }, "geometry": { "type": "Point", "coordinates": [ 118.0489273, 36.766228 ] } },
{ "type": "Feature", "properties": { "osm_id": "1400_start" }, "geometry": { "type": "Point", "coordinates": [ 118.0496332, 36.7661728 ] } },
{ "type": "Feature", "properties": { "osm_id": "1400_end" }, "geometry": { "type": "Point", "coordinates": [ 118.0445756, 36.767403 ] } },
{ "type": "Feature", "properties": { "osm_id": "1401_end" }, "geometry": { "type": "Point", "coordinates": [ 118.0312675, 36.7684834 ] } },
{ "type": "Feature", "properties": { "osm_id": "1402_start" }, "geometry": { "type": "Point", "coordinates": [ 118.0361328, 36.7678831 ] } },
{ "type": "Feature", "properties": { "osm_id": "1406_start" }, "geometry": { "type": "Point", "coordinates": [ 117.8800322, 36.8573364 ] } },
{ "type": "Feature", "properties": { "osm_id": "1406_end" }, "geometry": { "type": "Point", "coordinates": [ 117.8779514, 36.8331051 ] } },
{ "type": "Feature", "properties": { "osm_id": "1416_start" }, "geometry": { "type": "Point", "coordinates": [ 118.0247037, 36.6950529 ] } },
{ "type": "Feature", "properties": { "osm_id": "1416_end" }, "geometry": { "type": "Point", "coordinates": [ 118.0204542, 36.6870373 ] } },
{ "type": "Feature", "properties": { "osm_id": "1417_start" }, "geometry": { "type": "Point", "coordinates": [ 118.022382, 36.6927939 ] } },
{ "type": "Feature", "properties": { "osm_id": "1417_end" }, "geometry": { "type": "Point", "coordinates": [ 118.0246596, 36.6920586 ] } },
{ "type": "Feature", "properties": { "osm_id": "1418_start" }, "geometry": { "type": "Point", "coordinates": [ 118.0239675, 36.6907052 ] } },
{ "type": "Feature", "properties": { "osm_id": "1418_end" }, "geometry": { "type": "Point", "coordinates": [ 118.0259353, 36.6945534 ] } },
{ "type": "Feature", "properties": { "osm_id": "1419_start" }, "geometry": { "type": "Point", "coordinates": [ 118.02265, 36.691116 ] } },
{ "type": "Feature", "properties": { "osm_id": "1419_end" }, "geometry": { "type": "Point", "coordinates": [ 118.0246754, 36.6905009 ] } },
{ "type": "Feature", "properties": { "osm_id": "1420_start" }, "geometry": { "type": "Point", "coordinates": [ 118.0252912, 36.705035 ] } },
{ "type": "Feature", "properties": { "osm_id": "1420_end" }, "geometry": { "type": "Point", "coordinates": [ 118.0494271, 36.688833 ] } },
{ "type": "Feature", "properties": { "osm_id": "1421_start" }, "geometry": { "type": "Point", "coordinates": [ 118.0274894, 36.6946594 ] } },
{ "type": "Feature", "properties": { "osm_id": "1421_end" }, "geometry": { "type": "Point", "coordinates": [ 118.0233351, 36.6863538 ] } },
{ "type": "Feature", "properties": { "osm_id": "1422_start" }, "geometry": { "type": "Point", "coordinates": [ 118.0270525, 36.6844492 ] } },
{ "type": "Feature", "properties": { "osm_id": "1422_end" }, "geometry": { "type": "Point", "coordinates": [ 118.0578944, 36.6732928 ] } },
{ "type": "Feature", "properties": { "osm_id": "1423_start" }, "geometry": { "type": "Point", "coordinates": [ 118.0031937, 36.6910319 ] } },
{ "type": "Feature", "properties": { "osm_id": "1424_end" }, "geometry": { "type": "Point", "coordinates": [ 118.0070471, 36.6901903 ] } },
{ "type": "Feature", "properties": { "osm_id": "1425_start" }, "geometry": { "type": "Point", "coordinates": [ 118.0082849, 36.688435 ] } },
{ "type": "Feature", "properties": { "osm_id": "1425_end" }, "geometry": { "type": "Point", "coordinates": [ 118.0047544, 36.6894985 ] } },
{ "type": "Feature", "properties": { "osm_id": "1427_start" }, "geometry": { "type": "Point", "coordinates": [ 118.0070512, 36.6950648 ] } },
{ "type": "Feature", "properties": { "osm_id": "1427_end" }, "geometry": { "type": "Point", "coordinates": [ 118.0110214, 36.7054688 ] } },
{ "type": "Feature", "properties": { "osm_id": "1428_start" }, "geometry": { "type": "Point", "coordinates": [ 118.0095051, 36.6989165 ] } },
{ "type": "Feature", "properties": { "osm_id": "1428_end" }, "geometry": { "type": "Point", "coordinates": [ 117.9948566, 36.701593 ] } },
{ "type": "Feature", "properties": { "osm_id": "1429_start" }, "geometry": { "type": "Point", "coordinates": [ 118.0108723, 36.705448 ] } },
{ "type": "Feature", "properties": { "osm_id": "1429_end" }, "geometry": { "type": "Point", "coordinates": [ 118.006887, 36.6951092 ] } },
{ "type": "Feature", "properties": { "osm_id": "1430_start" }, "geometry": { "type": "Point", "coordinates": [ 118.0094478, 36.6987887 ] } },
{ "type": "Feature", "properties": { "osm_id": "1430_end" }, "geometry": { "type": "Point", "coordinates": [ 118.0095968, 36.6987515 ] } },
{ "type": "Feature", "properties": { "osm_id": "1431_end" }, "geometry": { "type": "Point", "coordinates": [ 117.9976171, 36.6782685 ] } },
{ "type": "Feature", "properties": { "osm_id": "1432_start" }, "geometry": { "type": "Point", "coordinates": [ 117.989392, 36.8196755 ] } },
{ "type": "Feature", "properties": { "osm_id": "1432_end" }, "geometry": { "type": "Point", "coordinates": [ 117.989448, 36.8202846 ] } },
{ "type": "Feature", "properties": { "osm_id": "1433_start" }, "geometry": { "type": "Point", "coordinates": [ 117.9910468, 36.8193612 ] } },
{ "type": "Feature", "properties": { "osm_id": "1433_end" }, "geometry": { "type": "Point", "coordinates": [ 117.990006, 36.8196284 ] } },
{ "type": "Feature", "properties": { "osm_id": "1434_start" }, "geometry": { "type": "Point", "coordinates": [ 117.9900622, 36.8200624 ] } },
{ "type": "Feature", "properties": { "osm_id": "1434_end" }, "geometry": { "type": "Point", "coordinates": [ 117.9932482, 36.8210082 ] } },
{ "type": "Feature", "properties": { "osm_id": "1435_start" }, "geometry": { "type": "Point", "coordinates": [ 117.9910423, 36.8197446 ] } },
{ "type": "Feature", "properties": { "osm_id": "1435_end" }, "geometry": { "type": "Point", "coordinates": [ 117.9914084, 36.8221518 ] } },
{ "type": "Feature", "properties": { "osm_id": "1436_start" }, "geometry": { "type": "Point", "coordinates": [ 117.9923134, 36.82032 ] } },
{ "type": "Feature", "properties": { "osm_id": "1436_end" }, "geometry": { "type": "Point", "coordinates": [ 117.9915008, 36.8203908 ] } },
{ "type": "Feature", "properties": { "osm_id": "1437_end" }, "geometry": { "type": "Point", "coordinates": [ 117.9929304, 36.8202625 ] } },
{ "type": "Feature", "properties": { "osm_id": "1438_start" }, "geometry": { "type": "Point", "coordinates": [ 117.993921, 36.8165496 ] } },
{ "type": "Feature", "properties": { "osm_id": "1439_start" }, "geometry": { "type": "Point", "coordinates": [ 117.9970306, 36.817718 ] } },
{ "type": "Feature", "properties": { "osm_id": "1439_end" }, "geometry": { "type": "Point", "coordinates": [ 117.9935574, 36.8175952 ] } },
{ "type": "Feature", "properties": { "osm_id": "1440_start" }, "geometry": { "type": "Point", "coordinates": [ 117.9936207, 36.8179743 ] } },
{ "type": "Feature", "properties": { "osm_id": "1440_end" }, "geometry": { "type": "Point", "coordinates": [ 117.9929231, 36.8187077 ] } },
{ "type": "Feature", "properties": { "osm_id": "1441_start" }, "geometry": { "type": "Point", "coordinates": [ 117.9956707, 36.8178006 ] } },
{ "type": "Feature", "properties": { "osm_id": "1441_end" }, "geometry": { "type": "Point", "coordinates": [ 117.9955738, 36.8168183 ] } },
{ "type": "Feature", "properties": { "osm_id": "1442_start" }, "geometry": { "type": "Point", "coordinates": [ 117.9956314, 36.8174021 ] } },
{ "type": "Feature", "properties": { "osm_id": "1442_end" }, "geometry": { "type": "Point", "coordinates": [ 117.9948711, 36.8174753 ] } },
{ "type": "Feature", "properties": { "osm_id": "1443_start" }, "geometry": { "type": "Point", "coordinates": [ 117.9956009, 36.8170928 ] } },
{ "type": "Feature", "properties": { "osm_id": "1443_end" }, "geometry": { "type": "Point", "coordinates": [ 117.9948657, 36.8171361 ] } },
{ "type": "Feature", "properties": { "osm_id": "1444_end" }, "geometry": { "type": "Point", "coordinates": [ 118.1342835, 36.8470666 ] } },
{ "type": "Feature", "properties": { "osm_id": "1445_start" }, "geometry": { "type": "Point", "coordinates": [ 118.1650475, 36.8149588 ] } },
{ "type": "Feature", "properties": { "osm_id": "1445_end" }, "geometry": { "type": "Point", "coordinates": [ 118.1199205, 36.8186783 ] } },
{ "type": "Feature", "properties": { "osm_id": "1446_start" }, "geometry": { "type": "Point", "coordinates": [ 118.1210351, 36.8185824 ] } },
{ "type": "Feature", "properties": { "osm_id": "1446_end" }, "geometry": { "type": "Point", "coordinates": [ 118.1680134, 36.8147945 ] } },
{ "type": "Feature", "properties": { "osm_id": "1447_start" }, "geometry": { "type": "Point", "coordinates": [ 118.1193068, 36.7387507 ] } },
{ "type": "Feature", "properties": { "osm_id": "1447_end" }, "geometry": { "type": "Point", "coordinates": [ 118.1165255, 36.7267902 ] } },
{ "type": "Feature", "properties": { "osm_id": "1448_start" }, "geometry": { "type": "Point", "coordinates": [ 118.1004515, 36.6913212 ] } },
{ "type": "Feature", "properties": { "osm_id": "1448_end" }, "geometry": { "type": "Point", "coordinates": [ 118.0906644, 36.6920087 ] } },
{ "type": "Feature", "properties": { "osm_id": "1449_start" }, "geometry": { "type": "Point", "coordinates": [ 118.0905381, 36.6914072 ] } },
{ "type": "Feature", "properties": { "osm_id": "1449_end" }, "geometry": { "type": "Point", "coordinates": [ 118.0921316, 36.6988938 ] } },
{ "type": "Feature", "properties": { "osm_id": "1451_start" }, "geometry": { "type": "Point", "coordinates": [ 118.091106, 36.6865103 ] } },
{ "type": "Feature", "properties": { "osm_id": "1451_end" }, "geometry": { "type": "Point", "coordinates": [ 118.0967675, 36.6866983 ] } },
{ "type": "Feature", "properties": { "osm_id": "1452_start" }, "geometry": { "type": "Point", "coordinates": [ 118.0954375, 36.6866541 ] } },
{ "type": "Feature", "properties": { "osm_id": "1452_end" }, "geometry": { "type": "Point", "coordinates": [ 118.0950328, 36.6871298 ] } },
{ "type": "Feature", "properties": { "osm_id": "1453_start" }, "geometry": { "type": "Point", "coordinates": [ 118.0954941, 36.6870954 ] } },
{ "type": "Feature", "properties": { "osm_id": "1453_end" }, "geometry": { "type": "Point", "coordinates": [ 118.0961808, 36.6870524 ] } },
{ "type": "Feature", "properties": { "osm_id": "1454_start" }, "geometry": { "type": "Point", "coordinates": [ 118.0952718, 36.687112 ] } },
{ "type": "Feature", "properties": { "osm_id": "1454_end" }, "geometry": { "type": "Point", "coordinates": [ 118.0955366, 36.6894551 ] } },
{ "type": "Feature", "properties": { "osm_id": "1455_start" }, "geometry": { "type": "Point", "coordinates": [ 118.1166794, 36.7267889 ] } },
{ "type": "Feature", "properties": { "osm_id": "1456_start" }, "geometry": { "type": "Point", "coordinates": [ 118.1159242, 36.7197485 ] } },
{ "type": "Feature", "properties": { "osm_id": "1456_end" }, "geometry": { "type": "Point", "coordinates": [ 118.0668653, 36.7248638 ] } },
{ "type": "Feature", "properties": { "osm_id": "1457_start" }, "geometry": { "type": "Point", "coordinates": [ 118.1331973, 36.7622122 ] } },
{ "type": "Feature", "properties": { "osm_id": "1457_end" }, "geometry": { "type": "Point", "coordinates": [ 118.1118363, 36.7644575 ] } },
{ "type": "Feature", "properties": { "osm_id": "1458_start" }, "geometry": { "type": "Point", "coordinates": [ 118.1312807, 36.7710754 ] } },
{ "type": "Feature", "properties": { "osm_id": "1458_end" }, "geometry": { "type": "Point", "coordinates": [ 118.1309452, 36.7700556 ] } },
{ "type": "Feature", "properties": { "osm_id": "1461_start" }, "geometry": { "type": "Point", "coordinates": [ 118.1342868, 36.7691832 ] } },
{ "type": "Feature", "properties": { "osm_id": "1461_end" }, "geometry": { "type": "Point", "coordinates": [ 118.1345228, 36.7696566 ] } },
{ "type": "Feature", "properties": { "osm_id": "1462_start" }, "geometry": { "type": "Point", "coordinates": [ 118.132745, 36.7709206 ] } },
{ "type": "Feature", "properties": { "osm_id": "1462_end" }, "geometry": { "type": "Point", "coordinates": [ 118.1361816, 36.7698795 ] } },
{ "type": "Feature", "properties": { "osm_id": "1463_start" }, "geometry": { "type": "Point", "coordinates": [ 118.1172912, 36.8582706 ] } },
{ "type": "Feature", "properties": { "osm_id": "1465_start" }, "geometry": { "type": "Point", "coordinates": [ 118.1263125, 36.8496291 ] } },
{ "type": "Feature", "properties": { "osm_id": "1465_end" }, "geometry": { "type": "Point", "coordinates": [ 118.1342352, 36.8494181 ] } },
{ "type": "Feature", "properties": { "osm_id": "1469_start" }, "geometry": { "type": "Point", "coordinates": [ 118.1258812, 36.8483228 ] } },
{ "type": "Feature", "properties": { "osm_id": "1469_end" }, "geometry": { "type": "Point", "coordinates": [ 118.1254611, 36.849174 ] } },
{ "type": "Feature", "properties": { "osm_id": "1470_start" }, "geometry": { "type": "Point", "coordinates": [ 118.1256864, 36.8465571 ] } },
{ "type": "Feature", "properties": { "osm_id": "1470_end" }, "geometry": { "type": "Point", "coordinates": [ 118.1231603, 36.8479038 ] } },
{ "type": "Feature", "properties": { "osm_id": "1471_start" }, "geometry": { "type": "Point", "coordinates": [ 118.1173255, 36.8282265 ] } },
{ "type": "Feature", "properties": { "osm_id": "1471_end" }, "geometry": { "type": "Point", "coordinates": [ 118.117864, 36.8322418 ] } },
{ "type": "Feature", "properties": { "osm_id": "1492_start" }, "geometry": { "type": "Point", "coordinates": [ 118.105132, 36.8198985 ] } },
{ "type": "Feature", "properties": { "osm_id": "1493_start" }, "geometry": { "type": "Point", "coordinates": [ 118.0915469, 36.821022 ] } },
{ "type": "Feature", "properties": { "osm_id": "1493_end" }, "geometry": { "type": "Point", "coordinates": [ 118.0728406, 36.8226738 ] } },
{ "type": "Feature", "properties": { "osm_id": "1494_start" }, "geometry": { "type": "Point", "coordinates": [ 118.0923103, 36.8054347 ] } },
{ "type": "Feature", "properties": { "osm_id": "1494_end" }, "geometry": { "type": "Point", "coordinates": [ 118.0890879, 36.7985593 ] } },
{ "type": "Feature", "properties": { "osm_id": "1495_start" }, "geometry": { "type": "Point", "coordinates": [ 118.0966754, 36.7973241 ] } },
{ "type": "Feature", "properties": { "osm_id": "1495_end" }, "geometry": { "type": "Point", "coordinates": [ 118.0944204, 36.792742 ] } },
{ "type": "Feature", "properties": { "osm_id": "1497_start" }, "geometry": { "type": "Point", "coordinates": [ 118.0972312, 36.8048403 ] } },
{ "type": "Feature", "properties": { "osm_id": "1497_end" }, "geometry": { "type": "Point", "coordinates": [ 118.0991617, 36.8201822 ] } },
{ "type": "Feature", "properties": { "osm_id": "1498_end" }, "geometry": { "type": "Point", "coordinates": [ 118.077132, 36.8068984 ] } },
{ "type": "Feature", "properties": { "osm_id": "1499_start" }, "geometry": { "type": "Point", "coordinates": [ 118.1085854, 36.7938267 ] } },
{ "type": "Feature", "properties": { "osm_id": "1499_end" }, "geometry": { "type": "Point", "coordinates": [ 118.108153, 36.8037496 ] } },
{ "type": "Feature", "properties": { "osm_id": "1500_end" }, "geometry": { "type": "Point", "coordinates": [ 118.1043516, 36.8055994 ] } },
{ "type": "Feature", "properties": { "osm_id": "1501_start" }, "geometry": { "type": "Point", "coordinates": [ 118.0906388, 36.8145522 ] } },
{ "type": "Feature", "properties": { "osm_id": "1501_end" }, "geometry": { "type": "Point", "coordinates": [ 118.1026942, 36.8039699 ] } },
{ "type": "Feature", "properties": { "osm_id": "1502_start" }, "geometry": { "type": "Point", "coordinates": [ 118.1024737, 36.8037444 ] } },
{ "type": "Feature", "properties": { "osm_id": "1504_start" }, "geometry": { "type": "Point", "coordinates": [ 118.0871406, 36.8065577 ] } },
{ "type": "Feature", "properties": { "osm_id": "1504_end" }, "geometry": { "type": "Point", "coordinates": [ 118.0821261, 36.806997 ] } },
{ "type": "Feature", "properties": { "osm_id": "1505_start" }, "geometry": { "type": "Point", "coordinates": [ 118.0846515, 36.806768 ] } },
{ "type": "Feature", "properties": { "osm_id": "1505_end" }, "geometry": { "type": "Point", "coordinates": [ 118.0871675, 36.8084933 ] } },
{ "type": "Feature", "properties": { "osm_id": "1506_start" }, "geometry": { "type": "Point", "coordinates": [ 118.0796615, 36.81667 ] } },
{ "type": "Feature", "properties": { "osm_id": "1507_start" }, "geometry": { "type": "Point", "coordinates": [ 118.0775513, 36.8071367 ] } },
{ "type": "Feature", "properties": { "osm_id": "1507_end" }, "geometry": { "type": "Point", "coordinates": [ 118.0776969, 36.8086238 ] } },
{ "type": "Feature", "properties": { "osm_id": "1508_start" }, "geometry": { "type": "Point", "coordinates": [ 118.0821197, 36.8066763 ] } },
{ "type": "Feature", "properties": { "osm_id": "1508_end" }, "geometry": { "type": "Point", "coordinates": [ 118.0871421, 36.8064244 ] } },
{ "type": "Feature", "properties": { "osm_id": "1509_start" }, "geometry": { "type": "Point", "coordinates": [ 118.0771091, 36.8069804 ] } },
{ "type": "Feature", "properties": { "osm_id": "1509_end" }, "geometry": { "type": "Point", "coordinates": [ 118.0759822, 36.8069211 ] } },
{ "type": "Feature", "properties": { "osm_id": "1510_start" }, "geometry": { "type": "Point", "coordinates": [ 118.07755, 36.8070066 ] } },
{ "type": "Feature", "properties": { "osm_id": "1511_start" }, "geometry": { "type": "Point", "coordinates": [ 118.1027506, 36.8038212 ] } },
{ "type": "Feature", "properties": { "osm_id": "1511_end" }, "geometry": { "type": "Point", "coordinates": [ 118.1200996, 36.8053977 ] } },
{ "type": "Feature", "properties": { "osm_id": "1512_end" }, "geometry": { "type": "Point", "coordinates": [ 118.0775784, 36.8069389 ] } },
{ "type": "Feature", "properties": { "osm_id": "1513_start" }, "geometry": { "type": "Point", "coordinates": [ 118.0778205, 36.8067067 ] } },
{ "type": "Feature", "properties": { "osm_id": "1513_end" }, "geometry": { "type": "Point", "coordinates": [ 118.0797906, 36.8034051 ] } },
{ "type": "Feature", "properties": { "osm_id": "1514_end" }, "geometry": { "type": "Point", "coordinates": [ 118.0792214, 36.8163229 ] } },
{ "type": "Feature", "properties": { "osm_id": "1515_end" }, "geometry": { "type": "Point", "coordinates": [ 118.0736492, 36.8157908 ] } },
{ "type": "Feature", "properties": { "osm_id": "1516_start" }, "geometry": { "type": "Point", "coordinates": [ 118.0736697, 36.815671 ] } },
{ "type": "Feature", "properties": { "osm_id": "1517_start" }, "geometry": { "type": "Point", "coordinates": [ 118.075751, 36.8130705 ] } },
{ "type": "Feature", "properties": { "osm_id": "1517_end" }, "geometry": { "type": "Point", "coordinates": [ 118.0754423, 36.8156916 ] } },
{ "type": "Feature", "properties": { "osm_id": "1519_start" }, "geometry": { "type": "Point", "coordinates": [ 118.0752891, 36.8164683 ] } },
{ "type": "Feature", "properties": { "osm_id": "1520_end" }, "geometry": { "type": "Point", "coordinates": [ 118.0785707, 36.8218443 ] } },
{ "type": "Feature", "properties": { "osm_id": "1523_start" }, "geometry": { "type": "Point", "coordinates": [ 118.1213597, 36.7952247 ] } },
{ "type": "Feature", "properties": { "osm_id": "1523_end" }, "geometry": { "type": "Point", "coordinates": [ 118.1251675, 36.7957047 ] } },
{ "type": "Feature", "properties": { "osm_id": "1524_start" }, "geometry": { "type": "Point", "coordinates": [ 118.1457597, 36.8043478 ] } },
{ "type": "Feature", "properties": { "osm_id": "1524_end" }, "geometry": { "type": "Point", "coordinates": [ 118.1758932, 36.8155591 ] } },
{ "type": "Feature", "properties": { "osm_id": "1525_start" }, "geometry": { "type": "Point", "coordinates": [ 118.1057946, 36.7934564 ] } },
{ "type": "Feature", "properties": { "osm_id": "1525_end" }, "geometry": { "type": "Point", "coordinates": [ 118.0778519, 36.7949784 ] } },
{ "type": "Feature", "properties": { "osm_id": "1526_start" }, "geometry": { "type": "Point", "coordinates": [ 118.1250678, 36.7959543 ] } },
{ "type": "Feature", "properties": { "osm_id": "1526_end" }, "geometry": { "type": "Point", "coordinates": [ 118.1212944, 36.7954814 ] } },
{ "type": "Feature", "properties": { "osm_id": "1531_start" }, "geometry": { "type": "Point", "coordinates": [ 118.1153124, 36.7943205 ] } },
{ "type": "Feature", "properties": { "osm_id": "1531_end" }, "geometry": { "type": "Point", "coordinates": [ 118.1150617, 36.7891202 ] } },
{ "type": "Feature", "properties": { "osm_id": "1532_start" }, "geometry": { "type": "Point", "coordinates": [ 118.1166832, 36.7789772 ] } },
{ "type": "Feature", "properties": { "osm_id": "1532_end" }, "geometry": { "type": "Point", "coordinates": [ 118.1157715, 36.7753568 ] } },
{ "type": "Feature", "properties": { "osm_id": "1533_start" }, "geometry": { "type": "Point", "coordinates": [ 118.1216042, 36.806372 ] } },
{ "type": "Feature", "properties": { "osm_id": "1533_end" }, "geometry": { "type": "Point", "coordinates": [ 118.1208135, 36.8111994 ] } },
{ "type": "Feature", "properties": { "osm_id": "1534_start" }, "geometry": { "type": "Point", "coordinates": [ 118.1163686, 36.7754628 ] } },
{ "type": "Feature", "properties": { "osm_id": "1534_end" }, "geometry": { "type": "Point", "coordinates": [ 118.1171261, 36.7789236 ] } },
{ "type": "Feature", "properties": { "osm_id": "1536_start" }, "geometry": { "type": "Point", "coordinates": [ 118.1126445, 36.7652127 ] } },
{ "type": "Feature", "properties": { "osm_id": "1536_end" }, "geometry": { "type": "Point", "coordinates": [ 118.1206382, 36.7643086 ] } },
{ "type": "Feature", "properties": { "osm_id": "1537_start" }, "geometry": { "type": "Point", "coordinates": [ 118.1186174, 36.7644617 ] } },
{ "type": "Feature", "properties": { "osm_id": "1537_end" }, "geometry": { "type": "Point", "coordinates": [ 118.1209114, 36.7692277 ] } },
{ "type": "Feature", "properties": { "osm_id": "1538_start" }, "geometry": { "type": "Point", "coordinates": [ 118.1097315, 36.7624737 ] } },
{ "type": "Feature", "properties": { "osm_id": "1538_end" }, "geometry": { "type": "Point", "coordinates": [ 118.1142402, 36.7612515 ] } },
{ "type": "Feature", "properties": { "osm_id": "1539_start" }, "geometry": { "type": "Point", "coordinates": [ 118.1021841, 36.7584902 ] } },
{ "type": "Feature", "properties": { "osm_id": "1539_end" }, "geometry": { "type": "Point", "coordinates": [ 118.1199896, 36.755642 ] } },
{ "type": "Feature", "properties": { "osm_id": "1540_start" }, "geometry": { "type": "Point", "coordinates": [ 118.1171585, 36.7587847 ] } },
{ "type": "Feature", "properties": { "osm_id": "1540_end" }, "geometry": { "type": "Point", "coordinates": [ 118.1249583, 36.7530254 ] } },
{ "type": "Feature", "properties": { "osm_id": "1541_start" }, "geometry": { "type": "Point", "coordinates": [ 118.0743603, 36.7364893 ] } },
{ "type": "Feature", "properties": { "osm_id": "1541_end" }, "geometry": { "type": "Point", "coordinates": [ 118.0749372, 36.7369061 ] } },
{ "type": "Feature", "properties": { "osm_id": "1542_start" }, "geometry": { "type": "Point", "coordinates": [ 118.0745922, 36.7368251 ] } },
{ "type": "Feature", "properties": { "osm_id": "1542_end" }, "geometry": { "type": "Point", "coordinates": [ 118.074813, 36.7367247 ] } },
{ "type": "Feature", "properties": { "osm_id": "1543_start" }, "geometry": { "type": "Point", "coordinates": [ 118.0776541, 36.7407581 ] } },
{ "type": "Feature", "properties": { "osm_id": "1543_end" }, "geometry": { "type": "Point", "coordinates": [ 118.0733034, 36.7414028 ] } },
{ "type": "Feature", "properties": { "osm_id": "1544_start" }, "geometry": { "type": "Point", "coordinates": [ 118.0817871, 36.743676 ] } },
{ "type": "Feature", "properties": { "osm_id": "1544_end" }, "geometry": { "type": "Point", "coordinates": [ 118.0857045, 36.7428038 ] } },
{ "type": "Feature", "properties": { "osm_id": "1545_start" }, "geometry": { "type": "Point", "coordinates": [ 118.0827189, 36.744628 ] } },
{ "type": "Feature", "properties": { "osm_id": "1545_end" }, "geometry": { "type": "Point", "coordinates": [ 118.0825924, 36.7471356 ] } },
{ "type": "Feature", "properties": { "osm_id": "1546_start" }, "geometry": { "type": "Point", "coordinates": [ 118.0831555, 36.7447175 ] } },
{ "type": "Feature", "properties": { "osm_id": "1546_end" }, "geometry": { "type": "Point", "coordinates": [ 118.0838637, 36.7443583 ] } },
{ "type": "Feature", "properties": { "osm_id": "1547_start" }, "geometry": { "type": "Point", "coordinates": [ 118.0834411, 36.7449349 ] } },
{ "type": "Feature", "properties": { "osm_id": "1547_end" }, "geometry": { "type": "Point", "coordinates": [ 118.0840507, 36.7446613 ] } },
{ "type": "Feature", "properties": { "osm_id": "1548_start" }, "geometry": { "type": "Point", "coordinates": [ 118.0977505, 36.7439986 ] } },
{ "type": "Feature", "properties": { "osm_id": "1548_end" }, "geometry": { "type": "Point", "coordinates": [ 118.0858164, 36.7467531 ] } },
{ "type": "Feature", "properties": { "osm_id": "1550_start" }, "geometry": { "type": "Point", "coordinates": [ 118.0862376, 36.7470782 ] } },
{ "type": "Feature", "properties": { "osm_id": "1550_end" }, "geometry": { "type": "Point", "coordinates": [ 118.086405, 36.746924 ] } },
{ "type": "Feature", "properties": { "osm_id": "1551_start" }, "geometry": { "type": "Point", "coordinates": [ 118.0862599, 36.7468205 ] } },
{ "type": "Feature", "properties": { "osm_id": "1551_end" }, "geometry": { "type": "Point", "coordinates": [ 118.086937, 36.7473032 ] } },
{ "type": "Feature", "properties": { "osm_id": "1552_start" }, "geometry": { "type": "Point", "coordinates": [ 118.08673, 36.7474583 ] } },
{ "type": "Feature", "properties": { "osm_id": "1552_end" }, "geometry": { "type": "Point", "coordinates": [ 118.0868982, 36.7472755 ] } },
{ "type": "Feature", "properties": { "osm_id": "1553_start" }, "geometry": { "type": "Point", "coordinates": [ 118.0877845, 36.7485172 ] } },
{ "type": "Feature", "properties": { "osm_id": "1553_end" }, "geometry": { "type": "Point", "coordinates": [ 118.0934353, 36.7474481 ] } },
{ "type": "Feature", "properties": { "osm_id": "1554_start" }, "geometry": { "type": "Point", "coordinates": [ 118.0885164, 36.7488825 ] } },
{ "type": "Feature", "properties": { "osm_id": "1554_end" }, "geometry": { "type": "Point", "coordinates": [ 118.0895212, 36.7497349 ] } },
{ "type": "Feature", "properties": { "osm_id": "1555_start" }, "geometry": { "type": "Point", "coordinates": [ 118.0901105, 36.7505219 ] } },
{ "type": "Feature", "properties": { "osm_id": "1555_end" }, "geometry": { "type": "Point", "coordinates": [ 118.0903671, 36.7504514 ] } },
{ "type": "Feature", "properties": { "osm_id": "1556_start" }, "geometry": { "type": "Point", "coordinates": [ 118.0866158, 36.7509208 ] } },
{ "type": "Feature", "properties": { "osm_id": "1556_end" }, "geometry": { "type": "Point", "coordinates": [ 118.0881007, 36.7579934 ] } },
{ "type": "Feature", "properties": { "osm_id": "1557_start" }, "geometry": { "type": "Point", "coordinates": [ 118.0870638, 36.7530151 ] } },
{ "type": "Feature", "properties": { "osm_id": "1557_end" }, "geometry": { "type": "Point", "coordinates": [ 118.092179, 36.752386 ] } },
{ "type": "Feature", "properties": { "osm_id": "1558_start" }, "geometry": { "type": "Point", "coordinates": [ 118.0915553, 36.7518189 ] } },
{ "type": "Feature", "properties": { "osm_id": "1558_end" }, "geometry": { "type": "Point", "coordinates": [ 118.0911744, 36.751952 ] } },
{ "type": "Feature", "properties": { "osm_id": "1559_start" }, "geometry": { "type": "Point", "coordinates": [ 118.0924136, 36.7523342 ] } },
{ "type": "Feature", "properties": { "osm_id": "1559_end" }, "geometry": { "type": "Point", "coordinates": [ 118.0970155, 36.751837 ] } },
{ "type": "Feature", "properties": { "osm_id": "1560_start" }, "geometry": { "type": "Point", "coordinates": [ 118.093694, 36.7537632 ] } },
{ "type": "Feature", "properties": { "osm_id": "1560_end" }, "geometry": { "type": "Point", "coordinates": [ 118.0929861, 36.7534035 ] } },
{ "type": "Feature", "properties": { "osm_id": "1561_start" }, "geometry": { "type": "Point", "coordinates": [ 118.0951912, 36.7547981 ] } },
{ "type": "Feature", "properties": { "osm_id": "1561_end" }, "geometry": { "type": "Point", "coordinates": [ 118.096252, 36.7544996 ] } },
{ "type": "Feature", "properties": { "osm_id": "1562_start" }, "geometry": { "type": "Point", "coordinates": [ 118.0962368, 36.7560105 ] } },
{ "type": "Feature", "properties": { "osm_id": "1562_end" }, "geometry": { "type": "Point", "coordinates": [ 118.0955557, 36.7554556 ] } },
{ "type": "Feature", "properties": { "osm_id": "1563_end" }, "geometry": { "type": "Point", "coordinates": [ 118.0940575, 36.7588783 ] } },
{ "type": "Feature", "properties": { "osm_id": "1564_start" }, "geometry": { "type": "Point", "coordinates": [ 118.1088095, 36.7622664 ] } },
{ "type": "Feature", "properties": { "osm_id": "1564_end" }, "geometry": { "type": "Point", "coordinates": [ 118.1060435, 36.7629156 ] } },
{ "type": "Feature", "properties": { "osm_id": "1565_start" }, "geometry": { "type": "Point", "coordinates": [ 118.094718, 36.7546941 ] } },
{ "type": "Feature", "properties": { "osm_id": "1565_end" }, "geometry": { "type": "Point", "coordinates": [ 118.0943103, 36.7553958 ] } },
{ "type": "Feature", "properties": { "osm_id": "1566_start" }, "geometry": { "type": "Point", "coordinates": [ 118.077837, 36.7406509 ] } },
{ "type": "Feature", "properties": { "osm_id": "1566_end" }, "geometry": { "type": "Point", "coordinates": [ 118.0780595, 36.7404799 ] } },
{ "type": "Feature", "properties": { "osm_id": "1567_start" }, "geometry": { "type": "Point", "coordinates": [ 118.07758, 36.7404488 ] } },
{ "type": "Feature", "properties": { "osm_id": "1567_end" }, "geometry": { "type": "Point", "coordinates": [ 118.077812, 36.7402591 ] } },
{ "type": "Feature", "properties": { "osm_id": "1568_start" }, "geometry": { "type": "Point", "coordinates": [ 118.076868, 36.7397797 ] } },
{ "type": "Feature", "properties": { "osm_id": "1568_end" }, "geometry": { "type": "Point", "coordinates": [ 118.0770508, 36.7396753 ] } },
{ "type": "Feature", "properties": { "osm_id": "1569_start" }, "geometry": { "type": "Point", "coordinates": [ 118.0766238, 36.7398385 ] } },
{ "type": "Feature", "properties": { "osm_id": "1569_end" }, "geometry": { "type": "Point", "coordinates": [ 118.0763316, 36.7400121 ] } },
{ "type": "Feature", "properties": { "osm_id": "1570_start" }, "geometry": { "type": "Point", "coordinates": [ 118.0765176, 36.7394035 ] } },
{ "type": "Feature", "properties": { "osm_id": "1570_end" }, "geometry": { "type": "Point", "coordinates": [ 118.0767146, 36.7392936 ] } },
{ "type": "Feature", "properties": { "osm_id": "1571_start" }, "geometry": { "type": "Point", "coordinates": [ 118.0759779, 36.7387566 ] } },
{ "type": "Feature", "properties": { "osm_id": "1571_end" }, "geometry": { "type": "Point", "coordinates": [ 118.0761542, 36.7386873 ] } },
{ "type": "Feature", "properties": { "osm_id": "1572_start" }, "geometry": { "type": "Point", "coordinates": [ 118.0756731, 36.7383384 ] } },
{ "type": "Feature", "properties": { "osm_id": "1572_end" }, "geometry": { "type": "Point", "coordinates": [ 118.0758506, 36.7382831 ] } },
{ "type": "Feature", "properties": { "osm_id": "1573_start" }, "geometry": { "type": "Point", "coordinates": [ 118.075425, 36.738324 ] } },
{ "type": "Feature", "properties": { "osm_id": "1573_end" }, "geometry": { "type": "Point", "coordinates": [ 118.0745103, 36.7385563 ] } },
{ "type": "Feature", "properties": { "osm_id": "1574_start" }, "geometry": { "type": "Point", "coordinates": [ 118.0758596, 36.7394979 ] } },
{ "type": "Feature", "properties": { "osm_id": "1574_end" }, "geometry": { "type": "Point", "coordinates": [ 118.0761664, 36.7393243 ] } },
{ "type": "Feature", "properties": { "osm_id": "1575_start" }, "geometry": { "type": "Point", "coordinates": [ 118.0751799, 36.7376654 ] } },
{ "type": "Feature", "properties": { "osm_id": "1575_end" }, "geometry": { "type": "Point", "coordinates": [ 118.0754531, 36.7375561 ] } },
{ "type": "Feature", "properties": { "osm_id": "1576_start" }, "geometry": { "type": "Point", "coordinates": [ 118.0736705, 36.7358646 ] } },
{ "type": "Feature", "properties": { "osm_id": "1576_end" }, "geometry": { "type": "Point", "coordinates": [ 118.0730475, 36.7362277 ] } },
{ "type": "Feature", "properties": { "osm_id": "1577_end" }, "geometry": { "type": "Point", "coordinates": [ 118.0697975, 36.7367391 ] } },
{ "type": "Feature", "properties": { "osm_id": "1578_start" }, "geometry": { "type": "Point", "coordinates": [ 118.0743417, 36.7368112 ] } },
{ "type": "Feature", "properties": { "osm_id": "1578_end" }, "geometry": { "type": "Point", "coordinates": [ 118.0734156, 36.7367295 ] } },
{ "type": "Feature", "properties": { "osm_id": "1579_start" }, "geometry": { "type": "Point", "coordinates": [ 118.0760159, 36.7361127 ] } },
{ "type": "Feature", "properties": { "osm_id": "1579_end" }, "geometry": { "type": "Point", "coordinates": [ 118.0737652, 36.7359915 ] } },
{ "type": "Feature", "properties": { "osm_id": "1580_start" }, "geometry": { "type": "Point", "coordinates": [ 118.0986365, 36.7386852 ] } },
{ "type": "Feature", "properties": { "osm_id": "1580_end" }, "geometry": { "type": "Point", "coordinates": [ 118.1045601, 36.7434214 ] } },
{ "type": "Feature", "properties": { "osm_id": "1581_start" }, "geometry": { "type": "Point", "coordinates": [ 118.0938533, 36.7342089 ] } },
{ "type": "Feature", "properties": { "osm_id": "1581_end" }, "geometry": { "type": "Point", "coordinates": [ 118.09534, 36.7443823 ] } },
{ "type": "Feature", "properties": { "osm_id": "1585_start" }, "geometry": { "type": "Point", "coordinates": [ 118.0934532, 36.8333857 ] } },
{ "type": "Feature", "properties": { "osm_id": "1585_end" }, "geometry": { "type": "Point", "coordinates": [ 118.1010252, 36.8329443 ] } },
{ "type": "Feature", "properties": { "osm_id": "1586_start" }, "geometry": { "type": "Point", "coordinates": [ 118.096496, 36.824448 ] } },
{ "type": "Feature", "properties": { "osm_id": "1586_end" }, "geometry": { "type": "Point", "coordinates": [ 118.0921303, 36.825885 ] } },
{ "type": "Feature", "properties": { "osm_id": "1588_start" }, "geometry": { "type": "Point", "coordinates": [ 118.0958556, 36.8369535 ] } },
{ "type": "Feature", "properties": { "osm_id": "1588_end" }, "geometry": { "type": "Point", "coordinates": [ 118.0870065, 36.8376991 ] } },
{ "type": "Feature", "properties": { "osm_id": "1590_start" }, "geometry": { "type": "Point", "coordinates": [ 118.0872464, 36.8212488 ] } },
{ "type": "Feature", "properties": { "osm_id": "1590_end" }, "geometry": { "type": "Point", "coordinates": [ 118.0891177, 36.8308428 ] } },
{ "type": "Feature", "properties": { "osm_id": "1601_start" }, "geometry": { "type": "Point", "coordinates": [ 117.8955773, 36.7137208 ] } },
{ "type": "Feature", "properties": { "osm_id": "1602_end" }, "geometry": { "type": "Point", "coordinates": [ 117.9061708, 36.7113518 ] } },
{ "type": "Feature", "properties": { "osm_id": "1603_start" }, "geometry": { "type": "Point", "coordinates": [ 117.9629254, 36.8016325 ] } },
{ "type": "Feature", "properties": { "osm_id": "1603_end" }, "geometry": { "type": "Point", "coordinates": [ 117.9582605, 36.8024969 ] } },
{ "type": "Feature", "properties": { "osm_id": "1604_start" }, "geometry": { "type": "Point", "coordinates": [ 117.9632271, 36.7971881 ] } },
{ "type": "Feature", "properties": { "osm_id": "1605_start" }, "geometry": { "type": "Point", "coordinates": [ 117.9583929, 36.8013987 ] } },
{ "type": "Feature", "properties": { "osm_id": "1611_start" }, "geometry": { "type": "Point", "coordinates": [ 117.8781847, 36.7186625 ] } },
{ "type": "Feature", "properties": { "osm_id": "1611_end" }, "geometry": { "type": "Point", "coordinates": [ 117.9001564, 36.7282142 ] } },
{ "type": "Feature", "properties": { "osm_id": "1612_start" }, "geometry": { "type": "Point", "coordinates": [ 117.8557088, 36.722398 ] } },
{ "type": "Feature", "properties": { "osm_id": "1612_end" }, "geometry": { "type": "Point", "coordinates": [ 117.880578, 36.7224323 ] } },
{ "type": "Feature", "properties": { "osm_id": "1613_start" }, "geometry": { "type": "Point", "coordinates": [ 117.8862263, 36.7213494 ] } },
{ "type": "Feature", "properties": { "osm_id": "1613_end" }, "geometry": { "type": "Point", "coordinates": [ 117.8891141, 36.7195414 ] } },
{ "type": "Feature", "properties": { "osm_id": "1614_start" }, "geometry": { "type": "Point", "coordinates": [ 117.8807223, 36.72271 ] } },
{ "type": "Feature", "properties": { "osm_id": "1614_end" }, "geometry": { "type": "Point", "coordinates": [ 117.8557302, 36.7226753 ] } },
{ "type": "Feature", "properties": { "osm_id": "1615_start" }, "geometry": { "type": "Point", "coordinates": [ 117.8892647, 36.719807 ] } },
{ "type": "Feature", "properties": { "osm_id": "1615_end" }, "geometry": { "type": "Point", "coordinates": [ 117.8864845, 36.7215961 ] } },
{ "type": "Feature", "properties": { "osm_id": "1616_start" }, "geometry": { "type": "Point", "coordinates": [ 117.9001555, 36.7282906 ] } },
{ "type": "Feature", "properties": { "osm_id": "1616_end" }, "geometry": { "type": "Point", "coordinates": [ 117.9621142, 36.7550918 ] } },
{ "type": "Feature", "properties": { "osm_id": "1621_start" }, "geometry": { "type": "Point", "coordinates": [ 117.9625566, 36.7552373 ] } },
{ "type": "Feature", "properties": { "osm_id": "1621_end" }, "geometry": { "type": "Point", "coordinates": [ 117.9702287, 36.7791115 ] } },
{ "type": "Feature", "properties": { "osm_id": "1641_start" }, "geometry": { "type": "Point", "coordinates": [ 117.917206, 36.8165455 ] } },
{ "type": "Feature", "properties": { "osm_id": "1641_end" }, "geometry": { "type": "Point", "coordinates": [ 117.9172967, 36.8179585 ] } },
{ "type": "Feature", "properties": { "osm_id": "1642_start" }, "geometry": { "type": "Point", "coordinates": [ 117.9254647, 36.8228752 ] } },
{ "type": "Feature", "properties": { "osm_id": "1642_end" }, "geometry": { "type": "Point", "coordinates": [ 117.9341357, 36.8224862 ] } },
{ "type": "Feature", "properties": { "osm_id": "1643_start" }, "geometry": { "type": "Point", "coordinates": [ 117.9295487, 36.8226926 ] } },
{ "type": "Feature", "properties": { "osm_id": "1643_end" }, "geometry": { "type": "Point", "coordinates": [ 117.9299748, 36.8280761 ] } },
{ "type": "Feature", "properties": { "osm_id": "1644_start" }, "geometry": { "type": "Point", "coordinates": [ 117.9110118, 36.8067418 ] } },
{ "type": "Feature", "properties": { "osm_id": "1644_end" }, "geometry": { "type": "Point", "coordinates": [ 117.9246216, 36.8079023 ] } },
{ "type": "Feature", "properties": { "osm_id": "1645_end" }, "geometry": { "type": "Point", "coordinates": [ 117.9251066, 36.8031105 ] } },
{ "type": "Feature", "properties": { "osm_id": "1654_start" }, "geometry": { "type": "Point", "coordinates": [ 117.903958, 36.7297823 ] } },
{ "type": "Feature", "properties": { "osm_id": "1654_end" }, "geometry": { "type": "Point", "coordinates": [ 117.9039562, 36.7278396 ] } },
{ "type": "Feature", "properties": { "osm_id": "1655_start" }, "geometry": { "type": "Point", "coordinates": [ 117.9041637, 36.7278206 ] } },
{ "type": "Feature", "properties": { "osm_id": "1655_end" }, "geometry": { "type": "Point", "coordinates": [ 117.9041175, 36.7298209 ] } },
{ "type": "Feature", "properties": { "osm_id": "1656_end" }, "geometry": { "type": "Point", "coordinates": [ 117.9040841, 36.7313486 ] } },
{ "type": "Feature", "properties": { "osm_id": "1657_start" }, "geometry": { "type": "Point", "coordinates": [ 117.9039401, 36.7313602 ] } },
{ "type": "Feature", "properties": { "osm_id": "1660_start" }, "geometry": { "type": "Point", "coordinates": [ 117.9099579, 36.8201978 ] } },
{ "type": "Feature", "properties": { "osm_id": "1660_end" }, "geometry": { "type": "Point", "coordinates": [ 117.9119667, 36.8200987 ] } },
{ "type": "Feature", "properties": { "osm_id": "1661_start" }, "geometry": { "type": "Point", "coordinates": [ 117.9119164, 36.8202006 ] } },
{ "type": "Feature", "properties": { "osm_id": "1661_end" }, "geometry": { "type": "Point", "coordinates": [ 117.9099267, 36.8203034 ] } },
{ "type": "Feature", "properties": { "osm_id": "1662_start" }, "geometry": { "type": "Point", "coordinates": [ 117.9176124, 36.8236584 ] } },
{ "type": "Feature", "properties": { "osm_id": "1663_start" }, "geometry": { "type": "Point", "coordinates": [ 117.9173177, 36.8183752 ] } },
{ "type": "Feature", "properties": { "osm_id": "1663_end" }, "geometry": { "type": "Point", "coordinates": [ 117.9392585, 36.8051477 ] } },
{ "type": "Feature", "properties": { "osm_id": "1664_start" }, "geometry": { "type": "Point", "coordinates": [ 117.9164857, 36.811077 ] } },
{ "type": "Feature", "properties": { "osm_id": "1668_start" }, "geometry": { "type": "Point", "coordinates": [ 117.9602794, 36.8425009 ] } },
{ "type": "Feature", "properties": { "osm_id": "1668_end" }, "geometry": { "type": "Point", "coordinates": [ 117.9685977, 36.8502877 ] } },
{ "type": "Feature", "properties": { "osm_id": "1669_start" }, "geometry": { "type": "Point", "coordinates": [ 117.9915714, 36.8582807 ] } },
{ "type": "Feature", "properties": { "osm_id": "1669_end" }, "geometry": { "type": "Point", "coordinates": [ 117.991021, 36.8492777 ] } },
{ "type": "Feature", "properties": { "osm_id": "1670_start" }, "geometry": { "type": "Point", "coordinates": [ 117.9912265, 36.8492605 ] } },
{ "type": "Feature", "properties": { "osm_id": "1670_end" }, "geometry": { "type": "Point", "coordinates": [ 117.9917154, 36.8582852 ] } },
{ "type": "Feature", "properties": { "osm_id": "1695_start" }, "geometry": { "type": "Point", "coordinates": [ 118.1291059, 36.7970158 ] } },
{ "type": "Feature", "properties": { "osm_id": "1695_end" }, "geometry": { "type": "Point", "coordinates": [ 118.1227499, 36.8023687 ] } },
{ "type": "Feature", "properties": { "osm_id": "1696_end" }, "geometry": { "type": "Point", "coordinates": [ 118.1185534, 36.7950821 ] } },
{ "type": "Feature", "properties": { "osm_id": "1697_start" }, "geometry": { "type": "Point", "coordinates": [ 118.1167676, 36.7946646 ] } },
{ "type": "Feature", "properties": { "osm_id": "1697_end" }, "geometry": { "type": "Point", "coordinates": [ 118.120664, 36.7946665 ] } },
{ "type": "Feature", "properties": { "osm_id": "1698_start" }, "geometry": { "type": "Point", "coordinates": [ 117.9941438, 36.7815357 ] } },
{ "type": "Feature", "properties": { "osm_id": "1699_start" }, "geometry": { "type": "Point", "coordinates": [ 117.9922569, 36.7619579 ] } },
{ "type": "Feature", "properties": { "osm_id": "1699_end" }, "geometry": { "type": "Point", "coordinates": [ 117.9942748, 36.7816548 ] } },
{ "type": "Feature", "properties": { "osm_id": "1709_start" }, "geometry": { "type": "Point", "coordinates": [ 118.0399874, 36.7671931 ] } },
{ "type": "Feature", "properties": { "osm_id": "1709_end" }, "geometry": { "type": "Point", "coordinates": [ 118.0378184, 36.7674005 ] } },
{ "type": "Feature", "properties": { "osm_id": "1716_end" }, "geometry": { "type": "Point", "coordinates": [ 118.0353528, 36.7734305 ] } },
{ "type": "Feature", "properties": { "osm_id": "1717_start" }, "geometry": { "type": "Point", "coordinates": [ 118.0351702, 36.7734222 ] } },
{ "type": "Feature", "properties": { "osm_id": "1717_end" }, "geometry": { "type": "Point", "coordinates": [ 118.0273011, 36.7688585 ] } },
{ "type": "Feature", "properties": { "osm_id": "1718_start" }, "geometry": { "type": "Point", "coordinates": [ 118.0273751, 36.7687018 ] } },
{ "type": "Feature", "properties": { "osm_id": "1718_end" }, "geometry": { "type": "Point", "coordinates": [ 118.0318622, 36.7662424 ] } },
{ "type": "Feature", "properties": { "osm_id": "1772_start" }, "geometry": { "type": "Point", "coordinates": [ 117.9319374, 36.8396481 ] } },
{ "type": "Feature", "properties": { "osm_id": "1772_end" }, "geometry": { "type": "Point", "coordinates": [ 117.920872, 36.8397236 ] } },
{ "type": "Feature", "properties": { "osm_id": "1773_end" }, "geometry": { "type": "Point", "coordinates": [ 117.9456004, 36.8393319 ] } },
{ "type": "Feature", "properties": { "osm_id": "1774_start" }, "geometry": { "type": "Point", "coordinates": [ 117.9456057, 36.8394513 ] } },
{ "type": "Feature", "properties": { "osm_id": "1776_end" }, "geometry": { "type": "Point", "coordinates": [ 117.9534798, 36.8391826 ] } },
{ "type": "Feature", "properties": { "osm_id": "1780_start" }, "geometry": { "type": "Point", "coordinates": [ 117.94642, 36.8426048 ] } },
{ "type": "Feature", "properties": { "osm_id": "1780_end" }, "geometry": { "type": "Point", "coordinates": [ 117.9461012, 36.8395721 ] } },
{ "type": "Feature", "properties": { "osm_id": "1781_start" }, "geometry": { "type": "Point", "coordinates": [ 117.9464605, 36.8429772 ] } },
{ "type": "Feature", "properties": { "osm_id": "1782_start" }, "geometry": { "type": "Point", "coordinates": [ 117.9479221, 36.8588135 ] } },
{ "type": "Feature", "properties": { "osm_id": "1782_end" }, "geometry": { "type": "Point", "coordinates": [ 117.9471488, 36.8498795 ] } },
{ "type": "Feature", "properties": { "osm_id": "1784_start" }, "geometry": { "type": "Point", "coordinates": [ 118.0440248, 36.8330003 ] } },
{ "type": "Feature", "properties": { "osm_id": "1784_end" }, "geometry": { "type": "Point", "coordinates": [ 118.0440274, 36.8331596 ] } },
{ "type": "Feature", "properties": { "osm_id": "1785_end" }, "geometry": { "type": "Point", "coordinates": [ 118.0441294, 36.833589 ] } },
{ "type": "Feature", "properties": { "osm_id": "1786_end" }, "geometry": { "type": "Point", "coordinates": [ 118.0439389, 36.8335911 ] } },
{ "type": "Feature", "properties": { "osm_id": "1787_end" }, "geometry": { "type": "Point", "coordinates": [ 118.0450199, 36.833121 ] } },
{ "type": "Feature", "properties": { "osm_id": "1788_start" }, "geometry": { "type": "Point", "coordinates": [ 118.0443627, 36.8336651 ] } },
{ "type": "Feature", "properties": { "osm_id": "1788_end" }, "geometry": { "type": "Point", "coordinates": [ 118.045052, 36.834525 ] } },
{ "type": "Feature", "properties": { "osm_id": "1789_start" }, "geometry": { "type": "Point", "coordinates": [ 118.0450412, 36.8340593 ] } },
{ "type": "Feature", "properties": { "osm_id": "1789_end" }, "geometry": { "type": "Point", "coordinates": [ 118.0457548, 36.8340527 ] } },
{ "type": "Feature", "properties": { "osm_id": "1790_start" }, "geometry": { "type": "Point", "coordinates": [ 118.0450359, 36.833926 ] } },
{ "type": "Feature", "properties": { "osm_id": "1790_end" }, "geometry": { "type": "Point", "coordinates": [ 118.0450285, 36.8336582 ] } },
{ "type": "Feature", "properties": { "osm_id": "1791_start" }, "geometry": { "type": "Point", "coordinates": [ 118.0450357, 36.8337865 ] } },
{ "type": "Feature", "properties": { "osm_id": "1791_end" }, "geometry": { "type": "Point", "coordinates": [ 118.0457441, 36.8337801 ] } },
{ "type": "Feature", "properties": { "osm_id": "1792_start" }, "geometry": { "type": "Point", "coordinates": [ 118.045046, 36.8341814 ] } },
{ "type": "Feature", "properties": { "osm_id": "1792_end" }, "geometry": { "type": "Point", "coordinates": [ 118.0443654, 36.8339282 ] } },
{ "type": "Feature", "properties": { "osm_id": "1793_start" }, "geometry": { "type": "Point", "coordinates": [ 118.0450497, 36.8343919 ] } },
{ "type": "Feature", "properties": { "osm_id": "1793_end" }, "geometry": { "type": "Point", "coordinates": [ 118.0457602, 36.8343897 ] } },
{ "type": "Feature", "properties": { "osm_id": "1794_start" }, "geometry": { "type": "Point", "coordinates": [ 118.0441703, 36.8339986 ] } },
{ "type": "Feature", "properties": { "osm_id": "1794_end" }, "geometry": { "type": "Point", "coordinates": [ 118.0430833, 36.8331575 ] } },
{ "type": "Feature", "properties": { "osm_id": "1795_end" }, "geometry": { "type": "Point", "coordinates": [ 118.0430916, 36.8336749 ] } },
{ "type": "Feature", "properties": { "osm_id": "1796_start" }, "geometry": { "type": "Point", "coordinates": [ 118.0436788, 36.8336695 ] } },
{ "type": "Feature", "properties": { "osm_id": "1796_end" }, "geometry": { "type": "Point", "coordinates": [ 118.0436814, 36.8339292 ] } },
{ "type": "Feature", "properties": { "osm_id": "1797_start" }, "geometry": { "type": "Point", "coordinates": [ 118.044126, 36.8333378 ] } },
{ "type": "Feature", "properties": { "osm_id": "1797_end" }, "geometry": { "type": "Point", "coordinates": [ 118.0450233, 36.8333313 ] } },
{ "type": "Feature", "properties": { "osm_id": "1798_start" }, "geometry": { "type": "Point", "coordinates": [ 118.0450258, 36.8334903 ] } },
{ "type": "Feature", "properties": { "osm_id": "1798_end" }, "geometry": { "type": "Point", "coordinates": [ 118.0452156, 36.8334881 ] } },
{ "type": "Feature", "properties": { "osm_id": "1799_start" }, "geometry": { "type": "Point", "coordinates": [ 118.0430967, 36.8345422 ] } },
{ "type": "Feature", "properties": { "osm_id": "1800_start" }, "geometry": { "type": "Point", "coordinates": [ 118.04436, 36.8345293 ] } },
{ "type": "Feature", "properties": { "osm_id": "1800_end" }, "geometry": { "type": "Point", "coordinates": [ 118.0443519, 36.83419 ] } },
{ "type": "Feature", "properties": { "osm_id": "1801_start" }, "geometry": { "type": "Point", "coordinates": [ 118.043884, 36.8340022 ] } },
{ "type": "Feature", "properties": { "osm_id": "1802_start" }, "geometry": { "type": "Point", "coordinates": [ 118.0430958, 36.8339352 ] } },
{ "type": "Feature", "properties": { "osm_id": "1802_end" }, "geometry": { "type": "Point", "coordinates": [ 118.0423698, 36.8342223 ] } },
{ "type": "Feature", "properties": { "osm_id": "1803_end" }, "geometry": { "type": "Point", "coordinates": [ 118.0423779, 36.8345486 ] } },
{ "type": "Feature", "properties": { "osm_id": "1804_start" }, "geometry": { "type": "Point", "coordinates": [ 118.0439357, 36.8333464 ] } },
{ "type": "Feature", "properties": { "osm_id": "1804_end" }, "geometry": { "type": "Point", "coordinates": [ 118.0423511, 36.8333528 ] } },
{ "type": "Feature", "properties": { "osm_id": "1805_end" }, "geometry": { "type": "Point", "coordinates": [ 118.0423618, 36.8339454 ] } },
{ "type": "Feature", "properties": { "osm_id": "1806_end" }, "geometry": { "type": "Point", "coordinates": [ 118.0423591, 36.8336749 ] } },
{ "type": "Feature", "properties": { "osm_id": "1807_start" }, "geometry": { "type": "Point", "coordinates": [ 118.0446845, 36.8329931 ] } },
{ "type": "Feature", "properties": { "osm_id": "1807_end" }, "geometry": { "type": "Point", "coordinates": [ 118.0439871, 36.8330007 ] } },
{ "type": "Feature", "properties": { "osm_id": "1808_start" }, "geometry": { "type": "Point", "coordinates": [ 118.0444297, 36.8324984 ] } },
{ "type": "Feature", "properties": { "osm_id": "1808_end" }, "geometry": { "type": "Point", "coordinates": [ 118.0446391, 36.8308302 ] } },
{ "type": "Feature", "properties": { "osm_id": "1809_start" }, "geometry": { "type": "Point", "coordinates": [ 118.0442849, 36.8324999 ] } },
{ "type": "Feature", "properties": { "osm_id": "1809_end" }, "geometry": { "type": "Point", "coordinates": [ 118.0442845, 36.8313535 ] } },
{ "type": "Feature", "properties": { "osm_id": "1810_start" }, "geometry": { "type": "Point", "coordinates": [ 118.0444204, 36.8320822 ] } },
{ "type": "Feature", "properties": { "osm_id": "1810_end" }, "geometry": { "type": "Point", "coordinates": [ 118.04441, 36.8317343 ] } },
{ "type": "Feature", "properties": { "osm_id": "1811_start" }, "geometry": { "type": "Point", "coordinates": [ 118.0442873, 36.83211 ] } },
{ "type": "Feature", "properties": { "osm_id": "1811_end" }, "geometry": { "type": "Point", "coordinates": [ 118.0442826, 36.8317534 ] } },
{ "type": "Feature", "properties": { "osm_id": "1812_start" }, "geometry": { "type": "Point", "coordinates": [ 118.0444056, 36.8313658 ] } },
{ "type": "Feature", "properties": { "osm_id": "1812_end" }, "geometry": { "type": "Point", "coordinates": [ 118.0438499, 36.8313532 ] } },
{ "type": "Feature", "properties": { "osm_id": "1813_start" }, "geometry": { "type": "Point", "coordinates": [ 118.0444727, 36.8318565 ] } },
{ "type": "Feature", "properties": { "osm_id": "1813_end" }, "geometry": { "type": "Point", "coordinates": [ 118.0447946, 36.8317761 ] } },
{ "type": "Feature", "properties": { "osm_id": "1814_start" }, "geometry": { "type": "Point", "coordinates": [ 118.0448026, 36.8320659 ] } },
{ "type": "Feature", "properties": { "osm_id": "1814_end" }, "geometry": { "type": "Point", "coordinates": [ 118.0445558, 36.8320132 ] } },
{ "type": "Feature", "properties": { "osm_id": "1815_start" }, "geometry": { "type": "Point", "coordinates": [ 118.0441002, 36.8319836 ] } },
{ "type": "Feature", "properties": { "osm_id": "1815_end" }, "geometry": { "type": "Point", "coordinates": [ 118.0438746, 36.8320755 ] } },
{ "type": "Feature", "properties": { "osm_id": "1816_start" }, "geometry": { "type": "Point", "coordinates": [ 118.0442297, 36.8318641 ] } },
{ "type": "Feature", "properties": { "osm_id": "1816_end" }, "geometry": { "type": "Point", "coordinates": [ 118.0438498, 36.8317847 ] } },
{ "type": "Feature", "properties": { "osm_id": "1817_start" }, "geometry": { "type": "Point", "coordinates": [ 118.0422438, 36.8330197 ] } },
{ "type": "Feature", "properties": { "osm_id": "1817_end" }, "geometry": { "type": "Point", "coordinates": [ 118.0417711, 36.8346238 ] } },
{ "type": "Feature", "properties": { "osm_id": "1818_start" }, "geometry": { "type": "Point", "coordinates": [ 118.0378014, 36.8337728 ] } },
{ "type": "Feature", "properties": { "osm_id": "1818_end" }, "geometry": { "type": "Point", "coordinates": [ 118.0416218, 36.8337321 ] } },
{ "type": "Feature", "properties": { "osm_id": "1819_start" }, "geometry": { "type": "Point", "coordinates": [ 118.0395626, 36.8307696 ] } },
{ "type": "Feature", "properties": { "osm_id": "1819_end" }, "geometry": { "type": "Point", "coordinates": [ 118.0394318, 36.8277641 ] } },
{ "type": "Feature", "properties": { "osm_id": "1820_start" }, "geometry": { "type": "Point", "coordinates": [ 118.05094, 36.8381766 ] } },
{ "type": "Feature", "properties": { "osm_id": "1820_end" }, "geometry": { "type": "Point", "coordinates": [ 118.051457, 36.8366937 ] } },
{ "type": "Feature", "properties": { "osm_id": "1821_start" }, "geometry": { "type": "Point", "coordinates": [ 118.0507349, 36.8373807 ] } },
{ "type": "Feature", "properties": { "osm_id": "1821_end" }, "geometry": { "type": "Point", "coordinates": [ 118.050753, 36.837452 ] } },
{ "type": "Feature", "properties": { "osm_id": "1822_start" }, "geometry": { "type": "Point", "coordinates": [ 118.0505845, 36.8377289 ] } },
{ "type": "Feature", "properties": { "osm_id": "1822_end" }, "geometry": { "type": "Point", "coordinates": [ 118.050657, 36.8379307 ] } },
{ "type": "Feature", "properties": { "osm_id": "1823_start" }, "geometry": { "type": "Point", "coordinates": [ 118.0508732, 36.8379236 ] } },
{ "type": "Feature", "properties": { "osm_id": "1823_end" }, "geometry": { "type": "Point", "coordinates": [ 118.0516016, 36.8372548 ] } },
{ "type": "Feature", "properties": { "osm_id": "1824_end" }, "geometry": { "type": "Point", "coordinates": [ 118.0493373, 36.8368338 ] } },
{ "type": "Feature", "properties": { "osm_id": "1825_start" }, "geometry": { "type": "Point", "coordinates": [ 118.0491174, 36.836544 ] } },
{ "type": "Feature", "properties": { "osm_id": "1825_end" }, "geometry": { "type": "Point", "coordinates": [ 118.0487848, 36.8372545 ] } },
{ "type": "Feature", "properties": { "osm_id": "1826_start" }, "geometry": { "type": "Point", "coordinates": [ 118.0482966, 36.8372373 ] } },
{ "type": "Feature", "properties": { "osm_id": "1826_end" }, "geometry": { "type": "Point", "coordinates": [ 118.0485917, 36.8366255 ] } },
{ "type": "Feature", "properties": { "osm_id": "1827_start" }, "geometry": { "type": "Point", "coordinates": [ 118.0477655, 36.8369776 ] } },
{ "type": "Feature", "properties": { "osm_id": "1827_end" }, "geometry": { "type": "Point", "coordinates": [ 118.0476851, 36.8370119 ] } },
{ "type": "Feature", "properties": { "osm_id": "1828_start" }, "geometry": { "type": "Point", "coordinates": [ 118.0477146, 36.8368874 ] } },
{ "type": "Feature", "properties": { "osm_id": "1828_end" }, "geometry": { "type": "Point", "coordinates": [ 118.0476287, 36.8369411 ] } },
{ "type": "Feature", "properties": { "osm_id": "1829_start" }, "geometry": { "type": "Point", "coordinates": [ 118.0477307, 36.83675 ] } },
{ "type": "Feature", "properties": { "osm_id": "1829_end" }, "geometry": { "type": "Point", "coordinates": [ 118.0471299, 36.8368982 ] } },
{ "type": "Feature", "properties": { "osm_id": "1830_start" }, "geometry": { "type": "Point", "coordinates": [ 118.0470789, 36.8366883 ] } },
{ "type": "Feature", "properties": { "osm_id": "1830_end" }, "geometry": { "type": "Point", "coordinates": [ 118.0467825, 36.8365198 ] } },
{ "type": "Feature", "properties": { "osm_id": "1831_start" }, "geometry": { "type": "Point", "coordinates": [ 118.0470534, 36.8367688 ] } },
{ "type": "Feature", "properties": { "osm_id": "1831_end" }, "geometry": { "type": "Point", "coordinates": [ 118.0465894, 36.8365166 ] } },
{ "type": "Feature", "properties": { "osm_id": "1832_start" }, "geometry": { "type": "Point", "coordinates": [ 118.047099, 36.8364221 ] } },
{ "type": "Feature", "properties": { "osm_id": "1832_end" }, "geometry": { "type": "Point", "coordinates": [ 118.0471371, 36.8378518 ] } },
{ "type": "Feature", "properties": { "osm_id": "1833_start" }, "geometry": { "type": "Point", "coordinates": [ 118.046879, 36.8382146 ] } },
{ "type": "Feature", "properties": { "osm_id": "1833_end" }, "geometry": { "type": "Point", "coordinates": [ 118.0475953, 36.8382078 ] } },
{ "type": "Feature", "properties": { "osm_id": "1834_start" }, "geometry": { "type": "Point", "coordinates": [ 118.0471392, 36.8380214 ] } },
{ "type": "Feature", "properties": { "osm_id": "1834_end" }, "geometry": { "type": "Point", "coordinates": [ 118.0473257, 36.8380225 ] } },
{ "type": "Feature", "properties": { "osm_id": "1835_start" }, "geometry": { "type": "Point", "coordinates": [ 118.0471379, 36.8377123 ] } },
{ "type": "Feature", "properties": { "osm_id": "1835_end" }, "geometry": { "type": "Point", "coordinates": [ 118.0470043, 36.8375825 ] } },
{ "type": "Feature", "properties": { "osm_id": "1836_start" }, "geometry": { "type": "Point", "coordinates": [ 118.0473216, 36.8377048 ] } },
{ "type": "Feature", "properties": { "osm_id": "1836_end" }, "geometry": { "type": "Point", "coordinates": [ 118.0493065, 36.8379468 ] } },
{ "type": "Feature", "properties": { "osm_id": "1837_start" }, "geometry": { "type": "Point", "coordinates": [ 118.0479003, 36.8377932 ] } },
{ "type": "Feature", "properties": { "osm_id": "1837_end" }, "geometry": { "type": "Point", "coordinates": [ 118.0480391, 36.8373082 ] } },
{ "type": "Feature", "properties": { "osm_id": "1838_start" }, "geometry": { "type": "Point", "coordinates": [ 118.0479238, 36.8376447 ] } },
{ "type": "Feature", "properties": { "osm_id": "1838_end" }, "geometry": { "type": "Point", "coordinates": [ 118.0476582, 36.8376897 ] } },
{ "type": "Feature", "properties": { "osm_id": "1839_start" }, "geometry": { "type": "Point", "coordinates": [ 118.0475653, 36.8367076 ] } },
{ "type": "Feature", "properties": { "osm_id": "1839_end" }, "geometry": { "type": "Point", "coordinates": [ 118.0473243, 36.8364157 ] } },
{ "type": "Feature", "properties": { "osm_id": "1840_start" }, "geometry": { "type": "Point", "coordinates": [ 118.0471781, 36.8363255 ] } },
{ "type": "Feature", "properties": { "osm_id": "1840_end" }, "geometry": { "type": "Point", "coordinates": [ 118.047166, 36.8360702 ] } },
{ "type": "Feature", "properties": { "osm_id": "1841_start" }, "geometry": { "type": "Point", "coordinates": [ 118.0451554, 36.8366684 ] } },
{ "type": "Feature", "properties": { "osm_id": "1841_end" }, "geometry": { "type": "Point", "coordinates": [ 118.0466618, 36.8373157 ] } },
{ "type": "Feature", "properties": { "osm_id": "1842_start" }, "geometry": { "type": "Point", "coordinates": [ 118.0450592, 36.8369126 ] } },
{ "type": "Feature", "properties": { "osm_id": "1842_end" }, "geometry": { "type": "Point", "coordinates": [ 118.0450713, 36.8371939 ] } },
{ "type": "Feature", "properties": { "osm_id": "1843_start" }, "geometry": { "type": "Point", "coordinates": [ 118.0448299, 36.8370581 ] } },
{ "type": "Feature", "properties": { "osm_id": "1843_end" }, "geometry": { "type": "Point", "coordinates": [ 118.0439617, 36.8370821 ] } },
{ "type": "Feature", "properties": { "osm_id": "1844_start" }, "geometry": { "type": "Point", "coordinates": [ 118.0452188, 36.8374708 ] } },
{ "type": "Feature", "properties": { "osm_id": "1844_end" }, "geometry": { "type": "Point", "coordinates": [ 118.0450981, 36.837599 ] } },
{ "type": "Feature", "properties": { "osm_id": "1845_start" }, "geometry": { "type": "Point", "coordinates": [ 118.0499435, 36.8370141 ] } },
{ "type": "Feature", "properties": { "osm_id": "1845_end" }, "geometry": { "type": "Point", "coordinates": [ 118.0496724, 36.8375046 ] } },
{ "type": "Feature", "properties": { "osm_id": "1846_start" }, "geometry": { "type": "Point", "coordinates": [ 118.0496662, 36.8373391 ] } },
{ "type": "Feature", "properties": { "osm_id": "1846_end" }, "geometry": { "type": "Point", "coordinates": [ 118.049189, 36.8372408 ] } },
{ "type": "Feature", "properties": { "osm_id": "1847_end" }, "geometry": { "type": "Point", "coordinates": [ 118.0507186, 36.8373168 ] } },
{ "type": "Feature", "properties": { "osm_id": "1848_start" }, "geometry": { "type": "Point", "coordinates": [ 118.0502251, 36.8374735 ] } },
{ "type": "Feature", "properties": { "osm_id": "1848_end" }, "geometry": { "type": "Point", "coordinates": [ 118.0506358, 36.8369921 ] } },
{ "type": "Feature", "properties": { "osm_id": "1849_start" }, "geometry": { "type": "Point", "coordinates": [ 118.0498633, 36.8376883 ] } },
{ "type": "Feature", "properties": { "osm_id": "1849_end" }, "geometry": { "type": "Point", "coordinates": [ 118.0496443, 36.8380743 ] } },
{ "type": "Feature", "properties": { "osm_id": "1850_start" }, "geometry": { "type": "Point", "coordinates": [ 118.0489712, 36.8380853 ] } },
{ "type": "Feature", "properties": { "osm_id": "1850_end" }, "geometry": { "type": "Point", "coordinates": [ 118.0489739, 36.8379502 ] } },
{ "type": "Feature", "properties": { "osm_id": "1851_end" }, "geometry": { "type": "Point", "coordinates": [ 118.0489336, 36.8385543 ] } },
{ "type": "Feature", "properties": { "osm_id": "1852_start" }, "geometry": { "type": "Point", "coordinates": [ 118.0451419, 36.8367026 ] } },
{ "type": "Feature", "properties": { "osm_id": "1852_end" }, "geometry": { "type": "Point", "coordinates": [ 118.0439295, 36.8367097 ] } },
{ "type": "Feature", "properties": { "osm_id": "1853_start" }, "geometry": { "type": "Point", "coordinates": [ 118.0458149, 36.8364103 ] } },
{ "type": "Feature", "properties": { "osm_id": "1853_end" }, "geometry": { "type": "Point", "coordinates": [ 118.0457846, 36.8361078 ] } },
{ "type": "Feature", "properties": { "osm_id": "1854_start" }, "geometry": { "type": "Point", "coordinates": [ 118.0507833, 36.8375709 ] } },
{ "type": "Feature", "properties": { "osm_id": "1854_end" }, "geometry": { "type": "Point", "coordinates": [ 118.050682, 36.8371733 ] } },
{ "type": "Feature", "properties": { "osm_id": "1855_start" }, "geometry": { "type": "Point", "coordinates": [ 118.0511424, 36.8373382 ] } },
{ "type": "Feature", "properties": { "osm_id": "1855_end" }, "geometry": { "type": "Point", "coordinates": [ 118.0510265, 36.8373555 ] } },
{ "type": "Feature", "properties": { "osm_id": "1856_end" }, "geometry": { "type": "Point", "coordinates": [ 118.0483462, 36.8379567 ] } },
{ "type": "Feature", "properties": { "osm_id": "1857_start" }, "geometry": { "type": "Point", "coordinates": [ 118.0425684, 36.8330162 ] } },
{ "type": "Feature", "properties": { "osm_id": "1857_end" }, "geometry": { "type": "Point", "coordinates": [ 118.0436414, 36.8314025 ] } },
{ "type": "Feature", "properties": { "osm_id": "1858_start" }, "geometry": { "type": "Point", "coordinates": [ 118.0436359, 36.8308346 ] } },
{ "type": "Feature", "properties": { "osm_id": "1858_end" }, "geometry": { "type": "Point", "coordinates": [ 118.0425657, 36.8322011 ] } },
{ "type": "Feature", "properties": { "osm_id": "1859_start" }, "geometry": { "type": "Point", "coordinates": [ 118.0436521, 36.8320981 ] } },
{ "type": "Feature", "properties": { "osm_id": "1859_end" }, "geometry": { "type": "Point", "coordinates": [ 118.0425672, 36.8326552 ] } },
{ "type": "Feature", "properties": { "osm_id": "1860_end" }, "geometry": { "type": "Point", "coordinates": [ 118.0425631, 36.8314068 ] } },
{ "type": "Feature", "properties": { "osm_id": "1861_end" }, "geometry": { "type": "Point", "coordinates": [ 118.0417378, 36.8322187 ] } },
{ "type": "Feature", "properties": { "osm_id": "1862_start" }, "geometry": { "type": "Point", "coordinates": [ 118.0425643, 36.8317771 ] } },
{ "type": "Feature", "properties": { "osm_id": "1862_end" }, "geometry": { "type": "Point", "coordinates": [ 118.0418819, 36.8317206 ] } },
{ "type": "Feature", "properties": { "osm_id": "1863_start" }, "geometry": { "type": "Point", "coordinates": [ 118.043645, 36.8317727 ] } },
{ "type": "Feature", "properties": { "osm_id": "1864_start" }, "geometry": { "type": "Point", "coordinates": [ 118.0448992, 36.8308291 ] } },
{ "type": "Feature", "properties": { "osm_id": "1864_end" }, "geometry": { "type": "Point", "coordinates": [ 118.0449055, 36.831249 ] } },
{ "type": "Feature", "properties": { "osm_id": "1865_start" }, "geometry": { "type": "Point", "coordinates": [ 118.0461732, 36.8313016 ] } },
{ "type": "Feature", "properties": { "osm_id": "1865_end" }, "geometry": { "type": "Point", "coordinates": [ 118.0468183, 36.8312983 ] } },
{ "type": "Feature", "properties": { "osm_id": "1866_start" }, "geometry": { "type": "Point", "coordinates": [ 118.0461645, 36.831629 ] } },
{ "type": "Feature", "properties": { "osm_id": "1866_end" }, "geometry": { "type": "Point", "coordinates": [ 118.0471289, 36.831622 ] } },
{ "type": "Feature", "properties": { "osm_id": "1867_start" }, "geometry": { "type": "Point", "coordinates": [ 118.0461652, 36.8317557 ] } },
{ "type": "Feature", "properties": { "osm_id": "1867_end" }, "geometry": { "type": "Point", "coordinates": [ 118.0449046, 36.8317299 ] } },
{ "type": "Feature", "properties": { "osm_id": "1868_start" }, "geometry": { "type": "Point", "coordinates": [ 118.0449115, 36.8320818 ] } },
{ "type": "Feature", "properties": { "osm_id": "1868_end" }, "geometry": { "type": "Point", "coordinates": [ 118.0460821, 36.8320755 ] } },
{ "type": "Feature", "properties": { "osm_id": "1869_start" }, "geometry": { "type": "Point", "coordinates": [ 118.0461043, 36.8319898 ] } },
{ "type": "Feature", "properties": { "osm_id": "1869_end" }, "geometry": { "type": "Point", "coordinates": [ 118.0467714, 36.8319854 ] } },
{ "type": "Feature", "properties": { "osm_id": "1870_start" }, "geometry": { "type": "Point", "coordinates": [ 118.0460896, 36.8321978 ] } },
{ "type": "Feature", "properties": { "osm_id": "1870_end" }, "geometry": { "type": "Point", "coordinates": [ 118.046766, 36.8321936 ] } },
{ "type": "Feature", "properties": { "osm_id": "1871_start" }, "geometry": { "type": "Point", "coordinates": [ 118.0466611, 36.8308746 ] } },
{ "type": "Feature", "properties": { "osm_id": "1871_end" }, "geometry": { "type": "Point", "coordinates": [ 118.0471657, 36.8282444 ] } },
{ "type": "Feature", "properties": { "osm_id": "1872_start" }, "geometry": { "type": "Point", "coordinates": [ 118.0450413, 36.8308285 ] } },
{ "type": "Feature", "properties": { "osm_id": "1872_end" }, "geometry": { "type": "Point", "coordinates": [ 118.0450386, 36.8301682 ] } },
{ "type": "Feature", "properties": { "osm_id": "1873_start" }, "geometry": { "type": "Point", "coordinates": [ 118.0446314, 36.8317809 ] } },
{ "type": "Feature", "properties": { "osm_id": "1873_end" }, "geometry": { "type": "Point", "coordinates": [ 118.0445102, 36.8313499 ] } },
{ "type": "Feature", "properties": { "osm_id": "1874_start" }, "geometry": { "type": "Point", "coordinates": [ 118.0446282, 36.8316614 ] } },
{ "type": "Feature", "properties": { "osm_id": "1874_end" }, "geometry": { "type": "Point", "coordinates": [ 118.0446283, 36.8314704 ] } },
{ "type": "Feature", "properties": { "osm_id": "1875_start" }, "geometry": { "type": "Point", "coordinates": [ 118.0447141, 36.8315541 ] } },
{ "type": "Feature", "properties": { "osm_id": "1875_end" }, "geometry": { "type": "Point", "coordinates": [ 118.0447731, 36.8315841 ] } },
{ "type": "Feature", "properties": { "osm_id": "1876_start" }, "geometry": { "type": "Point", "coordinates": [ 118.0441359, 36.8318102 ] } },
{ "type": "Feature", "properties": { "osm_id": "1876_end" }, "geometry": { "type": "Point", "coordinates": [ 118.0439281, 36.8313605 ] } },
{ "type": "Feature", "properties": { "osm_id": "1877_start" }, "geometry": { "type": "Point", "coordinates": [ 118.0440704, 36.8316652 ] } },
{ "type": "Feature", "properties": { "osm_id": "1877_end" }, "geometry": { "type": "Point", "coordinates": [ 118.0440594, 36.8314339 ] } },
{ "type": "Feature", "properties": { "osm_id": "1878_start" }, "geometry": { "type": "Point", "coordinates": [ 118.0439794, 36.8325029 ] } },
{ "type": "Feature", "properties": { "osm_id": "1878_end" }, "geometry": { "type": "Point", "coordinates": [ 118.0439255, 36.8313931 ] } },
{ "type": "Feature", "properties": { "osm_id": "1879_start" }, "geometry": { "type": "Point", "coordinates": [ 118.0446767, 36.832496 ] } },
{ "type": "Feature", "properties": { "osm_id": "1879_end" }, "geometry": { "type": "Point", "coordinates": [ 118.0444214, 36.8321445 ] } },
{ "type": "Feature", "properties": { "osm_id": "1880_start" }, "geometry": { "type": "Point", "coordinates": [ 118.044639, 36.8323914 ] } },
{ "type": "Feature", "properties": { "osm_id": "1880_end" }, "geometry": { "type": "Point", "coordinates": [ 118.0444246, 36.8322775 ] } },
{ "type": "Feature", "properties": { "osm_id": "1881_end" }, "geometry": { "type": "Point", "coordinates": [ 118.0447275, 36.8313391 ] } },
{ "type": "Feature", "properties": { "osm_id": "1882_start" }, "geometry": { "type": "Point", "coordinates": [ 118.0442855, 36.8324108 ] } },
{ "type": "Feature", "properties": { "osm_id": "1882_end" }, "geometry": { "type": "Point", "coordinates": [ 118.044183, 36.8324085 ] } },
{ "type": "Feature", "properties": { "osm_id": "1883_start" }, "geometry": { "type": "Point", "coordinates": [ 118.043952, 36.8323548 ] } },
{ "type": "Feature", "properties": { "osm_id": "1883_end" }, "geometry": { "type": "Point", "coordinates": [ 118.0438464, 36.8323549 ] } },
{ "type": "Feature", "properties": { "osm_id": "1884_start" }, "geometry": { "type": "Point", "coordinates": [ 118.0441899, 36.8315266 ] } },
{ "type": "Feature", "properties": { "osm_id": "1884_end" }, "geometry": { "type": "Point", "coordinates": [ 118.0442823, 36.831528 ] } },
{ "type": "Feature", "properties": { "osm_id": "1885_start" }, "geometry": { "type": "Point", "coordinates": [ 118.0445446, 36.8315757 ] } },
{ "type": "Feature", "properties": { "osm_id": "1885_end" }, "geometry": { "type": "Point", "coordinates": [ 118.0444082, 36.8315778 ] } },
{ "type": "Feature", "properties": { "osm_id": "1886_start" }, "geometry": { "type": "Point", "coordinates": [ 118.0445638, 36.8319231 ] } },
{ "type": "Feature", "properties": { "osm_id": "1886_end" }, "geometry": { "type": "Point", "coordinates": [ 118.0447982, 36.8319188 ] } },
{ "type": "Feature", "properties": { "osm_id": "1887_end" }, "geometry": { "type": "Point", "coordinates": [ 118.0444941, 36.831908 ] } },
{ "type": "Feature", "properties": { "osm_id": "1888_start" }, "geometry": { "type": "Point", "coordinates": [ 118.0441842, 36.831918 ] } },
{ "type": "Feature", "properties": { "osm_id": "1888_end" }, "geometry": { "type": "Point", "coordinates": [ 118.0438497, 36.8319233 ] } },
{ "type": "Feature", "properties": { "osm_id": "1889_start" }, "geometry": { "type": "Point", "coordinates": [ 118.0481097, 36.8320244 ] } },
{ "type": "Feature", "properties": { "osm_id": "1889_end" }, "geometry": { "type": "Point", "coordinates": [ 118.0472702, 36.833762 ] } },
{ "type": "Feature", "properties": { "osm_id": "1890_start" }, "geometry": { "type": "Point", "coordinates": [ 118.04813, 36.8324943 ] } },
{ "type": "Feature", "properties": { "osm_id": "1891_start" }, "geometry": { "type": "Point", "coordinates": [ 118.0481151, 36.8337471 ] } },
{ "type": "Feature", "properties": { "osm_id": "1891_end" }, "geometry": { "type": "Point", "coordinates": [ 118.0477638, 36.8353389 ] } },
{ "type": "Feature", "properties": { "osm_id": "1892_end" }, "geometry": { "type": "Point", "coordinates": [ 118.0459047, 36.8340894 ] } },
{ "type": "Feature", "properties": { "osm_id": "1893_start" }, "geometry": { "type": "Point", "coordinates": [ 118.0394837, 36.8307699 ] } },
{ "type": "Feature", "properties": { "osm_id": "1893_end" }, "geometry": { "type": "Point", "coordinates": [ 118.039497, 36.8337559 ] } },
{ "type": "Feature", "properties": { "osm_id": "1894_start" }, "geometry": { "type": "Point", "coordinates": [ 118.0434925, 36.8298578 ] } },
{ "type": "Feature", "properties": { "osm_id": "1894_end" }, "geometry": { "type": "Point", "coordinates": [ 118.0412622, 36.8298921 ] } },
{ "type": "Feature", "properties": { "osm_id": "1895_start" }, "geometry": { "type": "Point", "coordinates": [ 118.0423891, 36.8298697 ] } },
{ "type": "Feature", "properties": { "osm_id": "1895_end" }, "geometry": { "type": "Point", "coordinates": [ 118.0423919, 36.8305555 ] } },
{ "type": "Feature", "properties": { "osm_id": "1896_end" }, "geometry": { "type": "Point", "coordinates": [ 118.0424101, 36.8292179 ] } },
{ "type": "Feature", "properties": { "osm_id": "1897_start" }, "geometry": { "type": "Point", "coordinates": [ 118.0434962, 36.8292137 ] } },
{ "type": "Feature", "properties": { "osm_id": "1897_end" }, "geometry": { "type": "Point", "coordinates": [ 118.0395773, 36.8292003 ] } },
{ "type": "Feature", "properties": { "osm_id": "1898_start" }, "geometry": { "type": "Point", "coordinates": [ 118.0412595, 36.8292137 ] } },
{ "type": "Feature", "properties": { "osm_id": "1898_end" }, "geometry": { "type": "Point", "coordinates": [ 118.0412356, 36.8310342 ] } },
{ "type": "Feature", "properties": { "osm_id": "1899_start" }, "geometry": { "type": "Point", "coordinates": [ 118.0421232, 36.829219 ] } },
{ "type": "Feature", "properties": { "osm_id": "1899_end" }, "geometry": { "type": "Point", "coordinates": [ 118.0421232, 36.8288809 ] } },
{ "type": "Feature", "properties": { "osm_id": "1900_start" }, "geometry": { "type": "Point", "coordinates": [ 118.0423431, 36.8287177 ] } },
{ "type": "Feature", "properties": { "osm_id": "1900_end" }, "geometry": { "type": "Point", "coordinates": [ 118.0432895, 36.8287079 ] } },
{ "type": "Feature", "properties": { "osm_id": "1901_start" }, "geometry": { "type": "Point", "coordinates": [ 118.0419194, 36.8287607 ] } },
{ "type": "Feature", "properties": { "osm_id": "1901_end" }, "geometry": { "type": "Point", "coordinates": [ 118.0409833, 36.8287693 ] } },
{ "type": "Feature", "properties": { "osm_id": "1902_start" }, "geometry": { "type": "Point", "coordinates": [ 118.0522363, 36.8325983 ] } },
{ "type": "Feature", "properties": { "osm_id": "1902_end" }, "geometry": { "type": "Point", "coordinates": [ 118.0529168, 36.8357262 ] } },
{ "type": "Feature", "properties": { "osm_id": "1903_start" }, "geometry": { "type": "Point", "coordinates": [ 118.0546169, 36.832273 ] } },
{ "type": "Feature", "properties": { "osm_id": "1903_end" }, "geometry": { "type": "Point", "coordinates": [ 118.0554597, 36.8356558 ] } },
{ "type": "Feature", "properties": { "osm_id": "1904_start" }, "geometry": { "type": "Point", "coordinates": [ 118.0425357, 36.8202854 ] } },
{ "type": "Feature", "properties": { "osm_id": "1904_end" }, "geometry": { "type": "Point", "coordinates": [ 118.0429012, 36.8220354 ] } },
{ "type": "Feature", "properties": { "osm_id": "1905_start" }, "geometry": { "type": "Point", "coordinates": [ 118.0407222, 36.8203808 ] } },
{ "type": "Feature", "properties": { "osm_id": "1905_end" }, "geometry": { "type": "Point", "coordinates": [ 118.0408412, 36.8220618 ] } },
{ "type": "Feature", "properties": { "osm_id": "1906_start" }, "geometry": { "type": "Point", "coordinates": [ 118.0377435, 36.8349254 ] } },
{ "type": "Feature", "properties": { "osm_id": "1906_end" }, "geometry": { "type": "Point", "coordinates": [ 118.0387436, 36.8355951 ] } },
{ "type": "Feature", "properties": { "osm_id": "1907_start" }, "geometry": { "type": "Point", "coordinates": [ 118.0381213, 36.8349253 ] } },
{ "type": "Feature", "properties": { "osm_id": "1907_end" }, "geometry": { "type": "Point", "coordinates": [ 118.0386925, 36.8337649 ] } },
{ "type": "Feature", "properties": { "osm_id": "1908_start" }, "geometry": { "type": "Point", "coordinates": [ 118.0400947, 36.8360899 ] } },
{ "type": "Feature", "properties": { "osm_id": "1908_end" }, "geometry": { "type": "Point", "coordinates": [ 118.0397012, 36.8346119 ] } },
{ "type": "Feature", "properties": { "osm_id": "1909_start" }, "geometry": { "type": "Point", "coordinates": [ 118.0400243, 36.8354432 ] } },
{ "type": "Feature", "properties": { "osm_id": "1909_end" }, "geometry": { "type": "Point", "coordinates": [ 118.0405434, 36.8341439 ] } },
{ "type": "Feature", "properties": { "osm_id": "1910_start" }, "geometry": { "type": "Point", "coordinates": [ 118.0400257, 36.8341589 ] } },
{ "type": "Feature", "properties": { "osm_id": "1910_end" }, "geometry": { "type": "Point", "coordinates": [ 118.0410959, 36.8340967 ] } },
{ "type": "Feature", "properties": { "osm_id": "1911_start" }, "geometry": { "type": "Point", "coordinates": [ 118.0504031, 36.8326042 ] } },
{ "type": "Feature", "properties": { "osm_id": "1911_end" }, "geometry": { "type": "Point", "coordinates": [ 118.0492525, 36.8330147 ] } },
{ "type": "Feature", "properties": { "osm_id": "1912_start" }, "geometry": { "type": "Point", "coordinates": [ 118.0483914, 36.8342999 ] } },
{ "type": "Feature", "properties": { "osm_id": "1912_end" }, "geometry": { "type": "Point", "coordinates": [ 118.0477628, 36.835099 ] } },
{ "type": "Feature", "properties": { "osm_id": "1913_start" }, "geometry": { "type": "Point", "coordinates": [ 118.0484983, 36.8350926 ] } },
{ "type": "Feature", "properties": { "osm_id": "1913_end" }, "geometry": { "type": "Point", "coordinates": [ 118.0496195, 36.8350453 ] } },
{ "type": "Feature", "properties": { "osm_id": "1914_start" }, "geometry": { "type": "Point", "coordinates": [ 118.0477606, 36.8346997 ] } },
{ "type": "Feature", "properties": { "osm_id": "1914_end" }, "geometry": { "type": "Point", "coordinates": [ 118.0495122, 36.8346847 ] } },
{ "type": "Feature", "properties": { "osm_id": "1915_start" }, "geometry": { "type": "Point", "coordinates": [ 118.0485198, 36.8343562 ] } },
{ "type": "Feature", "properties": { "osm_id": "1915_end" }, "geometry": { "type": "Point", "coordinates": [ 118.0494183, 36.8343498 ] } },
{ "type": "Feature", "properties": { "osm_id": "1916_end" }, "geometry": { "type": "Point", "coordinates": [ 118.0489784, 36.8324885 ] } },
{ "type": "Feature", "properties": { "osm_id": "1917_start" }, "geometry": { "type": "Point", "coordinates": [ 118.0461031, 36.8340875 ] } },
{ "type": "Feature", "properties": { "osm_id": "1917_end" }, "geometry": { "type": "Point", "coordinates": [ 118.0472713, 36.833154 ] } },
{ "type": "Feature", "properties": { "osm_id": "1918_end" }, "geometry": { "type": "Point", "coordinates": [ 118.0461246, 36.8353545 ] } },
{ "type": "Feature", "properties": { "osm_id": "1921_start" }, "geometry": { "type": "Point", "coordinates": [ 118.0393721, 36.8326227 ] } },
{ "type": "Feature", "properties": { "osm_id": "1921_end" }, "geometry": { "type": "Point", "coordinates": [ 118.039525, 36.8324767 ] } },
{ "type": "Feature", "properties": { "osm_id": "1922_start" }, "geometry": { "type": "Point", "coordinates": [ 118.0394365, 36.8324875 ] } },
{ "type": "Feature", "properties": { "osm_id": "1922_end" }, "geometry": { "type": "Point", "coordinates": [ 118.0393131, 36.8320839 ] } },
{ "type": "Feature", "properties": { "osm_id": "1923_start" }, "geometry": { "type": "Point", "coordinates": [ 118.0396725, 36.8320924 ] } },
{ "type": "Feature", "properties": { "osm_id": "1923_end" }, "geometry": { "type": "Point", "coordinates": [ 118.0400158, 36.8321654 ] } },
{ "type": "Feature", "properties": { "osm_id": "1924_start" }, "geometry": { "type": "Point", "coordinates": [ 118.0397557, 36.8319722 ] } },
{ "type": "Feature", "properties": { "osm_id": "1924_end" }, "geometry": { "type": "Point", "coordinates": [ 118.0401111, 36.8323168 ] } },
{ "type": "Feature", "properties": { "osm_id": "1925_start" }, "geometry": { "type": "Point", "coordinates": [ 118.0397318, 36.832489 ] } },
{ "type": "Feature", "properties": { "osm_id": "1925_end" }, "geometry": { "type": "Point", "coordinates": [ 118.0398683, 36.8322363 ] } },
{ "type": "Feature", "properties": { "osm_id": "1926_start" }, "geometry": { "type": "Point", "coordinates": [ 118.039703, 36.8324724 ] } },
{ "type": "Feature", "properties": { "osm_id": "1926_end" }, "geometry": { "type": "Point", "coordinates": [ 118.0397771, 36.8322084 ] } },
{ "type": "Feature", "properties": { "osm_id": "1927_end" }, "geometry": { "type": "Point", "coordinates": [ 118.0394921, 36.8331047 ] } },
{ "type": "Feature", "properties": { "osm_id": "1928_start" }, "geometry": { "type": "Point", "coordinates": [ 118.039495, 36.8334975 ] } },
{ "type": "Feature", "properties": { "osm_id": "1928_end" }, "geometry": { "type": "Point", "coordinates": [ 118.0413932, 36.8334482 ] } },
{ "type": "Feature", "properties": { "osm_id": "1929_start" }, "geometry": { "type": "Point", "coordinates": [ 118.0405537, 36.83347 ] } },
{ "type": "Feature", "properties": { "osm_id": "1929_end" }, "geometry": { "type": "Point", "coordinates": [ 118.04061, 36.8331084 ] } },
{ "type": "Feature", "properties": { "osm_id": "1930_start" }, "geometry": { "type": "Point", "coordinates": [ 118.0405375, 36.8331082 ] } },
{ "type": "Feature", "properties": { "osm_id": "1930_end" }, "geometry": { "type": "Point", "coordinates": [ 118.0393953, 36.8328325 ] } },
{ "type": "Feature", "properties": { "osm_id": "1931_start" }, "geometry": { "type": "Point", "coordinates": [ 118.0405564, 36.8329804 ] } },
{ "type": "Feature", "properties": { "osm_id": "1931_end" }, "geometry": { "type": "Point", "coordinates": [ 118.0414495, 36.833036 ] } },
{ "type": "Feature", "properties": { "osm_id": "1932_start" }, "geometry": { "type": "Point", "coordinates": [ 118.0405885, 36.8327633 ] } },
{ "type": "Feature", "properties": { "osm_id": "1932_end" }, "geometry": { "type": "Point", "coordinates": [ 118.0414575, 36.8327569 ] } },
{ "type": "Feature", "properties": { "osm_id": "1933_start" }, "geometry": { "type": "Point", "coordinates": [ 118.0395263, 36.832774 ] } },
{ "type": "Feature", "properties": { "osm_id": "1933_end" }, "geometry": { "type": "Point", "coordinates": [ 118.0414119, 36.8326259 ] } },
{ "type": "Feature", "properties": { "osm_id": "1934_start" }, "geometry": { "type": "Point", "coordinates": [ 118.0398683, 36.8326377 ] } },
{ "type": "Feature", "properties": { "osm_id": "1934_end" }, "geometry": { "type": "Point", "coordinates": [ 118.0392933, 36.8327056 ] } },
{ "type": "Feature", "properties": { "osm_id": "1935_start" }, "geometry": { "type": "Point", "coordinates": [ 118.0395756, 36.8327543 ] } },
{ "type": "Feature", "properties": { "osm_id": "1935_end" }, "geometry": { "type": "Point", "coordinates": [ 118.0394325, 36.8326173 ] } },
{ "type": "Feature", "properties": { "osm_id": "1936_start" }, "geometry": { "type": "Point", "coordinates": [ 118.0383408, 36.8311553 ] } },
{ "type": "Feature", "properties": { "osm_id": "1936_end" }, "geometry": { "type": "Point", "coordinates": [ 118.0394856, 36.8311468 ] } },
{ "type": "Feature", "properties": { "osm_id": "1937_start" }, "geometry": { "type": "Point", "coordinates": [ 118.0394819, 36.8314108 ] } },
{ "type": "Feature", "properties": { "osm_id": "1937_end" }, "geometry": { "type": "Point", "coordinates": [ 118.0382818, 36.8314194 ] } },
{ "type": "Feature", "properties": { "osm_id": "1938_start" }, "geometry": { "type": "Point", "coordinates": [ 118.0390571, 36.8324029 ] } },
{ "type": "Feature", "properties": { "osm_id": "1938_end" }, "geometry": { "type": "Point", "coordinates": [ 118.0382737, 36.8324112 ] } },
{ "type": "Feature", "properties": { "osm_id": "1939_start" }, "geometry": { "type": "Point", "coordinates": [ 118.0391289, 36.8320969 ] } },
{ "type": "Feature", "properties": { "osm_id": "1939_end" }, "geometry": { "type": "Point", "coordinates": [ 118.0382845, 36.8321021 ] } },
{ "type": "Feature", "properties": { "osm_id": "1940_start" }, "geometry": { "type": "Point", "coordinates": [ 118.039393, 36.8317798 ] } },
{ "type": "Feature", "properties": { "osm_id": "1940_end" }, "geometry": { "type": "Point", "coordinates": [ 118.0382952, 36.8317779 ] } },
{ "type": "Feature", "properties": { "osm_id": "1941_start" }, "geometry": { "type": "Point", "coordinates": [ 118.0393736, 36.8328056 ] } },
{ "type": "Feature", "properties": { "osm_id": "1941_end" }, "geometry": { "type": "Point", "coordinates": [ 118.0381986, 36.8328106 ] } },
{ "type": "Feature", "properties": { "osm_id": "1942_end" }, "geometry": { "type": "Point", "coordinates": [ 118.0382094, 36.8330982 ] } },
{ "type": "Feature", "properties": { "osm_id": "1943_end" }, "geometry": { "type": "Point", "coordinates": [ 118.0381772, 36.8334868 ] } },
{ "type": "Feature", "properties": { "osm_id": "1944_start" }, "geometry": { "type": "Point", "coordinates": [ 118.0435008, 36.8284009 ] } },
{ "type": "Feature", "properties": { "osm_id": "1944_end" }, "geometry": { "type": "Point", "coordinates": [ 118.0407065, 36.8281604 ] } },
{ "type": "Feature", "properties": { "osm_id": "1945_start" }, "geometry": { "type": "Point", "coordinates": [ 118.0431527, 36.8284054 ] } },
{ "type": "Feature", "properties": { "osm_id": "1945_end" }, "geometry": { "type": "Point", "coordinates": [ 118.0431554, 36.8281454 ] } },
{ "type": "Feature", "properties": { "osm_id": "1946_start" }, "geometry": { "type": "Point", "coordinates": [ 118.0431543, 36.8282506 ] } },
{ "type": "Feature", "properties": { "osm_id": "1946_end" }, "geometry": { "type": "Point", "coordinates": [ 118.0427825, 36.8282463 ] } },
{ "type": "Feature", "properties": { "osm_id": "1947_start" }, "geometry": { "type": "Point", "coordinates": [ 118.0420154, 36.8281669 ] } },
{ "type": "Feature", "properties": { "osm_id": "1947_end" }, "geometry": { "type": "Point", "coordinates": [ 118.0420181, 36.8280166 ] } },
{ "type": "Feature", "properties": { "osm_id": "1950_start" }, "geometry": { "type": "Point", "coordinates": [ 118.041268, 36.8303224 ] } },
{ "type": "Feature", "properties": { "osm_id": "1950_end" }, "geometry": { "type": "Point", "coordinates": [ 118.0395273, 36.830372 ] } },
{ "type": "Feature", "properties": { "osm_id": "1951_start" }, "geometry": { "type": "Point", "coordinates": [ 118.0404631, 36.8307699 ] } },
{ "type": "Feature", "properties": { "osm_id": "1951_end" }, "geometry": { "type": "Point", "coordinates": [ 118.039465, 36.8296699 ] } },
{ "type": "Feature", "properties": { "osm_id": "1952_start" }, "geometry": { "type": "Point", "coordinates": [ 118.0405752, 36.8296368 ] } },
{ "type": "Feature", "properties": { "osm_id": "1952_end" }, "geometry": { "type": "Point", "coordinates": [ 118.0405617, 36.8293047 ] } },
{ "type": "Feature", "properties": { "osm_id": "1953_start" }, "geometry": { "type": "Point", "coordinates": [ 118.0412598, 36.829294 ] } },
{ "type": "Feature", "properties": { "osm_id": "1953_end" }, "geometry": { "type": "Point", "coordinates": [ 118.0394537, 36.8293184 ] } },
{ "type": "Feature", "properties": { "osm_id": "1954_start" }, "geometry": { "type": "Point", "coordinates": [ 118.0412633, 36.8299724 ] } },
{ "type": "Feature", "properties": { "osm_id": "1954_end" }, "geometry": { "type": "Point", "coordinates": [ 118.0394968, 36.8300281 ] } },
{ "type": "Feature", "properties": { "osm_id": "1955_start" }, "geometry": { "type": "Point", "coordinates": [ 118.0405713, 36.829541 ] } },
{ "type": "Feature", "properties": { "osm_id": "1955_end" }, "geometry": { "type": "Point", "coordinates": [ 118.0412608, 36.8295344 ] } },
{ "type": "Feature", "properties": { "osm_id": "1956_start" }, "geometry": { "type": "Point", "coordinates": [ 118.0435027, 36.8289884 ] } },
{ "type": "Feature", "properties": { "osm_id": "1956_end" }, "geometry": { "type": "Point", "coordinates": [ 118.046281, 36.8291532 ] } },
{ "type": "Feature", "properties": { "osm_id": "1957_start" }, "geometry": { "type": "Point", "coordinates": [ 118.043504, 36.8278397 ] } },
{ "type": "Feature", "properties": { "osm_id": "1957_end" }, "geometry": { "type": "Point", "coordinates": [ 118.046191, 36.827696 ] } },
{ "type": "Feature", "properties": { "osm_id": "1959_start" }, "geometry": { "type": "Point", "coordinates": [ 118.0427079, 36.8250961 ] } },
{ "type": "Feature", "properties": { "osm_id": "1959_end" }, "geometry": { "type": "Point", "coordinates": [ 118.0460401, 36.8260359 ] } },
{ "type": "Feature", "properties": { "osm_id": "1960_start" }, "geometry": { "type": "Point", "coordinates": [ 118.0417077, 36.8167076 ] } },
{ "type": "Feature", "properties": { "osm_id": "1960_end" }, "geometry": { "type": "Point", "coordinates": [ 118.0460117, 36.8155636 ] } },
{ "type": "Feature", "properties": { "osm_id": "1961_start" }, "geometry": { "type": "Point", "coordinates": [ 118.0304416, 36.7982407 ] } },
{ "type": "Feature", "properties": { "osm_id": "1961_end" }, "geometry": { "type": "Point", "coordinates": [ 118.0293668, 36.798357 ] } },
{ "type": "Feature", "properties": { "osm_id": "1962_start" }, "geometry": { "type": "Point", "coordinates": [ 117.8717413, 36.6685617 ] } },
{ "type": "Feature", "properties": { "osm_id": "1962_end" }, "geometry": { "type": "Point", "coordinates": [ 117.8701687, 36.685514 ] } },
{ "type": "Feature", "properties": { "osm_id": "1963_start" }, "geometry": { "type": "Point", "coordinates": [ 117.8727445, 36.6905869 ] } },
{ "type": "Feature", "properties": { "osm_id": "1963_end" }, "geometry": { "type": "Point", "coordinates": [ 117.8731656, 36.6914886 ] } },
{ "type": "Feature", "properties": { "osm_id": "1964_start" }, "geometry": { "type": "Point", "coordinates": [ 117.8772542, 36.6967966 ] } },
{ "type": "Feature", "properties": { "osm_id": "1964_end" }, "geometry": { "type": "Point", "coordinates": [ 117.8777886, 36.6974283 ] } },
{ "type": "Feature", "properties": { "osm_id": "1965_start" }, "geometry": { "type": "Point", "coordinates": [ 117.8823792, 36.7027113 ] } },
{ "type": "Feature", "properties": { "osm_id": "1965_end" }, "geometry": { "type": "Point", "coordinates": [ 117.8827225, 36.7035206 ] } },
{ "type": "Feature", "properties": { "osm_id": "1966_start" }, "geometry": { "type": "Point", "coordinates": [ 117.9126159, 36.7348026 ] } },
{ "type": "Feature", "properties": { "osm_id": "1966_end" }, "geometry": { "type": "Point", "coordinates": [ 117.9097845, 36.7487647 ] } },
{ "type": "Feature", "properties": { "osm_id": "2107_end" }, "geometry": { "type": "Point", "coordinates": [ 117.9405421, 36.7722258 ] } },
{ "type": "Feature", "properties": { "osm_id": "2108_end" }, "geometry": { "type": "Point", "coordinates": [ 118.0549249, 36.8284215 ] } },
{ "type": "Feature", "properties": { "osm_id": "2109_start" }, "geometry": { "type": "Point", "coordinates": [ 118.0501784, 36.8312126 ] } },
{ "type": "Feature", "properties": { "osm_id": "2109_end" }, "geometry": { "type": "Point", "coordinates": [ 118.0541612, 36.8305379 ] } },
{ "type": "Feature", "properties": { "osm_id": "2110_start" }, "geometry": { "type": "Point", "coordinates": [ 118.0421656, 36.8362129 ] } },
{ "type": "Feature", "properties": { "osm_id": "2110_end" }, "geometry": { "type": "Point", "coordinates": [ 118.0393574, 36.8382875 ] } },
{ "type": "Feature", "properties": { "osm_id": "2111_start" }, "geometry": { "type": "Point", "coordinates": [ 118.039352, 36.8380949 ] } },
{ "type": "Feature", "properties": { "osm_id": "2111_end" }, "geometry": { "type": "Point", "coordinates": [ 118.0422005, 36.8370881 ] } },
{ "type": "Feature", "properties": { "osm_id": "2112_start" }, "geometry": { "type": "Point", "coordinates": [ 118.0390194, 36.8375368 ] } },
{ "type": "Feature", "properties": { "osm_id": "2112_end" }, "geometry": { "type": "Point", "coordinates": [ 118.0376311, 36.8375518 ] } },
{ "type": "Feature", "properties": { "osm_id": "2113_start" }, "geometry": { "type": "Point", "coordinates": [ 118.0371173, 36.8363383 ] } },
{ "type": "Feature", "properties": { "osm_id": "2113_end" }, "geometry": { "type": "Point", "coordinates": [ 118.0344301, 36.8368005 ] } },
{ "type": "Feature", "properties": { "osm_id": "2114_start" }, "geometry": { "type": "Point", "coordinates": [ 118.0362569, 36.8367423 ] } },
{ "type": "Feature", "properties": { "osm_id": "2114_end" }, "geometry": { "type": "Point", "coordinates": [ 118.0362342, 36.8363748 ] } },
{ "type": "Feature", "properties": { "osm_id": "2115_start" }, "geometry": { "type": "Point", "coordinates": [ 118.0355597, 36.8367645 ] } },
{ "type": "Feature", "properties": { "osm_id": "2115_end" }, "geometry": { "type": "Point", "coordinates": [ 118.0355335, 36.8363965 ] } },
{ "type": "Feature", "properties": { "osm_id": "2116_start" }, "geometry": { "type": "Point", "coordinates": [ 118.0355567, 36.8367168 ] } },
{ "type": "Feature", "properties": { "osm_id": "2116_end" }, "geometry": { "type": "Point", "coordinates": [ 118.0355433, 36.8364999 ] } },
{ "type": "Feature", "properties": { "osm_id": "2117_start" }, "geometry": { "type": "Point", "coordinates": [ 118.0347123, 36.8367915 ] } },
{ "type": "Feature", "properties": { "osm_id": "2117_end" }, "geometry": { "type": "Point", "coordinates": [ 118.0346977, 36.8364064 ] } },
{ "type": "Feature", "properties": { "osm_id": "2118_start" }, "geometry": { "type": "Point", "coordinates": [ 118.0327035, 36.8364868 ] } },
{ "type": "Feature", "properties": { "osm_id": "2118_end" }, "geometry": { "type": "Point", "coordinates": [ 118.0327195, 36.8368717 ] } },
{ "type": "Feature", "properties": { "osm_id": "2119_start" }, "geometry": { "type": "Point", "coordinates": [ 118.0261278, 36.8367058 ] } },
{ "type": "Feature", "properties": { "osm_id": "2119_end" }, "geometry": { "type": "Point", "coordinates": [ 118.0301202, 36.841998 ] } },
{ "type": "Feature", "properties": { "osm_id": "2120_start" }, "geometry": { "type": "Point", "coordinates": [ 118.0299989, 36.8421349 ] } },
{ "type": "Feature", "properties": { "osm_id": "2120_end" }, "geometry": { "type": "Point", "coordinates": [ 118.0261162, 36.8451489 ] } },
{ "type": "Feature", "properties": { "osm_id": "2121_start" }, "geometry": { "type": "Point", "coordinates": [ 118.026336, 36.8464508 ] } },
{ "type": "Feature", "properties": { "osm_id": "2121_end" }, "geometry": { "type": "Point", "coordinates": [ 118.0263717, 36.8467814 ] } },
{ "type": "Feature", "properties": { "osm_id": "2122_start" }, "geometry": { "type": "Point", "coordinates": [ 118.026172, 36.8464627 ] } },
{ "type": "Feature", "properties": { "osm_id": "2122_end" }, "geometry": { "type": "Point", "coordinates": [ 118.0260207, 36.8451465 ] } },
{ "type": "Feature", "properties": { "osm_id": "2123_start" }, "geometry": { "type": "Point", "coordinates": [ 118.0262144, 36.8467843 ] } },
{ "type": "Feature", "properties": { "osm_id": "2124_end" }, "geometry": { "type": "Point", "coordinates": [ 118.0237043, 36.8417447 ] } },
{ "type": "Feature", "properties": { "osm_id": "2125_start" }, "geometry": { "type": "Point", "coordinates": [ 118.0226636, 36.8417533 ] } },
{ "type": "Feature", "properties": { "osm_id": "2125_end" }, "geometry": { "type": "Point", "coordinates": [ 118.0207228, 36.8416809 ] } },
{ "type": "Feature", "properties": { "osm_id": "2126_start" }, "geometry": { "type": "Point", "coordinates": [ 118.0214731, 36.8417419 ] } },
{ "type": "Feature", "properties": { "osm_id": "2126_end" }, "geometry": { "type": "Point", "coordinates": [ 118.0262203, 36.8377692 ] } },
{ "type": "Feature", "properties": { "osm_id": "2127_start" }, "geometry": { "type": "Point", "coordinates": [ 118.0258555, 36.8377777 ] } },
{ "type": "Feature", "properties": { "osm_id": "2127_end" }, "geometry": { "type": "Point", "coordinates": [ 118.0257498, 36.8367213 ] } },
{ "type": "Feature", "properties": { "osm_id": "2128_start" }, "geometry": { "type": "Point", "coordinates": [ 118.0238416, 36.8367779 ] } },
{ "type": "Feature", "properties": { "osm_id": "2128_end" }, "geometry": { "type": "Point", "coordinates": [ 118.0238599, 36.8372625 ] } },
{ "type": "Feature", "properties": { "osm_id": "2129_start" }, "geometry": { "type": "Point", "coordinates": [ 118.0226932, 36.8368114 ] } },
{ "type": "Feature", "properties": { "osm_id": "2129_end" }, "geometry": { "type": "Point", "coordinates": [ 118.0227119, 36.8372969 ] } },
{ "type": "Feature", "properties": { "osm_id": "2130_start" }, "geometry": { "type": "Point", "coordinates": [ 118.0258167, 36.8374844 ] } },
{ "type": "Feature", "properties": { "osm_id": "2130_end" }, "geometry": { "type": "Point", "coordinates": [ 118.0205958, 36.8381517 ] } },
{ "type": "Feature", "properties": { "osm_id": "2131_start" }, "geometry": { "type": "Point", "coordinates": [ 118.0209792, 36.8381384 ] } },
{ "type": "Feature", "properties": { "osm_id": "2131_end" }, "geometry": { "type": "Point", "coordinates": [ 118.0209846, 36.8384432 ] } },
{ "type": "Feature", "properties": { "osm_id": "2132_start" }, "geometry": { "type": "Point", "coordinates": [ 118.0256194, 36.8374944 ] } },
{ "type": "Feature", "properties": { "osm_id": "2132_end" }, "geometry": { "type": "Point", "coordinates": [ 118.0246805, 36.8373653 ] } },
{ "type": "Feature", "properties": { "osm_id": "2133_start" }, "geometry": { "type": "Point", "coordinates": [ 118.030975, 36.8379708 ] } },
{ "type": "Feature", "properties": { "osm_id": "2133_end" }, "geometry": { "type": "Point", "coordinates": [ 118.0274886, 36.8366559 ] } },
{ "type": "Feature", "properties": { "osm_id": "2134_start" }, "geometry": { "type": "Point", "coordinates": [ 118.0275018, 36.837198 ] } },
{ "type": "Feature", "properties": { "osm_id": "2134_end" }, "geometry": { "type": "Point", "coordinates": [ 118.0261934, 36.8374615 ] } },
{ "type": "Feature", "properties": { "osm_id": "2135_start" }, "geometry": { "type": "Point", "coordinates": [ 118.0304323, 36.837987 ] } },
{ "type": "Feature", "properties": { "osm_id": "2135_end" }, "geometry": { "type": "Point", "coordinates": [ 118.0307265, 36.8379782 ] } },
{ "type": "Feature", "properties": { "osm_id": "2136_start" }, "geometry": { "type": "Point", "coordinates": [ 118.0303986, 36.8370907 ] } },
{ "type": "Feature", "properties": { "osm_id": "2136_end" }, "geometry": { "type": "Point", "coordinates": [ 118.0293531, 36.8371209 ] } },
{ "type": "Feature", "properties": { "osm_id": "2137_start" }, "geometry": { "type": "Point", "coordinates": [ 118.025402, 36.8372824 ] } },
{ "type": "Feature", "properties": { "osm_id": "2137_end" }, "geometry": { "type": "Point", "coordinates": [ 118.0212474, 36.8374171 ] } },
{ "type": "Feature", "properties": { "osm_id": "2138_start" }, "geometry": { "type": "Point", "coordinates": [ 118.0247021, 36.837825 ] } },
{ "type": "Feature", "properties": { "osm_id": "2138_end" }, "geometry": { "type": "Point", "coordinates": [ 118.0247076, 36.8379254 ] } },
{ "type": "Feature", "properties": { "osm_id": "2139_start" }, "geometry": { "type": "Point", "coordinates": [ 118.0293799, 36.8421525 ] } },
{ "type": "Feature", "properties": { "osm_id": "2139_end" }, "geometry": { "type": "Point", "coordinates": [ 118.0277598, 36.8424058 ] } },
{ "type": "Feature", "properties": { "osm_id": "2140_start" }, "geometry": { "type": "Point", "coordinates": [ 118.0258501, 36.8449859 ] } },
{ "type": "Feature", "properties": { "osm_id": "2140_end" }, "geometry": { "type": "Point", "coordinates": [ 118.0262954, 36.8449559 ] } },
{ "type": "Feature", "properties": { "osm_id": "2141_start" }, "geometry": { "type": "Point", "coordinates": [ 118.0260379, 36.8448314 ] } },
{ "type": "Feature", "properties": { "osm_id": "2141_end" }, "geometry": { "type": "Point", "coordinates": [ 118.0277116, 36.8395766 ] } },
{ "type": "Feature", "properties": { "osm_id": "2142_start" }, "geometry": { "type": "Point", "coordinates": [ 117.9940555, 36.8298164 ] } },
{ "type": "Feature", "properties": { "osm_id": "2142_end" }, "geometry": { "type": "Point", "coordinates": [ 117.9969515, 36.833088 ] } },
{ "type": "Feature", "properties": { "osm_id": "2143_start" }, "geometry": { "type": "Point", "coordinates": [ 117.9942161, 36.8311829 ] } },
{ "type": "Feature", "properties": { "osm_id": "2143_end" }, "geometry": { "type": "Point", "coordinates": [ 117.9916025, 36.8334953 ] } },
{ "type": "Feature", "properties": { "osm_id": "2144_start" }, "geometry": { "type": "Point", "coordinates": [ 117.9949289, 36.8311409 ] } },
{ "type": "Feature", "properties": { "osm_id": "2144_end" }, "geometry": { "type": "Point", "coordinates": [ 117.9969011, 36.8324663 ] } },
{ "type": "Feature", "properties": { "osm_id": "2145_start" }, "geometry": { "type": "Point", "coordinates": [ 118.0054303, 36.8186141 ] } },
{ "type": "Feature", "properties": { "osm_id": "2145_end" }, "geometry": { "type": "Point", "coordinates": [ 118.0031854, 36.8187859 ] } },
{ "type": "Feature", "properties": { "osm_id": "2146_start" }, "geometry": { "type": "Point", "coordinates": [ 118.0012899, 36.8177344 ] } },
{ "type": "Feature", "properties": { "osm_id": "2146_end" }, "geometry": { "type": "Point", "coordinates": [ 118.0009886, 36.8153023 ] } },
{ "type": "Feature", "properties": { "osm_id": "2147_start" }, "geometry": { "type": "Point", "coordinates": [ 117.9997039, 36.8190715 ] } },
{ "type": "Feature", "properties": { "osm_id": "2148_start" }, "geometry": { "type": "Point", "coordinates": [ 118.0128632, 36.818409 ] } },
{ "type": "Feature", "properties": { "osm_id": "2148_end" }, "geometry": { "type": "Point", "coordinates": [ 118.0154753, 36.8184875 ] } },
{ "type": "Feature", "properties": { "osm_id": "2149_start" }, "geometry": { "type": "Point", "coordinates": [ 118.018841, 36.818245 ] } },
{ "type": "Feature", "properties": { "osm_id": "2149_end" }, "geometry": { "type": "Point", "coordinates": [ 118.0129701, 36.820888 ] } },
{ "type": "Feature", "properties": { "osm_id": "2150_start" }, "geometry": { "type": "Point", "coordinates": [ 118.0194026, 36.8182133 ] } },
{ "type": "Feature", "properties": { "osm_id": "2151_start" }, "geometry": { "type": "Point", "coordinates": [ 118.0194985, 36.8182079 ] } },
{ "type": "Feature", "properties": { "osm_id": "2152_start" }, "geometry": { "type": "Point", "coordinates": [ 118.0191639, 36.8256708 ] } },
{ "type": "Feature", "properties": { "osm_id": "2152_end" }, "geometry": { "type": "Point", "coordinates": [ 118.012689, 36.8259973 ] } },
{ "type": "Feature", "properties": { "osm_id": "2153_start" }, "geometry": { "type": "Point", "coordinates": [ 118.0197257, 36.8256425 ] } },
{ "type": "Feature", "properties": { "osm_id": "2154_start" }, "geometry": { "type": "Point", "coordinates": [ 118.0198289, 36.8256373 ] } },
{ "type": "Feature", "properties": { "osm_id": "2155_start" }, "geometry": { "type": "Point", "coordinates": [ 118.0200157, 36.8322661 ] } },
{ "type": "Feature", "properties": { "osm_id": "2155_end" }, "geometry": { "type": "Point", "coordinates": [ 118.0203724, 36.8324971 ] } },
{ "type": "Feature", "properties": { "osm_id": "2157_start" }, "geometry": { "type": "Point", "coordinates": [ 118.0200365, 36.8327356 ] } },
{ "type": "Feature", "properties": { "osm_id": "2159_end" }, "geometry": { "type": "Point", "coordinates": [ 118.0460664, 36.8368756 ] } },
{ "type": "Feature", "properties": { "osm_id": "2160_start" }, "geometry": { "type": "Point", "coordinates": [ 118.0473162, 36.8382104 ] } },
{ "type": "Feature", "properties": { "osm_id": "2160_end" }, "geometry": { "type": "Point", "coordinates": [ 118.0471821, 36.8382117 ] } },
{ "type": "Feature", "properties": { "osm_id": "2161_start" }, "geometry": { "type": "Point", "coordinates": [ 118.0471955, 36.8389045 ] } },
{ "type": "Feature", "properties": { "osm_id": "2161_end" }, "geometry": { "type": "Point", "coordinates": [ 118.0473269, 36.8389045 ] } },
{ "type": "Feature", "properties": { "osm_id": "2162_start" }, "geometry": { "type": "Point", "coordinates": [ 118.0497703, 36.8296296 ] } },
{ "type": "Feature", "properties": { "osm_id": "2162_end" }, "geometry": { "type": "Point", "coordinates": [ 118.0500913, 36.8297263 ] } },
{ "type": "Feature", "properties": { "osm_id": "2163_start" }, "geometry": { "type": "Point", "coordinates": [ 118.0512722, 36.8295229 ] } },
{ "type": "Feature", "properties": { "osm_id": "2163_end" }, "geometry": { "type": "Point", "coordinates": [ 118.0513117, 36.8296716 ] } },
{ "type": "Feature", "properties": { "osm_id": "2164_start" }, "geometry": { "type": "Point", "coordinates": [ 118.0571588, 36.8356088 ] } },
{ "type": "Feature", "properties": { "osm_id": "2164_end" }, "geometry": { "type": "Point", "coordinates": [ 118.0562106, 36.8320435 ] } },
{ "type": "Feature", "properties": { "osm_id": "2165_start" }, "geometry": { "type": "Point", "coordinates": [ 118.0601414, 36.8355262 ] } },
{ "type": "Feature", "properties": { "osm_id": "2165_end" }, "geometry": { "type": "Point", "coordinates": [ 118.0592939, 36.8304928 ] } },
{ "type": "Feature", "properties": { "osm_id": "2166_start" }, "geometry": { "type": "Point", "coordinates": [ 118.0577689, 36.8254594 ] } },
{ "type": "Feature", "properties": { "osm_id": "2166_end" }, "geometry": { "type": "Point", "coordinates": [ 118.0583444, 36.8286464 ] } },
{ "type": "Feature", "properties": { "osm_id": "2167_start" }, "geometry": { "type": "Point", "coordinates": [ 118.0459084, 36.8350654 ] } },
{ "type": "Feature", "properties": { "osm_id": "2167_end" }, "geometry": { "type": "Point", "coordinates": [ 118.0433054, 36.8352273 ] } },
{ "type": "Feature", "properties": { "osm_id": "2168_end" }, "geometry": { "type": "Point", "coordinates": [ 118.0458402, 36.8350695 ] } },
{ "type": "Feature", "properties": { "osm_id": "2169_start" }, "geometry": { "type": "Point", "coordinates": [ 118.0441935, 36.839795 ] } },
{ "type": "Feature", "properties": { "osm_id": "2169_end" }, "geometry": { "type": "Point", "coordinates": [ 118.0406661, 36.8398298 ] } },
{ "type": "Feature", "properties": { "osm_id": "2170_start" }, "geometry": { "type": "Point", "coordinates": [ 118.040725, 36.8429078 ] } },
{ "type": "Feature", "properties": { "osm_id": "2171_start" }, "geometry": { "type": "Point", "coordinates": [ 118.0407197, 36.8426331 ] } },
{ "type": "Feature", "properties": { "osm_id": "2171_end" }, "geometry": { "type": "Point", "coordinates": [ 118.0379624, 36.8398598 ] } },
{ "type": "Feature", "properties": { "osm_id": "2172_start" }, "geometry": { "type": "Point", "coordinates": [ 118.037983, 36.8410492 ] } },
{ "type": "Feature", "properties": { "osm_id": "2172_end" }, "geometry": { "type": "Point", "coordinates": [ 118.0406892, 36.8410364 ] } },
{ "type": "Feature", "properties": { "osm_id": "2173_start" }, "geometry": { "type": "Point", "coordinates": [ 118.04065, 36.8386234 ] } },
{ "type": "Feature", "properties": { "osm_id": "2173_end" }, "geometry": { "type": "Point", "coordinates": [ 118.0427906, 36.8398088 ] } },
{ "type": "Feature", "properties": { "osm_id": "2174_start" }, "geometry": { "type": "Point", "coordinates": [ 118.0420662, 36.8398159 ] } },
{ "type": "Feature", "properties": { "osm_id": "2174_end" }, "geometry": { "type": "Point", "coordinates": [ 118.0420394, 36.8386178 ] } },
{ "type": "Feature", "properties": { "osm_id": "2175_start" }, "geometry": { "type": "Point", "coordinates": [ 118.0032258, 36.8377004 ] } },
{ "type": "Feature", "properties": { "osm_id": "2175_end" }, "geometry": { "type": "Point", "coordinates": [ 118.0035999, 36.843092 ] } },
{ "type": "Feature", "properties": { "osm_id": "2176_start" }, "geometry": { "type": "Point", "coordinates": [ 117.9844114, 36.8540322 ] } },
{ "type": "Feature", "properties": { "osm_id": "2176_end" }, "geometry": { "type": "Point", "coordinates": [ 117.9835902, 36.8441761 ] } },
{ "type": "Feature", "properties": { "osm_id": "2177_start" }, "geometry": { "type": "Point", "coordinates": [ 117.9617822, 36.8123628 ] } },
{ "type": "Feature", "properties": { "osm_id": "2177_end" }, "geometry": { "type": "Point", "coordinates": [ 117.9613695, 36.808064 ] } },
{ "type": "Feature", "properties": { "osm_id": "2178_end" }, "geometry": { "type": "Point", "coordinates": [ 118.0209131, 36.8469703 ] } },
{ "type": "Feature", "properties": { "osm_id": "2180_start" }, "geometry": { "type": "Point", "coordinates": [ 118.0206686, 36.8469786 ] } },
{ "type": "Feature", "properties": { "osm_id": "2181_start" }, "geometry": { "type": "Point", "coordinates": [ 118.0455323, 36.7889266 ] } },
{ "type": "Feature", "properties": { "osm_id": "2181_end" }, "geometry": { "type": "Point", "coordinates": [ 118.0453395, 36.7886902 ] } },
{ "type": "Feature", "properties": { "osm_id": "2183_start" }, "geometry": { "type": "Point", "coordinates": [ 118.0454846, 36.7886461 ] } },
{ "type": "Feature", "properties": { "osm_id": "2183_end" }, "geometry": { "type": "Point", "coordinates": [ 118.0456611, 36.7888846 ] } },
{ "type": "Feature", "properties": { "osm_id": "2184_end" }, "geometry": { "type": "Point", "coordinates": [ 118.0465297, 36.7905289 ] } },
{ "type": "Feature", "properties": { "osm_id": "2189_start" }, "geometry": { "type": "Point", "coordinates": [ 118.0441562, 36.8078462 ] } },
{ "type": "Feature", "properties": { "osm_id": "2189_end" }, "geometry": { "type": "Point", "coordinates": [ 118.0461359, 36.8075489 ] } },
{ "type": "Feature", "properties": { "osm_id": "2190_start" }, "geometry": { "type": "Point", "coordinates": [ 118.0573529, 36.8020281 ] } },
{ "type": "Feature", "properties": { "osm_id": "2190_end" }, "geometry": { "type": "Point", "coordinates": [ 118.0570565, 36.8003055 ] } },
{ "type": "Feature", "properties": { "osm_id": "2191_start" }, "geometry": { "type": "Point", "coordinates": [ 118.0748816, 36.7978529 ] } },
{ "type": "Feature", "properties": { "osm_id": "2191_end" }, "geometry": { "type": "Point", "coordinates": [ 118.0785923, 36.7977954 ] } },
{ "type": "Feature", "properties": { "osm_id": "2192_start" }, "geometry": { "type": "Point", "coordinates": [ 118.0743942, 36.7978538 ] } },
{ "type": "Feature", "properties": { "osm_id": "2193_start" }, "geometry": { "type": "Point", "coordinates": [ 118.0717279, 36.8077628 ] } },
{ "type": "Feature", "properties": { "osm_id": "2193_end" }, "geometry": { "type": "Point", "coordinates": [ 118.0707296, 36.8022921 ] } },
{ "type": "Feature", "properties": { "osm_id": "2194_start" }, "geometry": { "type": "Point", "coordinates": [ 118.0600369, 36.8101086 ] } },
{ "type": "Feature", "properties": { "osm_id": "2194_end" }, "geometry": { "type": "Point", "coordinates": [ 118.0585596, 36.8038113 ] } },
{ "type": "Feature", "properties": { "osm_id": "2195_start" }, "geometry": { "type": "Point", "coordinates": [ 118.0623787, 36.8056651 ] } },
{ "type": "Feature", "properties": { "osm_id": "2195_end" }, "geometry": { "type": "Point", "coordinates": [ 118.0552107, 36.8068884 ] } },
{ "type": "Feature", "properties": { "osm_id": "2196_start" }, "geometry": { "type": "Point", "coordinates": [ 118.0499891, 36.8078649 ] } },
{ "type": "Feature", "properties": { "osm_id": "2196_end" }, "geometry": { "type": "Point", "coordinates": [ 118.0552819, 36.8066874 ] } },
{ "type": "Feature", "properties": { "osm_id": "2197_start" }, "geometry": { "type": "Point", "coordinates": [ 118.0726015, 36.7951848 ] } },
{ "type": "Feature", "properties": { "osm_id": "2197_end" }, "geometry": { "type": "Point", "coordinates": [ 118.0716441, 36.7899058 ] } },
{ "type": "Feature", "properties": { "osm_id": "2198_start" }, "geometry": { "type": "Point", "coordinates": [ 118.0663451, 36.7904878 ] } },
{ "type": "Feature", "properties": { "osm_id": "2199_start" }, "geometry": { "type": "Point", "coordinates": [ 118.0231633, 36.7895971 ] } },
{ "type": "Feature", "properties": { "osm_id": "2199_end" }, "geometry": { "type": "Point", "coordinates": [ 118.0225564, 36.7844944 ] } },
{ "type": "Feature", "properties": { "osm_id": "2200_start" }, "geometry": { "type": "Point", "coordinates": [ 117.9921983, 36.7916062 ] } },
{ "type": "Feature", "properties": { "osm_id": "2200_end" }, "geometry": { "type": "Point", "coordinates": [ 117.9927613, 36.7870127 ] } },
{ "type": "Feature", "properties": { "osm_id": "2201_start" }, "geometry": { "type": "Point", "coordinates": [ 118.0015938, 36.7675434 ] } },
{ "type": "Feature", "properties": { "osm_id": "2201_end" }, "geometry": { "type": "Point", "coordinates": [ 118.0158613, 36.765644 ] } },
{ "type": "Feature", "properties": { "osm_id": "2202_start" }, "geometry": { "type": "Point", "coordinates": [ 118.0114213, 36.7661774 ] } },
{ "type": "Feature", "properties": { "osm_id": "2202_end" }, "geometry": { "type": "Point", "coordinates": [ 118.0104559, 36.7606847 ] } },
{ "type": "Feature", "properties": { "osm_id": "2203_start" }, "geometry": { "type": "Point", "coordinates": [ 118.010829, 36.7630821 ] } },
{ "type": "Feature", "properties": { "osm_id": "2203_end" }, "geometry": { "type": "Point", "coordinates": [ 118.0155641, 36.7628541 ] } },
{ "type": "Feature", "properties": { "osm_id": "2204_start" }, "geometry": { "type": "Point", "coordinates": [ 118.0297999, 36.7524481 ] } },
{ "type": "Feature", "properties": { "osm_id": "2204_end" }, "geometry": { "type": "Point", "coordinates": [ 118.0359757, 36.7536401 ] } },
{ "type": "Feature", "properties": { "osm_id": "2222_start" }, "geometry": { "type": "Point", "coordinates": [ 118.0509896, 36.7811894 ] } },
{ "type": "Feature", "properties": { "osm_id": "2225_start" }, "geometry": { "type": "Point", "coordinates": [ 118.0456238, 36.7821404 ] } },
{ "type": "Feature", "properties": { "osm_id": "2225_end" }, "geometry": { "type": "Point", "coordinates": [ 118.0510148, 36.7809743 ] } },
{ "type": "Feature", "properties": { "osm_id": "2226_end" }, "geometry": { "type": "Point", "coordinates": [ 118.0512577, 36.7808748 ] } },
{ "type": "Feature", "properties": { "osm_id": "2246_start" }, "geometry": { "type": "Point", "coordinates": [ 118.0492809, 36.8360128 ] } },
{ "type": "Feature", "properties": { "osm_id": "2247_start" }, "geometry": { "type": "Point", "coordinates": [ 118.066549, 36.8352082 ] } },
{ "type": "Feature", "properties": { "osm_id": "2247_end" }, "geometry": { "type": "Point", "coordinates": [ 118.066001, 36.8353117 ] } },
{ "type": "Feature", "properties": { "osm_id": "2248_start" }, "geometry": { "type": "Point", "coordinates": [ 118.0377533, 36.8361312 ] } },
{ "type": "Feature", "properties": { "osm_id": "2248_end" }, "geometry": { "type": "Point", "coordinates": [ 118.0438655, 36.8359702 ] } },
{ "type": "Feature", "properties": { "osm_id": "2249_start" }, "geometry": { "type": "Point", "coordinates": [ 118.0659726, 36.8351231 ] } },
{ "type": "Feature", "properties": { "osm_id": "2250_start" }, "geometry": { "type": "Point", "coordinates": [ 118.0642961, 36.835398 ] } },
{ "type": "Feature", "properties": { "osm_id": "2250_end" }, "geometry": { "type": "Point", "coordinates": [ 118.0611254, 36.8247929 ] } },
{ "type": "Feature", "properties": { "osm_id": "2251_start" }, "geometry": { "type": "Point", "coordinates": [ 118.0652033, 36.838437 ] } },
{ "type": "Feature", "properties": { "osm_id": "2251_end" }, "geometry": { "type": "Point", "coordinates": [ 118.0651507, 36.8382608 ] } },
{ "type": "Feature", "properties": { "osm_id": "2252_start" }, "geometry": { "type": "Point", "coordinates": [ 118.061308, 36.8247487 ] } },
{ "type": "Feature", "properties": { "osm_id": "2252_end" }, "geometry": { "type": "Point", "coordinates": [ 118.0644845, 36.8353806 ] } },
{ "type": "Feature", "properties": { "osm_id": "2253_start" }, "geometry": { "type": "Point", "coordinates": [ 118.065323, 36.8381898 ] } },
{ "type": "Feature", "properties": { "osm_id": "2253_end" }, "geometry": { "type": "Point", "coordinates": [ 118.0653745, 36.8383625 ] } },
{ "type": "Feature", "properties": { "osm_id": "2254_start" }, "geometry": { "type": "Point", "coordinates": [ 118.0262454, 36.8284878 ] } },
{ "type": "Feature", "properties": { "osm_id": "2254_end" }, "geometry": { "type": "Point", "coordinates": [ 118.0202052, 36.8288818 ] } },
{ "type": "Feature", "properties": { "osm_id": "2255_start" }, "geometry": { "type": "Point", "coordinates": [ 118.0339898, 36.8280578 ] } },
{ "type": "Feature", "properties": { "osm_id": "2255_end" }, "geometry": { "type": "Point", "coordinates": [ 118.0336846, 36.8280794 ] } },
{ "type": "Feature", "properties": { "osm_id": "2256_end" }, "geometry": { "type": "Point", "coordinates": [ 118.0262446, 36.8283795 ] } },
{ "type": "Feature", "properties": { "osm_id": "2257_start" }, "geometry": { "type": "Point", "coordinates": [ 118.0337634, 36.8279484 ] } },
{ "type": "Feature", "properties": { "osm_id": "2257_end" }, "geometry": { "type": "Point", "coordinates": [ 118.0340876, 36.8279255 ] } },
{ "type": "Feature", "properties": { "osm_id": "2258_start" }, "geometry": { "type": "Point", "coordinates": [ 118.0385904, 36.813701 ] } },
{ "type": "Feature", "properties": { "osm_id": "2260_start" }, "geometry": { "type": "Point", "coordinates": [ 118.0316465, 36.8469697 ] } },
{ "type": "Feature", "properties": { "osm_id": "2260_end" }, "geometry": { "type": "Point", "coordinates": [ 118.0325833, 36.8535712 ] } },
{ "type": "Feature", "properties": { "osm_id": "2261_start" }, "geometry": { "type": "Point", "coordinates": [ 118.0315395, 36.8461889 ] } },
{ "type": "Feature", "properties": { "osm_id": "2261_end" }, "geometry": { "type": "Point", "coordinates": [ 118.0315851, 36.8465311 ] } },
{ "type": "Feature", "properties": { "osm_id": "2262_end" }, "geometry": { "type": "Point", "coordinates": [ 118.0315228, 36.8469784 ] } },
{ "type": "Feature", "properties": { "osm_id": "2263_start" }, "geometry": { "type": "Point", "coordinates": [ 118.0314608, 36.8465353 ] } },
{ "type": "Feature", "properties": { "osm_id": "2263_end" }, "geometry": { "type": "Point", "coordinates": [ 118.031415, 36.8461916 ] } },
{ "type": "Feature", "properties": { "osm_id": "2264_start" }, "geometry": { "type": "Point", "coordinates": [ 117.9923004, 36.8084751 ] } },
{ "type": "Feature", "properties": { "osm_id": "2264_end" }, "geometry": { "type": "Point", "coordinates": [ 117.9921969, 36.8082291 ] } },
{ "type": "Feature", "properties": { "osm_id": "2267_start" }, "geometry": { "type": "Point", "coordinates": [ 117.9855618, 36.6847355 ] } },
{ "type": "Feature", "properties": { "osm_id": "2267_end" }, "geometry": { "type": "Point", "coordinates": [ 117.989369, 36.6848893 ] } },
{ "type": "Feature", "properties": { "osm_id": "2268_start" }, "geometry": { "type": "Point", "coordinates": [ 117.985835, 36.6857435 ] } },
{ "type": "Feature", "properties": { "osm_id": "2268_end" }, "geometry": { "type": "Point", "coordinates": [ 118.004313, 36.6799906 ] } },
{ "type": "Feature", "properties": { "osm_id": "2269_start" }, "geometry": { "type": "Point", "coordinates": [ 117.9911997, 36.6796013 ] } },
{ "type": "Feature", "properties": { "osm_id": "2269_end" }, "geometry": { "type": "Point", "coordinates": [ 117.9921523, 36.6819831 ] } },
{ "type": "Feature", "properties": { "osm_id": "2270_start" }, "geometry": { "type": "Point", "coordinates": [ 117.9909755, 36.6809943 ] } },
{ "type": "Feature", "properties": { "osm_id": "2270_end" }, "geometry": { "type": "Point", "coordinates": [ 117.9916543, 36.680738 ] } },
{ "type": "Feature", "properties": { "osm_id": "2271_end" }, "geometry": { "type": "Point", "coordinates": [ 117.9903576, 36.6797765 ] } },
{ "type": "Feature", "properties": { "osm_id": "2272_start" }, "geometry": { "type": "Point", "coordinates": [ 117.9907219, 36.6804946 ] } },
{ "type": "Feature", "properties": { "osm_id": "2272_end" }, "geometry": { "type": "Point", "coordinates": [ 117.9914613, 36.6802554 ] } },
{ "type": "Feature", "properties": { "osm_id": "2273_start" }, "geometry": { "type": "Point", "coordinates": [ 117.994607, 36.6788927 ] } },
{ "type": "Feature", "properties": { "osm_id": "2273_end" }, "geometry": { "type": "Point", "coordinates": [ 117.9963927, 36.682852 ] } },
{ "type": "Feature", "properties": { "osm_id": "2274_start" }, "geometry": { "type": "Point", "coordinates": [ 117.987466, 36.691454 ] } },
{ "type": "Feature", "properties": { "osm_id": "2274_end" }, "geometry": { "type": "Point", "coordinates": [ 117.9866758, 36.6887233 ] } },
{ "type": "Feature", "properties": { "osm_id": "2275_end" }, "geometry": { "type": "Point", "coordinates": [ 117.9989332, 36.6881549 ] } },
{ "type": "Feature", "properties": { "osm_id": "2276_end" }, "geometry": { "type": "Point", "coordinates": [ 117.9954774, 36.6963931 ] } },
{ "type": "Feature", "properties": { "osm_id": "2277_start" }, "geometry": { "type": "Point", "coordinates": [ 117.9925951, 36.6972864 ] } },
{ "type": "Feature", "properties": { "osm_id": "2277_end" }, "geometry": { "type": "Point", "coordinates": [ 117.9970278, 36.6959438 ] } },
{ "type": "Feature", "properties": { "osm_id": "2278_start" }, "geometry": { "type": "Point", "coordinates": [ 117.9978447, 36.6977711 ] } },
{ "type": "Feature", "properties": { "osm_id": "2278_end" }, "geometry": { "type": "Point", "coordinates": [ 117.9954669, 36.6927848 ] } },
{ "type": "Feature", "properties": { "osm_id": "2279_start" }, "geometry": { "type": "Point", "coordinates": [ 117.9984907, 36.6917419 ] } },
{ "type": "Feature", "properties": { "osm_id": "2279_end" }, "geometry": { "type": "Point", "coordinates": [ 118.0026765, 36.6899527 ] } },
{ "type": "Feature", "properties": { "osm_id": "2280_start" }, "geometry": { "type": "Point", "coordinates": [ 118.0001032, 36.6914545 ] } },
{ "type": "Feature", "properties": { "osm_id": "2281_end" }, "geometry": { "type": "Point", "coordinates": [ 118.0020506, 36.6875731 ] } },
{ "type": "Feature", "properties": { "osm_id": "2283_start" }, "geometry": { "type": "Point", "coordinates": [ 118.0041392, 36.6959234 ] } },
{ "type": "Feature", "properties": { "osm_id": "2283_end" }, "geometry": { "type": "Point", "coordinates": [ 118.0026949, 36.6911243 ] } },
{ "type": "Feature", "properties": { "osm_id": "2284_end" }, "geometry": { "type": "Point", "coordinates": [ 118.0052314, 36.7051641 ] } },
{ "type": "Feature", "properties": { "osm_id": "2285_start" }, "geometry": { "type": "Point", "coordinates": [ 118.0018468, 36.7005471 ] } },
{ "type": "Feature", "properties": { "osm_id": "2285_end" }, "geometry": { "type": "Point", "coordinates": [ 118.006841, 36.6970801 ] } },
{ "type": "Feature", "properties": { "osm_id": "2286_start" }, "geometry": { "type": "Point", "coordinates": [ 118.0072271, 36.6986847 ] } },
{ "type": "Feature", "properties": { "osm_id": "2286_end" }, "geometry": { "type": "Point", "coordinates": [ 118.0091809, 36.6981938 ] } },
{ "type": "Feature", "properties": { "osm_id": "2287_start" }, "geometry": { "type": "Point", "coordinates": [ 118.0085427, 36.6983601 ] } },
{ "type": "Feature", "properties": { "osm_id": "2287_end" }, "geometry": { "type": "Point", "coordinates": [ 118.008049, 36.697172 ] } },
{ "type": "Feature", "properties": { "osm_id": "2288_start" }, "geometry": { "type": "Point", "coordinates": [ 117.994963, 36.7026842 ] } },
{ "type": "Feature", "properties": { "osm_id": "2288_end" }, "geometry": { "type": "Point", "coordinates": [ 118.0061063, 36.701111 ] } },
{ "type": "Feature", "properties": { "osm_id": "2289_start" }, "geometry": { "type": "Point", "coordinates": [ 118.004973, 36.701531 ] } },
{ "type": "Feature", "properties": { "osm_id": "2289_end" }, "geometry": { "type": "Point", "coordinates": [ 118.0074325, 36.7009013 ] } },
{ "type": "Feature", "properties": { "osm_id": "2290_start" }, "geometry": { "type": "Point", "coordinates": [ 118.0073205, 36.7021145 ] } },
{ "type": "Feature", "properties": { "osm_id": "2290_end" }, "geometry": { "type": "Point", "coordinates": [ 118.0066293, 36.699823 ] } },
{ "type": "Feature", "properties": { "osm_id": "2291_start" }, "geometry": { "type": "Point", "coordinates": [ 118.0039768, 36.7009612 ] } },
{ "type": "Feature", "properties": { "osm_id": "2291_end" }, "geometry": { "type": "Point", "coordinates": [ 118.0059942, 36.7008414 ] } },
{ "type": "Feature", "properties": { "osm_id": "2292_start" }, "geometry": { "type": "Point", "coordinates": [ 118.0058984, 36.6999253 ] } },
{ "type": "Feature", "properties": { "osm_id": "2294_start" }, "geometry": { "type": "Point", "coordinates": [ 118.0160067, 36.7035223 ] } },
{ "type": "Feature", "properties": { "osm_id": "2294_end" }, "geometry": { "type": "Point", "coordinates": [ 118.0220777, 36.7019647 ] } },
{ "type": "Feature", "properties": { "osm_id": "2295_start" }, "geometry": { "type": "Point", "coordinates": [ 118.0154151, 36.7015003 ] } },
{ "type": "Feature", "properties": { "osm_id": "2295_end" }, "geometry": { "type": "Point", "coordinates": [ 118.027351, 36.6943813 ] } },
{ "type": "Feature", "properties": { "osm_id": "2296_start" }, "geometry": { "type": "Point", "coordinates": [ 118.0235223, 36.7052709 ] } },
{ "type": "Feature", "properties": { "osm_id": "2296_end" }, "geometry": { "type": "Point", "coordinates": [ 118.0205459, 36.6999877 ] } },
{ "type": "Feature", "properties": { "osm_id": "2297_start" }, "geometry": { "type": "Point", "coordinates": [ 118.0195943, 36.7025846 ] } },
{ "type": "Feature", "properties": { "osm_id": "2297_end" }, "geometry": { "type": "Point", "coordinates": [ 118.0172022, 36.6984151 ] } },
{ "type": "Feature", "properties": { "osm_id": "2298_start" }, "geometry": { "type": "Point", "coordinates": [ 118.0160897, 36.7021648 ] } },
{ "type": "Feature", "properties": { "osm_id": "2298_end" }, "geometry": { "type": "Point", "coordinates": [ 118.015928, 36.7013688 ] } },
{ "type": "Feature", "properties": { "osm_id": "2299_start" }, "geometry": { "type": "Point", "coordinates": [ 118.016315, 36.7012695 ] } },
{ "type": "Feature", "properties": { "osm_id": "2299_end" }, "geometry": { "type": "Point", "coordinates": [ 118.0165857, 36.6996433 ] } },
{ "type": "Feature", "properties": { "osm_id": "2300_start" }, "geometry": { "type": "Point", "coordinates": [ 118.0145804, 36.7002683 ] } },
{ "type": "Feature", "properties": { "osm_id": "2300_end" }, "geometry": { "type": "Point", "coordinates": [ 118.0198921, 36.6988195 ] } },
{ "type": "Feature", "properties": { "osm_id": "2301_start" }, "geometry": { "type": "Point", "coordinates": [ 118.0140623, 36.6995036 ] } },
{ "type": "Feature", "properties": { "osm_id": "2301_end" }, "geometry": { "type": "Point", "coordinates": [ 118.0160627, 36.6982953 ] } },
{ "type": "Feature", "properties": { "osm_id": "2302_start" }, "geometry": { "type": "Point", "coordinates": [ 118.0167539, 36.6976213 ] } },
{ "type": "Feature", "properties": { "osm_id": "2302_end" }, "geometry": { "type": "Point", "coordinates": [ 118.0105957, 36.6827321 ] } },
{ "type": "Feature", "properties": { "osm_id": "2303_start" }, "geometry": { "type": "Point", "coordinates": [ 118.0119095, 36.6962733 ] } },
{ "type": "Feature", "properties": { "osm_id": "2303_end" }, "geometry": { "type": "Point", "coordinates": [ 118.0222148, 36.6943227 ] } },
{ "type": "Feature", "properties": { "osm_id": "2304_start" }, "geometry": { "type": "Point", "coordinates": [ 118.0224895, 36.697781 ] } },
{ "type": "Feature", "properties": { "osm_id": "2304_end" }, "geometry": { "type": "Point", "coordinates": [ 118.0218935, 36.6936948 ] } },
{ "type": "Feature", "properties": { "osm_id": "2305_start" }, "geometry": { "type": "Point", "coordinates": [ 118.0021169, 36.6871173 ] } },
{ "type": "Feature", "properties": { "osm_id": "2305_end" }, "geometry": { "type": "Point", "coordinates": [ 118.0252409, 36.6776985 ] } },
{ "type": "Feature", "properties": { "osm_id": "2306_start" }, "geometry": { "type": "Point", "coordinates": [ 118.0048348, 36.6862446 ] } },
{ "type": "Feature", "properties": { "osm_id": "2306_end" }, "geometry": { "type": "Point", "coordinates": [ 118.0016417, 36.6773669 ] } },
{ "type": "Feature", "properties": { "osm_id": "2307_start" }, "geometry": { "type": "Point", "coordinates": [ 118.0082607, 36.6846945 ] } },
{ "type": "Feature", "properties": { "osm_id": "2307_end" }, "geometry": { "type": "Point", "coordinates": [ 117.9991583, 36.6813498 ] } },
{ "type": "Feature", "properties": { "osm_id": "2308_start" }, "geometry": { "type": "Point", "coordinates": [ 118.0006231, 36.6841002 ] } },
{ "type": "Feature", "properties": { "osm_id": "2308_end" }, "geometry": { "type": "Point", "coordinates": [ 118.0037213, 36.683155 ] } },
{ "type": "Feature", "properties": { "osm_id": "2309_start" }, "geometry": { "type": "Point", "coordinates": [ 118.0012229, 36.6817842 ] } },
{ "type": "Feature", "properties": { "osm_id": "2309_end" }, "geometry": { "type": "Point", "coordinates": [ 118.0026395, 36.6801479 ] } },
{ "type": "Feature", "properties": { "osm_id": "2310_start" }, "geometry": { "type": "Point", "coordinates": [ 118.0037122, 36.6811528 ] } },
{ "type": "Feature", "properties": { "osm_id": "2310_end" }, "geometry": { "type": "Point", "coordinates": [ 118.0034038, 36.6802173 ] } },
{ "type": "Feature", "properties": { "osm_id": "2311_end" }, "geometry": { "type": "Point", "coordinates": [ 118.0161685, 36.6651555 ] } },
{ "type": "Feature", "properties": { "osm_id": "2313_start" }, "geometry": { "type": "Point", "coordinates": [ 117.9309815, 36.802753 ] } },
{ "type": "Feature", "properties": { "osm_id": "2313_end" }, "geometry": { "type": "Point", "coordinates": [ 117.9307159, 36.7905411 ] } },
{ "type": "Feature", "properties": { "osm_id": "2314_end" }, "geometry": { "type": "Point", "coordinates": [ 117.9237712, 36.8127708 ] } },
{ "type": "Feature", "properties": { "osm_id": "2319_start" }, "geometry": { "type": "Point", "coordinates": [ 117.9285046, 36.8114725 ] } },
{ "type": "Feature", "properties": { "osm_id": "2319_end" }, "geometry": { "type": "Point", "coordinates": [ 117.9287084, 36.8041038 ] } },
{ "type": "Feature", "properties": { "osm_id": "2320_end" }, "geometry": { "type": "Point", "coordinates": [ 117.9286269, 36.803499 ] } },
{ "type": "Feature", "properties": { "osm_id": "2321_end" }, "geometry": { "type": "Point", "coordinates": [ 117.9290802, 36.8035623 ] } },
{ "type": "Feature", "properties": { "osm_id": "2322_start" }, "geometry": { "type": "Point", "coordinates": [ 117.8571352, 36.7860953 ] } },
{ "type": "Feature", "properties": { "osm_id": "2322_end" }, "geometry": { "type": "Point", "coordinates": [ 117.9176325, 36.7866842 ] } },
{ "type": "Feature", "properties": { "osm_id": "2324_start" }, "geometry": { "type": "Point", "coordinates": [ 117.9173873, 36.7866902 ] } },
{ "type": "Feature", "properties": { "osm_id": "2324_end" }, "geometry": { "type": "Point", "coordinates": [ 117.9174289, 36.7868383 ] } },
{ "type": "Feature", "properties": { "osm_id": "2325_start" }, "geometry": { "type": "Point", "coordinates": [ 117.9154535, 36.788443 ] } },
{ "type": "Feature", "properties": { "osm_id": "2325_end" }, "geometry": { "type": "Point", "coordinates": [ 117.9152284, 36.7849915 ] } },
{ "type": "Feature", "properties": { "osm_id": "2328_start" }, "geometry": { "type": "Point", "coordinates": [ 117.9072922, 36.7556569 ] } },
{ "type": "Feature", "properties": { "osm_id": "2328_end" }, "geometry": { "type": "Point", "coordinates": [ 117.9079882, 36.7556787 ] } },
{ "type": "Feature", "properties": { "osm_id": "2329_start" }, "geometry": { "type": "Point", "coordinates": [ 117.9088247, 36.7598666 ] } },
{ "type": "Feature", "properties": { "osm_id": "2329_end" }, "geometry": { "type": "Point", "coordinates": [ 117.909594, 36.7598317 ] } },
{ "type": "Feature", "properties": { "osm_id": "2330_start" }, "geometry": { "type": "Point", "coordinates": [ 117.9108133, 36.7653321 ] } },
{ "type": "Feature", "properties": { "osm_id": "2330_end" }, "geometry": { "type": "Point", "coordinates": [ 117.9115827, 36.7652972 ] } },
{ "type": "Feature", "properties": { "osm_id": "2331_start" }, "geometry": { "type": "Point", "coordinates": [ 117.9097392, 36.7623784 ] } },
{ "type": "Feature", "properties": { "osm_id": "2331_end" }, "geometry": { "type": "Point", "coordinates": [ 117.9105085, 36.7623435 ] } },
{ "type": "Feature", "properties": { "osm_id": "2332_start" }, "geometry": { "type": "Point", "coordinates": [ 117.9121954, 36.7704913 ] } },
{ "type": "Feature", "properties": { "osm_id": "2332_end" }, "geometry": { "type": "Point", "coordinates": [ 117.9142883, 36.7705681 ] } },
{ "type": "Feature", "properties": { "osm_id": "2333_start" }, "geometry": { "type": "Point", "coordinates": [ 117.9138761, 36.7736226 ] } },
{ "type": "Feature", "properties": { "osm_id": "2333_end" }, "geometry": { "type": "Point", "coordinates": [ 117.9146454, 36.7735877 ] } },
{ "type": "Feature", "properties": { "osm_id": "2334_start" }, "geometry": { "type": "Point", "coordinates": [ 117.9152986, 36.7769594 ] } },
{ "type": "Feature", "properties": { "osm_id": "2334_end" }, "geometry": { "type": "Point", "coordinates": [ 117.9160679, 36.7769245 ] } },
{ "type": "Feature", "properties": { "osm_id": "2335_start" }, "geometry": { "type": "Point", "coordinates": [ 117.9159663, 36.7787266 ] } },
{ "type": "Feature", "properties": { "osm_id": "2335_end" }, "geometry": { "type": "Point", "coordinates": [ 117.9167357, 36.7786918 ] } },
{ "type": "Feature", "properties": { "osm_id": "2336_start" }, "geometry": { "type": "Point", "coordinates": [ 117.9018125, 36.7472384 ] } },
{ "type": "Feature", "properties": { "osm_id": "2336_end" }, "geometry": { "type": "Point", "coordinates": [ 117.9025979, 36.7472014 ] } },
{ "type": "Feature", "properties": { "osm_id": "2370_start" }, "geometry": { "type": "Point", "coordinates": [ 118.0200425, 36.7847524 ] } },
{ "type": "Feature", "properties": { "osm_id": "2371_start" }, "geometry": { "type": "Point", "coordinates": [ 118.0177194, 36.7850226 ] } },
{ "type": "Feature", "properties": { "osm_id": "2372_start" }, "geometry": { "type": "Point", "coordinates": [ 118.0174791, 36.7850428 ] } },
{ "type": "Feature", "properties": { "osm_id": "2373_end" }, "geometry": { "type": "Point", "coordinates": [ 118.0177485, 36.7852782 ] } },
{ "type": "Feature", "properties": { "osm_id": "2374_end" }, "geometry": { "type": "Point", "coordinates": [ 118.0175012, 36.7852972 ] } },
{ "type": "Feature", "properties": { "osm_id": "2375_start" }, "geometry": { "type": "Point", "coordinates": [ 118.0517503, 36.7677363 ] } },
{ "type": "Feature", "properties": { "osm_id": "2375_end" }, "geometry": { "type": "Point", "coordinates": [ 118.0524845, 36.7725677 ] } },
{ "type": "Feature", "properties": { "osm_id": "2376_start" }, "geometry": { "type": "Point", "coordinates": [ 118.0527196, 36.7725278 ] } },
{ "type": "Feature", "properties": { "osm_id": "2376_end" }, "geometry": { "type": "Point", "coordinates": [ 118.0567315, 36.7718903 ] } },
{ "type": "Feature", "properties": { "osm_id": "2377_start" }, "geometry": { "type": "Point", "coordinates": [ 118.0580605, 36.7711608 ] } },
{ "type": "Feature", "properties": { "osm_id": "2377_end" }, "geometry": { "type": "Point", "coordinates": [ 118.058942, 36.7776967 ] } },
{ "type": "Feature", "properties": { "osm_id": "2378_start" }, "geometry": { "type": "Point", "coordinates": [ 118.0595939, 36.7763567 ] } },
{ "type": "Feature", "properties": { "osm_id": "2378_end" }, "geometry": { "type": "Point", "coordinates": [ 118.0592129, 36.7737141 ] } },
{ "type": "Feature", "properties": { "osm_id": "2379_start" }, "geometry": { "type": "Point", "coordinates": [ 118.0584109, 36.7737822 ] } },
{ "type": "Feature", "properties": { "osm_id": "2379_end" }, "geometry": { "type": "Point", "coordinates": [ 118.0629121, 36.7733781 ] } },
{ "type": "Feature", "properties": { "osm_id": "2380_start" }, "geometry": { "type": "Point", "coordinates": [ 118.0608206, 36.7754263 ] } },
{ "type": "Feature", "properties": { "osm_id": "2380_end" }, "geometry": { "type": "Point", "coordinates": [ 118.060579, 36.7736248 ] } },
{ "type": "Feature", "properties": { "osm_id": "2381_start" }, "geometry": { "type": "Point", "coordinates": [ 118.0618865, 36.7764988 ] } },
{ "type": "Feature", "properties": { "osm_id": "2381_end" }, "geometry": { "type": "Point", "coordinates": [ 118.0614619, 36.7735206 ] } },
{ "type": "Feature", "properties": { "osm_id": "2382_start" }, "geometry": { "type": "Point", "coordinates": [ 118.0626073, 36.7761087 ] } },
{ "type": "Feature", "properties": { "osm_id": "2382_end" }, "geometry": { "type": "Point", "coordinates": [ 118.0622704, 36.7734759 ] } },
{ "type": "Feature", "properties": { "osm_id": "2383_start" }, "geometry": { "type": "Point", "coordinates": [ 118.059724, 36.7736769 ] } },
{ "type": "Feature", "properties": { "osm_id": "2383_end" }, "geometry": { "type": "Point", "coordinates": [ 118.0592129, 36.7701335 ] } },
{ "type": "Feature", "properties": { "osm_id": "2390_start" }, "geometry": { "type": "Point", "coordinates": [ 117.8965579, 36.7935184 ] } },
{ "type": "Feature", "properties": { "osm_id": "2390_end" }, "geometry": { "type": "Point", "coordinates": [ 117.8966067, 36.8004514 ] } },
{ "type": "Feature", "properties": { "osm_id": "2391_start" }, "geometry": { "type": "Point", "coordinates": [ 117.8957187, 36.7871043 ] } },
{ "type": "Feature", "properties": { "osm_id": "2391_end" }, "geometry": { "type": "Point", "coordinates": [ 117.8965617, 36.7932979 ] } },
{ "type": "Feature", "properties": { "osm_id": "2394_start" }, "geometry": { "type": "Point", "coordinates": [ 118.0220189, 36.6814308 ] } },
{ "type": "Feature", "properties": { "osm_id": "2394_end" }, "geometry": { "type": "Point", "coordinates": [ 118.024041, 36.6826434 ] } },
{ "type": "Feature", "properties": { "osm_id": "2395_start" }, "geometry": { "type": "Point", "coordinates": [ 118.0375187, 36.6799566 ] } },
{ "type": "Feature", "properties": { "osm_id": "2395_end" }, "geometry": { "type": "Point", "coordinates": [ 118.0466833, 36.7006128 ] } },
{ "type": "Feature", "properties": { "osm_id": "2396_start" }, "geometry": { "type": "Point", "coordinates": [ 118.0211433, 36.7329648 ] } },
{ "type": "Feature", "properties": { "osm_id": "2400_end" }, "geometry": { "type": "Point", "coordinates": [ 117.960183, 36.7749779 ] } },
{ "type": "Feature", "properties": { "osm_id": "2401_start" }, "geometry": { "type": "Point", "coordinates": [ 117.959152, 36.7834939 ] } },
{ "type": "Feature", "properties": { "osm_id": "2401_end" }, "geometry": { "type": "Point", "coordinates": [ 117.9546924, 36.7648233 ] } },
{ "type": "Feature", "properties": { "osm_id": "2402_start" }, "geometry": { "type": "Point", "coordinates": [ 118.013749, 36.7378978 ] } },
{ "type": "Feature", "properties": { "osm_id": "2402_end" }, "geometry": { "type": "Point", "coordinates": [ 118.0159375, 36.7376878 ] } },
{ "type": "Feature", "properties": { "osm_id": "2407_end" }, "geometry": { "type": "Point", "coordinates": [ 117.87947, 36.8005886 ] } },
{ "type": "Feature", "properties": { "osm_id": "2408_start" }, "geometry": { "type": "Point", "coordinates": [ 117.9102211, 36.8398175 ] } },
{ "type": "Feature", "properties": { "osm_id": "2408_end" }, "geometry": { "type": "Point", "coordinates": [ 117.917503, 36.8397345 ] } },
{ "type": "Feature", "properties": { "osm_id": "2409_end" }, "geometry": { "type": "Point", "coordinates": [ 117.8971124, 36.8398598 ] } },
{ "type": "Feature", "properties": { "osm_id": "2412_end" }, "geometry": { "type": "Point", "coordinates": [ 117.9066038, 36.8256617 ] } },
{ "type": "Feature", "properties": { "osm_id": "2413_start" }, "geometry": { "type": "Point", "coordinates": [ 117.9068623, 36.8256336 ] } },
{ "type": "Feature", "properties": { "osm_id": "2414_start" }, "geometry": { "type": "Point", "coordinates": [ 117.9060828, 36.8222427 ] } },
{ "type": "Feature", "properties": { "osm_id": "2414_end" }, "geometry": { "type": "Point", "coordinates": [ 117.906324, 36.8232364 ] } },
{ "type": "Feature", "properties": { "osm_id": "2415_start" }, "geometry": { "type": "Point", "coordinates": [ 117.9061029, 36.8232973 ] } },
{ "type": "Feature", "properties": { "osm_id": "2415_end" }, "geometry": { "type": "Point", "coordinates": [ 117.9058754, 36.8222498 ] } },
{ "type": "Feature", "properties": { "osm_id": "2416_start" }, "geometry": { "type": "Point", "coordinates": [ 118.1148678, 36.7151353 ] } },
{ "type": "Feature", "properties": { "osm_id": "2416_end" }, "geometry": { "type": "Point", "coordinates": [ 118.1150442, 36.7149488 ] } },
{ "type": "Feature", "properties": { "osm_id": "2417_start" }, "geometry": { "type": "Point", "coordinates": [ 118.0326144, 36.8206406 ] } },
{ "type": "Feature", "properties": { "osm_id": "2417_end" }, "geometry": { "type": "Point", "coordinates": [ 118.034889, 36.817543 ] } },
{ "type": "Feature", "properties": { "osm_id": "2420_start" }, "geometry": { "type": "Point", "coordinates": [ 118.0015876, 36.8431079 ] } },
{ "type": "Feature", "properties": { "osm_id": "2420_end" }, "geometry": { "type": "Point", "coordinates": [ 118.00139, 36.840706 ] } },
{ "type": "Feature", "properties": { "osm_id": "2421_start" }, "geometry": { "type": "Point", "coordinates": [ 117.9686839, 36.80765 ] } },
{ "type": "Feature", "properties": { "osm_id": "2421_end" }, "geometry": { "type": "Point", "coordinates": [ 117.969354, 36.8119121 ] } },
{ "type": "Feature", "properties": { "osm_id": "2422_start" }, "geometry": { "type": "Point", "coordinates": [ 118.0017306, 36.8037695 ] } },
{ "type": "Feature", "properties": { "osm_id": "2423_start" }, "geometry": { "type": "Point", "coordinates": [ 118.0023535, 36.8032369 ] } },
{ "type": "Feature", "properties": { "osm_id": "2423_end" }, "geometry": { "type": "Point", "coordinates": [ 118.0026056, 36.8032078 ] } },
{ "type": "Feature", "properties": { "osm_id": "2424_start" }, "geometry": { "type": "Point", "coordinates": [ 118.0016395, 36.8035128 ] } },
{ "type": "Feature", "properties": { "osm_id": "2424_end" }, "geometry": { "type": "Point", "coordinates": [ 118.0013843, 36.8033434 ] } },
{ "type": "Feature", "properties": { "osm_id": "2425_start" }, "geometry": { "type": "Point", "coordinates": [ 118.0023903, 36.803454 ] } },
{ "type": "Feature", "properties": { "osm_id": "2426_start" }, "geometry": { "type": "Point", "coordinates": [ 118.0017901, 36.8013363 ] } },
{ "type": "Feature", "properties": { "osm_id": "2426_end" }, "geometry": { "type": "Point", "coordinates": [ 118.0015839, 36.7999235 ] } },
{ "type": "Feature", "properties": { "osm_id": "2427_start" }, "geometry": { "type": "Point", "coordinates": [ 118.002809, 36.803182 ] } },
{ "type": "Feature", "properties": { "osm_id": "2427_end" }, "geometry": { "type": "Point", "coordinates": [ 118.002487, 36.7983724 ] } },
{ "type": "Feature", "properties": { "osm_id": "2428_start" }, "geometry": { "type": "Point", "coordinates": [ 118.0028299, 36.8007326 ] } },
{ "type": "Feature", "properties": { "osm_id": "2428_end" }, "geometry": { "type": "Point", "coordinates": [ 118.0041693, 36.8006018 ] } },
{ "type": "Feature", "properties": { "osm_id": "2429_start" }, "geometry": { "type": "Point", "coordinates": [ 118.0030366, 36.8095284 ] } },
{ "type": "Feature", "properties": { "osm_id": "2429_end" }, "geometry": { "type": "Point", "coordinates": [ 118.0042483, 36.8094178 ] } },
{ "type": "Feature", "properties": { "osm_id": "2430_start" }, "geometry": { "type": "Point", "coordinates": [ 118.003885, 36.809451 ] } },
{ "type": "Feature", "properties": { "osm_id": "2430_end" }, "geometry": { "type": "Point", "coordinates": [ 118.0040217, 36.8090152 ] } },
{ "type": "Feature", "properties": { "osm_id": "2431_end" }, "geometry": { "type": "Point", "coordinates": [ 118.0040751, 36.8094328 ] } },
{ "type": "Feature", "properties": { "osm_id": "2432_start" }, "geometry": { "type": "Point", "coordinates": [ 118.0043644, 36.7996 ] } },
{ "type": "Feature", "properties": { "osm_id": "2432_end" }, "geometry": { "type": "Point", "coordinates": [ 118.0044397, 36.8008218 ] } },
{ "type": "Feature", "properties": { "osm_id": "2433_start" }, "geometry": { "type": "Point", "coordinates": [ 118.0045635, 36.8005926 ] } },
{ "type": "Feature", "properties": { "osm_id": "2433_end" }, "geometry": { "type": "Point", "coordinates": [ 118.0081471, 36.8004618 ] } },
{ "type": "Feature", "properties": { "osm_id": "2434_start" }, "geometry": { "type": "Point", "coordinates": [ 118.0077544, 36.8035918 ] } },
{ "type": "Feature", "properties": { "osm_id": "2434_end" }, "geometry": { "type": "Point", "coordinates": [ 118.0082758, 36.7979259 ] } },
{ "type": "Feature", "properties": { "osm_id": "2435_start" }, "geometry": { "type": "Point", "coordinates": [ 118.0155963, 36.8417501 ] } },
{ "type": "Feature", "properties": { "osm_id": "2435_end" }, "geometry": { "type": "Point", "coordinates": [ 118.0152917, 36.8427185 ] } },
{ "type": "Feature", "properties": { "osm_id": "2436_start" }, "geometry": { "type": "Point", "coordinates": [ 118.0149808, 36.8435218 ] } },
{ "type": "Feature", "properties": { "osm_id": "2436_end" }, "geometry": { "type": "Point", "coordinates": [ 118.0149037, 36.8442915 ] } },
{ "type": "Feature", "properties": { "osm_id": "2437_start" }, "geometry": { "type": "Point", "coordinates": [ 118.015278, 36.8434843 ] } },
{ "type": "Feature", "properties": { "osm_id": "2437_end" }, "geometry": { "type": "Point", "coordinates": [ 118.0154706, 36.8442706 ] } },
{ "type": "Feature", "properties": { "osm_id": "2438_start" }, "geometry": { "type": "Point", "coordinates": [ 118.0141746, 36.8443184 ] } },
{ "type": "Feature", "properties": { "osm_id": "2438_end" }, "geometry": { "type": "Point", "coordinates": [ 118.0161264, 36.8442473 ] } },
{ "type": "Feature", "properties": { "osm_id": "2439_start" }, "geometry": { "type": "Point", "coordinates": [ 118.0141616, 36.8439216 ] } },
{ "type": "Feature", "properties": { "osm_id": "2439_end" }, "geometry": { "type": "Point", "coordinates": [ 118.0161302, 36.8438558 ] } },
{ "type": "Feature", "properties": { "osm_id": "2440_start" }, "geometry": { "type": "Point", "coordinates": [ 118.014931, 36.8435745 ] } },
{ "type": "Feature", "properties": { "osm_id": "2440_end" }, "geometry": { "type": "Point", "coordinates": [ 118.0141607, 36.8435799 ] } },
{ "type": "Feature", "properties": { "osm_id": "2441_start" }, "geometry": { "type": "Point", "coordinates": [ 118.0153076, 36.8435438 ] } },
{ "type": "Feature", "properties": { "osm_id": "2441_end" }, "geometry": { "type": "Point", "coordinates": [ 118.0160879, 36.843548 ] } },
{ "type": "Feature", "properties": { "osm_id": "2442_end" }, "geometry": { "type": "Point", "coordinates": [ 118.0153317, 36.8447054 ] } },
{ "type": "Feature", "properties": { "osm_id": "2443_end" }, "geometry": { "type": "Point", "coordinates": [ 118.0147565, 36.8447392 ] } },
{ "type": "Feature", "properties": { "osm_id": "2444_start" }, "geometry": { "type": "Point", "coordinates": [ 118.0142217, 36.8447706 ] } },
{ "type": "Feature", "properties": { "osm_id": "2444_end" }, "geometry": { "type": "Point", "coordinates": [ 118.0157559, 36.8446804 ] } },
{ "type": "Feature", "properties": { "osm_id": "2445_start" }, "geometry": { "type": "Point", "coordinates": [ 118.0141582, 36.8432334 ] } },
{ "type": "Feature", "properties": { "osm_id": "2445_end" }, "geometry": { "type": "Point", "coordinates": [ 118.0149557, 36.8432042 ] } },
{ "type": "Feature", "properties": { "osm_id": "2446_start" }, "geometry": { "type": "Point", "coordinates": [ 118.0152917, 36.8431896 ] } },
{ "type": "Feature", "properties": { "osm_id": "2446_end" }, "geometry": { "type": "Point", "coordinates": [ 118.0160172, 36.843164 ] } },
{ "type": "Feature", "properties": { "osm_id": "2447_start" }, "geometry": { "type": "Point", "coordinates": [ 118.0149579, 36.8429008 ] } },
{ "type": "Feature", "properties": { "osm_id": "2447_end" }, "geometry": { "type": "Point", "coordinates": [ 118.01414, 36.8429081 ] } },
{ "type": "Feature", "properties": { "osm_id": "2448_start" }, "geometry": { "type": "Point", "coordinates": [ 118.0152917, 36.8428716 ] } },
{ "type": "Feature", "properties": { "osm_id": "2448_end" }, "geometry": { "type": "Point", "coordinates": [ 118.0159761, 36.8428533 ] } },
{ "type": "Feature", "properties": { "osm_id": "2449_start" }, "geometry": { "type": "Point", "coordinates": [ 117.9828519, 36.8402974 ] } },
{ "type": "Feature", "properties": { "osm_id": "2449_end" }, "geometry": { "type": "Point", "coordinates": [ 117.9828103, 36.8396427 ] } },
{ "type": "Feature", "properties": { "osm_id": "2450_start" }, "geometry": { "type": "Point", "coordinates": [ 118.0878743, 36.8089424 ] } },
{ "type": "Feature", "properties": { "osm_id": "2450_end" }, "geometry": { "type": "Point", "coordinates": [ 118.0927996, 36.8063962 ] } },
{ "type": "Feature", "properties": { "osm_id": "2451_start" }, "geometry": { "type": "Point", "coordinates": [ 118.0904791, 36.8086886 ] } },
{ "type": "Feature", "properties": { "osm_id": "2451_end" }, "geometry": { "type": "Point", "coordinates": [ 118.089944, 36.8065711 ] } },
{ "type": "Feature", "properties": { "osm_id": "2452_start" }, "geometry": { "type": "Point", "coordinates": [ 118.0919952, 36.8092529 ] } },
{ "type": "Feature", "properties": { "osm_id": "2452_end" }, "geometry": { "type": "Point", "coordinates": [ 118.0915238, 36.8142413 ] } },
{ "type": "Feature", "properties": { "osm_id": "2453_start" }, "geometry": { "type": "Point", "coordinates": [ 118.0942126, 36.8111939 ] } },
{ "type": "Feature", "properties": { "osm_id": "2453_end" }, "geometry": { "type": "Point", "coordinates": [ 118.0929342, 36.8073244 ] } },
{ "type": "Feature", "properties": { "osm_id": "2454_start" }, "geometry": { "type": "Point", "coordinates": [ 118.0931281, 36.8077738 ] } },
{ "type": "Feature", "properties": { "osm_id": "2454_end" }, "geometry": { "type": "Point", "coordinates": [ 118.0933822, 36.8076703 ] } },
{ "type": "Feature", "properties": { "osm_id": "2455_start" }, "geometry": { "type": "Point", "coordinates": [ 118.0940314, 36.8081087 ] } },
{ "type": "Feature", "properties": { "osm_id": "2455_end" }, "geometry": { "type": "Point", "coordinates": [ 118.0969175, 36.808522 ] } },
{ "type": "Feature", "properties": { "osm_id": "2456_end" }, "geometry": { "type": "Point", "coordinates": [ 118.0987496, 36.8078788 ] } },
{ "type": "Feature", "properties": { "osm_id": "2457_start" }, "geometry": { "type": "Point", "coordinates": [ 118.0950862, 36.8085357 ] } },
{ "type": "Feature", "properties": { "osm_id": "2457_end" }, "geometry": { "type": "Point", "coordinates": [ 118.0950431, 36.8083893 ] } },
{ "type": "Feature", "properties": { "osm_id": "2458_end" }, "geometry": { "type": "Point", "coordinates": [ 118.0983504, 36.8071275 ] } },
{ "type": "Feature", "properties": { "osm_id": "2459_start" }, "geometry": { "type": "Point", "coordinates": [ 118.1003064, 36.8073011 ] } },
{ "type": "Feature", "properties": { "osm_id": "2459_end" }, "geometry": { "type": "Point", "coordinates": [ 118.1052214, 36.8065628 ] } },
{ "type": "Feature", "properties": { "osm_id": "2460_start" }, "geometry": { "type": "Point", "coordinates": [ 117.9843592, 36.8221981 ] } },
{ "type": "Feature", "properties": { "osm_id": "2461_start" }, "geometry": { "type": "Point", "coordinates": [ 117.9843391, 36.8220594 ] } },
{ "type": "Feature", "properties": { "osm_id": "2461_end" }, "geometry": { "type": "Point", "coordinates": [ 117.9847841, 36.8220438 ] } },
{ "type": "Feature", "properties": { "osm_id": "2462_start" }, "geometry": { "type": "Point", "coordinates": [ 118.0142851, 36.853021 ] } },
{ "type": "Feature", "properties": { "osm_id": "2462_end" }, "geometry": { "type": "Point", "coordinates": [ 118.0134648, 36.8476889 ] } },
{ "type": "Feature", "properties": { "osm_id": "2464_start" }, "geometry": { "type": "Point", "coordinates": [ 118.0176847, 36.8417103 ] } },
{ "type": "Feature", "properties": { "osm_id": "2464_end" }, "geometry": { "type": "Point", "coordinates": [ 118.0181409, 36.8459382 ] } },
{ "type": "Feature", "properties": { "osm_id": "2465_start" }, "geometry": { "type": "Point", "coordinates": [ 118.0190825, 36.8470512 ] } },
{ "type": "Feature", "properties": { "osm_id": "2465_end" }, "geometry": { "type": "Point", "coordinates": [ 118.019721, 36.8416435 ] } },
{ "type": "Feature", "properties": { "osm_id": "2466_end" }, "geometry": { "type": "Point", "coordinates": [ 118.0176251, 36.8404001 ] } },
{ "type": "Feature", "properties": { "osm_id": "2467_start" }, "geometry": { "type": "Point", "coordinates": [ 118.0149913, 36.8426584 ] } },
{ "type": "Feature", "properties": { "osm_id": "2467_end" }, "geometry": { "type": "Point", "coordinates": [ 118.0141281, 36.8426625 ] } },
{ "type": "Feature", "properties": { "osm_id": "2468_start" }, "geometry": { "type": "Point", "coordinates": [ 118.0146677, 36.8422364 ] } },
{ "type": "Feature", "properties": { "osm_id": "2468_end" }, "geometry": { "type": "Point", "coordinates": [ 118.0155832, 36.8422295 ] } },
{ "type": "Feature", "properties": { "osm_id": "2472_start" }, "geometry": { "type": "Point", "coordinates": [ 118.12201, 36.7265684 ] } },
{ "type": "Feature", "properties": { "osm_id": "2472_end" }, "geometry": { "type": "Point", "coordinates": [ 118.1424685, 36.7255758 ] } },
{ "type": "Feature", "properties": { "osm_id": "2474_start" }, "geometry": { "type": "Point", "coordinates": [ 117.8735889, 36.7170044 ] } },
{ "type": "Feature", "properties": { "osm_id": "2474_end" }, "geometry": { "type": "Point", "coordinates": [ 117.8745209, 36.7172381 ] } },
{ "type": "Feature", "properties": { "osm_id": "2482_start" }, "geometry": { "type": "Point", "coordinates": [ 117.8896219, 36.8106703 ] } },
{ "type": "Feature", "properties": { "osm_id": "2482_end" }, "geometry": { "type": "Point", "coordinates": [ 117.8955839, 36.8090009 ] } },
{ "type": "Feature", "properties": { "osm_id": "2488_start" }, "geometry": { "type": "Point", "coordinates": [ 118.0506329, 36.7930569 ] } },
{ "type": "Feature", "properties": { "osm_id": "2488_end" }, "geometry": { "type": "Point", "coordinates": [ 118.052683, 36.8000986 ] } },
{ "type": "Feature", "properties": { "osm_id": "2490_start" }, "geometry": { "type": "Point", "coordinates": [ 118.0610674, 36.7956671 ] } },
{ "type": "Feature", "properties": { "osm_id": "2490_end" }, "geometry": { "type": "Point", "coordinates": [ 118.059523, 36.795087 ] } },
{ "type": "Feature", "properties": { "osm_id": "2491_start" }, "geometry": { "type": "Point", "coordinates": [ 118.0623819, 36.7949994 ] } },
{ "type": "Feature", "properties": { "osm_id": "2491_end" }, "geometry": { "type": "Point", "coordinates": [ 118.0612427, 36.7948913 ] } },
{ "type": "Feature", "properties": { "osm_id": "2492_start" }, "geometry": { "type": "Point", "coordinates": [ 118.0611069, 36.7950329 ] } },
{ "type": "Feature", "properties": { "osm_id": "2492_end" }, "geometry": { "type": "Point", "coordinates": [ 118.0607482, 36.795458 ] } },
{ "type": "Feature", "properties": { "osm_id": "2493_start" }, "geometry": { "type": "Point", "coordinates": [ 118.0605128, 36.7964494 ] } },
{ "type": "Feature", "properties": { "osm_id": "2493_end" }, "geometry": { "type": "Point", "coordinates": [ 118.0604815, 36.7959741 ] } },
{ "type": "Feature", "properties": { "osm_id": "2494_start" }, "geometry": { "type": "Point", "coordinates": [ 118.0609493, 36.7947738 ] } },
{ "type": "Feature", "properties": { "osm_id": "2494_end" }, "geometry": { "type": "Point", "coordinates": [ 118.0617106, 36.7939021 ] } },
{ "type": "Feature", "properties": { "osm_id": "2495_start" }, "geometry": { "type": "Point", "coordinates": [ 118.0616481, 36.7942581 ] } },
{ "type": "Feature", "properties": { "osm_id": "2495_end" }, "geometry": { "type": "Point", "coordinates": [ 118.0621634, 36.7938453 ] } },
{ "type": "Feature", "properties": { "osm_id": "2496_start" }, "geometry": { "type": "Point", "coordinates": [ 118.0625518, 36.7958968 ] } },
{ "type": "Feature", "properties": { "osm_id": "2496_end" }, "geometry": { "type": "Point", "coordinates": [ 118.0610354, 36.7952338 ] } },
{ "type": "Feature", "properties": { "osm_id": "2497_start" }, "geometry": { "type": "Point", "coordinates": [ 118.0572569, 36.8014922 ] } },
{ "type": "Feature", "properties": { "osm_id": "2497_end" }, "geometry": { "type": "Point", "coordinates": [ 118.0556154, 36.8043308 ] } },
{ "type": "Feature", "properties": { "osm_id": "2498_start" }, "geometry": { "type": "Point", "coordinates": [ 118.0553507, 36.8031055 ] } },
{ "type": "Feature", "properties": { "osm_id": "2498_end" }, "geometry": { "type": "Point", "coordinates": [ 118.0542711, 36.8032685 ] } },
{ "type": "Feature", "properties": { "osm_id": "2499_start" }, "geometry": { "type": "Point", "coordinates": [ 118.0598136, 36.7999403 ] } },
{ "type": "Feature", "properties": { "osm_id": "2500_start" }, "geometry": { "type": "Point", "coordinates": [ 118.0607903, 36.7998219 ] } },
{ "type": "Feature", "properties": { "osm_id": "2500_end" }, "geometry": { "type": "Point", "coordinates": [ 118.0601258, 36.801598 ] } },
{ "type": "Feature", "properties": { "osm_id": "2501_start" }, "geometry": { "type": "Point", "coordinates": [ 118.061471, 36.7997211 ] } },
{ "type": "Feature", "properties": { "osm_id": "2501_end" }, "geometry": { "type": "Point", "coordinates": [ 118.0610102, 36.8010534 ] } },
{ "type": "Feature", "properties": { "osm_id": "2502_start" }, "geometry": { "type": "Point", "coordinates": [ 118.0588939, 36.8000598 ] } },
{ "type": "Feature", "properties": { "osm_id": "2502_end" }, "geometry": { "type": "Point", "coordinates": [ 118.0589324, 36.8002763 ] } },
{ "type": "Feature", "properties": { "osm_id": "2503_start" }, "geometry": { "type": "Point", "coordinates": [ 118.0588814, 36.8004758 ] } },
{ "type": "Feature", "properties": { "osm_id": "2503_end" }, "geometry": { "type": "Point", "coordinates": [ 118.0590695, 36.8004565 ] } },
{ "type": "Feature", "properties": { "osm_id": "2504_start" }, "geometry": { "type": "Point", "coordinates": [ 118.0588657, 36.8007427 ] } },
{ "type": "Feature", "properties": { "osm_id": "2505_start" }, "geometry": { "type": "Point", "coordinates": [ 118.058824, 36.8004817 ] } },
{ "type": "Feature", "properties": { "osm_id": "2505_end" }, "geometry": { "type": "Point", "coordinates": [ 118.058458, 36.8005149 ] } },
{ "type": "Feature", "properties": { "osm_id": "2506_end" }, "geometry": { "type": "Point", "coordinates": [ 118.0585989, 36.8012502 ] } },
{ "type": "Feature", "properties": { "osm_id": "2507_start" }, "geometry": { "type": "Point", "coordinates": [ 118.0591714, 36.8006383 ] } },
{ "type": "Feature", "properties": { "osm_id": "2507_end" }, "geometry": { "type": "Point", "coordinates": [ 118.0593715, 36.8006136 ] } },
{ "type": "Feature", "properties": { "osm_id": "2508_start" }, "geometry": { "type": "Point", "coordinates": [ 118.0591507, 36.8005084 ] } },
{ "type": "Feature", "properties": { "osm_id": "2508_end" }, "geometry": { "type": "Point", "coordinates": [ 118.0593475, 36.8004834 ] } },
{ "type": "Feature", "properties": { "osm_id": "2509_start" }, "geometry": { "type": "Point", "coordinates": [ 118.0585358, 36.8007783 ] } },
{ "type": "Feature", "properties": { "osm_id": "2509_end" }, "geometry": { "type": "Point", "coordinates": [ 118.0586539, 36.8014645 ] } },
{ "type": "Feature", "properties": { "osm_id": "2511_end" }, "geometry": { "type": "Point", "coordinates": [ 118.0575246, 36.8018156 ] } },
{ "type": "Feature", "properties": { "osm_id": "2512_start" }, "geometry": { "type": "Point", "coordinates": [ 118.0588463, 36.8006212 ] } },
{ "type": "Feature", "properties": { "osm_id": "2512_end" }, "geometry": { "type": "Point", "coordinates": [ 118.0585111, 36.8006549 ] } },
{ "type": "Feature", "properties": { "osm_id": "2513_end" }, "geometry": { "type": "Point", "coordinates": [ 118.0584817, 36.8005136 ] } },
{ "type": "Feature", "properties": { "osm_id": "2525_end" }, "geometry": { "type": "Point", "coordinates": [ 118.0490859, 36.7898028 ] } },
{ "type": "Feature", "properties": { "osm_id": "2530_start" }, "geometry": { "type": "Point", "coordinates": [ 118.0203815, 36.8416465 ] } },
{ "type": "Feature", "properties": { "osm_id": "2530_end" }, "geometry": { "type": "Point", "coordinates": [ 118.0198757, 36.8416547 ] } },
{ "type": "Feature", "properties": { "osm_id": "2532_start" }, "geometry": { "type": "Point", "coordinates": [ 117.9181147, 36.8270301 ] } },
{ "type": "Feature", "properties": { "osm_id": "2532_end" }, "geometry": { "type": "Point", "coordinates": [ 117.9072461, 36.8281921 ] } },
{ "type": "Feature", "properties": { "osm_id": "2533_start" }, "geometry": { "type": "Point", "coordinates": [ 117.9101951, 36.8264699 ] } },
{ "type": "Feature", "properties": { "osm_id": "2534_start" }, "geometry": { "type": "Point", "coordinates": [ 117.906741, 36.8250805 ] } },
{ "type": "Feature", "properties": { "osm_id": "2534_end" }, "geometry": { "type": "Point", "coordinates": [ 117.9089681, 36.824919 ] } },
{ "type": "Feature", "properties": { "osm_id": "2535_start" }, "geometry": { "type": "Point", "coordinates": [ 117.909008, 36.8252483 ] } },
{ "type": "Feature", "properties": { "osm_id": "2535_end" }, "geometry": { "type": "Point", "coordinates": [ 117.9068166, 36.8254252 ] } },
{ "type": "Feature", "properties": { "osm_id": "2538_start" }, "geometry": { "type": "Point", "coordinates": [ 117.9096933, 36.8202041 ] } },
{ "type": "Feature", "properties": { "osm_id": "2538_end" }, "geometry": { "type": "Point", "coordinates": [ 117.9170342, 36.8163622 ] } },
{ "type": "Feature", "properties": { "osm_id": "2539_start" }, "geometry": { "type": "Point", "coordinates": [ 117.9121247, 36.8200914 ] } },
{ "type": "Feature", "properties": { "osm_id": "2539_end" }, "geometry": { "type": "Point", "coordinates": [ 117.9171275, 36.8181422 ] } },
{ "type": "Feature", "properties": { "osm_id": "2540_start" }, "geometry": { "type": "Point", "coordinates": [ 117.934775, 36.8473562 ] } },
{ "type": "Feature", "properties": { "osm_id": "2540_end" }, "geometry": { "type": "Point", "coordinates": [ 117.9345068, 36.841204 ] } },
{ "type": "Feature", "properties": { "osm_id": "2543_start" }, "geometry": { "type": "Point", "coordinates": [ 117.9219038, 36.8232277 ] } },
{ "type": "Feature", "properties": { "osm_id": "2543_end" }, "geometry": { "type": "Point", "coordinates": [ 117.9213933, 36.8197663 ] } },
{ "type": "Feature", "properties": { "osm_id": "2544_start" }, "geometry": { "type": "Point", "coordinates": [ 117.9152887, 36.8016364 ] } },
{ "type": "Feature", "properties": { "osm_id": "2544_end" }, "geometry": { "type": "Point", "coordinates": [ 117.9149644, 36.7992941 ] } },
{ "type": "Feature", "properties": { "osm_id": "2545_start" }, "geometry": { "type": "Point", "coordinates": [ 117.9792956, 36.8283634 ] } },
{ "type": "Feature", "properties": { "osm_id": "2545_end" }, "geometry": { "type": "Point", "coordinates": [ 117.9791133, 36.8255294 ] } },
{ "type": "Feature", "properties": { "osm_id": "2546_start" }, "geometry": { "type": "Point", "coordinates": [ 117.9914658, 36.826492 ] } },
{ "type": "Feature", "properties": { "osm_id": "2546_end" }, "geometry": { "type": "Point", "coordinates": [ 117.9961005, 36.8260725 ] } },
{ "type": "Feature", "properties": { "osm_id": "2547_start" }, "geometry": { "type": "Point", "coordinates": [ 117.9800751, 36.8299245 ] } },
{ "type": "Feature", "properties": { "osm_id": "2547_end" }, "geometry": { "type": "Point", "coordinates": [ 117.9798998, 36.8283258 ] } },
{ "type": "Feature", "properties": { "osm_id": "2548_start" }, "geometry": { "type": "Point", "coordinates": [ 117.9812839, 36.8244365 ] } },
{ "type": "Feature", "properties": { "osm_id": "2548_end" }, "geometry": { "type": "Point", "coordinates": [ 117.9812572, 36.8241553 ] } },
{ "type": "Feature", "properties": { "osm_id": "2549_start" }, "geometry": { "type": "Point", "coordinates": [ 117.9813139, 36.8247322 ] } },
{ "type": "Feature", "properties": { "osm_id": "2550_start" }, "geometry": { "type": "Point", "coordinates": [ 117.981923, 36.8246875 ] } },
{ "type": "Feature", "properties": { "osm_id": "2550_end" }, "geometry": { "type": "Point", "coordinates": [ 117.9818898, 36.8243501 ] } },
{ "type": "Feature", "properties": { "osm_id": "2551_end" }, "geometry": { "type": "Point", "coordinates": [ 117.9818631, 36.8241116 ] } },
{ "type": "Feature", "properties": { "osm_id": "2552_start" }, "geometry": { "type": "Point", "coordinates": [ 117.9822862, 36.8239869 ] } },
{ "type": "Feature", "properties": { "osm_id": "2553_start" }, "geometry": { "type": "Point", "coordinates": [ 117.9800676, 36.8241435 ] } },
{ "type": "Feature", "properties": { "osm_id": "2553_end" }, "geometry": { "type": "Point", "coordinates": [ 117.9796784, 36.8254912 ] } },
{ "type": "Feature", "properties": { "osm_id": "2556_start" }, "geometry": { "type": "Point", "coordinates": [ 117.9819124, 36.8300322 ] } },
{ "type": "Feature", "properties": { "osm_id": "2556_end" }, "geometry": { "type": "Point", "coordinates": [ 117.9818785, 36.8296793 ] } },
{ "type": "Feature", "properties": { "osm_id": "2557_start" }, "geometry": { "type": "Point", "coordinates": [ 117.98194, 36.8303193 ] } },
{ "type": "Feature", "properties": { "osm_id": "2558_start" }, "geometry": { "type": "Point", "coordinates": [ 117.9851913, 36.8221414 ] } },
{ "type": "Feature", "properties": { "osm_id": "2558_end" }, "geometry": { "type": "Point", "coordinates": [ 117.9883968, 36.8218912 ] } },
{ "type": "Feature", "properties": { "osm_id": "2559_start" }, "geometry": { "type": "Point", "coordinates": [ 117.9869782, 36.8232726 ] } },
{ "type": "Feature", "properties": { "osm_id": "2559_end" }, "geometry": { "type": "Point", "coordinates": [ 117.9868082, 36.8220152 ] } },
{ "type": "Feature", "properties": { "osm_id": "2561_start" }, "geometry": { "type": "Point", "coordinates": [ 118.0015503, 36.8574764 ] } },
{ "type": "Feature", "properties": { "osm_id": "2561_end" }, "geometry": { "type": "Point", "coordinates": [ 118.0005175, 36.8486769 ] } },
{ "type": "Feature", "properties": { "osm_id": "2562_end" }, "geometry": { "type": "Point", "coordinates": [ 118.007302, 36.8453512 ] } },
{ "type": "Feature", "properties": { "osm_id": "2563_start" }, "geometry": { "type": "Point", "coordinates": [ 118.0073095, 36.8454581 ] } },
{ "type": "Feature", "properties": { "osm_id": "2564_start" }, "geometry": { "type": "Point", "coordinates": [ 118.0039365, 36.8483026 ] } },
{ "type": "Feature", "properties": { "osm_id": "2567_start" }, "geometry": { "type": "Point", "coordinates": [ 118.0972715, 36.846611 ] } },
{ "type": "Feature", "properties": { "osm_id": "2567_end" }, "geometry": { "type": "Point", "coordinates": [ 118.1039332, 36.8458032 ] } },
{ "type": "Feature", "properties": { "osm_id": "2568_start" }, "geometry": { "type": "Point", "coordinates": [ 118.0975155, 36.8486237 ] } },
{ "type": "Feature", "properties": { "osm_id": "2568_end" }, "geometry": { "type": "Point", "coordinates": [ 118.0969753, 36.8443148 ] } },
{ "type": "Feature", "properties": { "osm_id": "2569_start" }, "geometry": { "type": "Point", "coordinates": [ 118.1063786, 36.8352632 ] } },
{ "type": "Feature", "properties": { "osm_id": "2569_end" }, "geometry": { "type": "Point", "coordinates": [ 118.1086729, 36.8352103 ] } },
{ "type": "Feature", "properties": { "osm_id": "2573_start" }, "geometry": { "type": "Point", "coordinates": [ 118.1112557, 36.8308837 ] } },
{ "type": "Feature", "properties": { "osm_id": "2573_end" }, "geometry": { "type": "Point", "coordinates": [ 118.1145548, 36.8293535 ] } },
{ "type": "Feature", "properties": { "osm_id": "2574_start" }, "geometry": { "type": "Point", "coordinates": [ 118.11457, 36.8325437 ] } },
{ "type": "Feature", "properties": { "osm_id": "2574_end" }, "geometry": { "type": "Point", "coordinates": [ 118.1143786, 36.8310434 ] } },
{ "type": "Feature", "properties": { "osm_id": "2575_start" }, "geometry": { "type": "Point", "coordinates": [ 118.1159983, 36.8303433 ] } },
{ "type": "Feature", "properties": { "osm_id": "2575_end" }, "geometry": { "type": "Point", "coordinates": [ 118.1176051, 36.830194 ] } },
{ "type": "Feature", "properties": { "osm_id": "2576_start" }, "geometry": { "type": "Point", "coordinates": [ 118.1149142, 36.8284339 ] } },
{ "type": "Feature", "properties": { "osm_id": "2576_end" }, "geometry": { "type": "Point", "coordinates": [ 118.115033, 36.8293185 ] } },
{ "type": "Feature", "properties": { "osm_id": "2577_end" }, "geometry": { "type": "Point", "coordinates": [ 118.1144266, 36.8284751 ] } },
{ "type": "Feature", "properties": { "osm_id": "2578_start" }, "geometry": { "type": "Point", "coordinates": [ 118.1144825, 36.828892 ] } },
{ "type": "Feature", "properties": { "osm_id": "2578_end" }, "geometry": { "type": "Point", "coordinates": [ 118.1110481, 36.8287821 ] } },
{ "type": "Feature", "properties": { "osm_id": "2579_start" }, "geometry": { "type": "Point", "coordinates": [ 118.1153767, 36.8287327 ] } },
{ "type": "Feature", "properties": { "osm_id": "2579_end" }, "geometry": { "type": "Point", "coordinates": [ 118.1171866, 36.8285782 ] } },
{ "type": "Feature", "properties": { "osm_id": "2580_start" }, "geometry": { "type": "Point", "coordinates": [ 118.1156956, 36.8283753 ] } },
{ "type": "Feature", "properties": { "osm_id": "2580_end" }, "geometry": { "type": "Point", "coordinates": [ 118.1157435, 36.8287014 ] } },
{ "type": "Feature", "properties": { "osm_id": "2581_start" }, "geometry": { "type": "Point", "coordinates": [ 118.1166246, 36.8282944 ] } },
{ "type": "Feature", "properties": { "osm_id": "2581_end" }, "geometry": { "type": "Point", "coordinates": [ 118.1166853, 36.828621 ] } },
{ "type": "Feature", "properties": { "osm_id": "2582_start" }, "geometry": { "type": "Point", "coordinates": [ 118.1145519, 36.8324021 ] } },
{ "type": "Feature", "properties": { "osm_id": "2582_end" }, "geometry": { "type": "Point", "coordinates": [ 118.1172055, 36.8323021 ] } },
{ "type": "Feature", "properties": { "osm_id": "2587_start" }, "geometry": { "type": "Point", "coordinates": [ 118.118865, 36.8284456 ] } },
{ "type": "Feature", "properties": { "osm_id": "2587_end" }, "geometry": { "type": "Point", "coordinates": [ 118.1209267, 36.8282591 ] } },
{ "type": "Feature", "properties": { "osm_id": "2588_start" }, "geometry": { "type": "Point", "coordinates": [ 118.1196889, 36.8282569 ] } },
{ "type": "Feature", "properties": { "osm_id": "2588_end" }, "geometry": { "type": "Point", "coordinates": [ 118.1196645, 36.8280286 ] } },
{ "type": "Feature", "properties": { "osm_id": "2589_start" }, "geometry": { "type": "Point", "coordinates": [ 118.1220415, 36.8281709 ] } },
{ "type": "Feature", "properties": { "osm_id": "2589_end" }, "geometry": { "type": "Point", "coordinates": [ 118.1235572, 36.8280486 ] } },
{ "type": "Feature", "properties": { "osm_id": "2590_start" }, "geometry": { "type": "Point", "coordinates": [ 118.1223808, 36.8281435 ] } },
{ "type": "Feature", "properties": { "osm_id": "2590_end" }, "geometry": { "type": "Point", "coordinates": [ 118.1223417, 36.8277929 ] } },
{ "type": "Feature", "properties": { "osm_id": "2591_start" }, "geometry": { "type": "Point", "coordinates": [ 118.1175793, 36.8285432 ] } },
{ "type": "Feature", "properties": { "osm_id": "2591_end" }, "geometry": { "type": "Point", "coordinates": [ 118.1184487, 36.828479 ] } },
{ "type": "Feature", "properties": { "osm_id": "2592_start" }, "geometry": { "type": "Point", "coordinates": [ 118.1179419, 36.8285164 ] } },
{ "type": "Feature", "properties": { "osm_id": "2592_end" }, "geometry": { "type": "Point", "coordinates": [ 118.1179163, 36.8281696 ] } },
{ "type": "Feature", "properties": { "osm_id": "2593_end" }, "geometry": { "type": "Point", "coordinates": [ 118.1241044, 36.827667 ] } },
{ "type": "Feature", "properties": { "osm_id": "2594_start" }, "geometry": { "type": "Point", "coordinates": [ 118.1243243, 36.8275899 ] } },
{ "type": "Feature", "properties": { "osm_id": "2594_end" }, "geometry": { "type": "Point", "coordinates": [ 118.1257321, 36.8332886 ] } },
{ "type": "Feature", "properties": { "osm_id": "2595_start" }, "geometry": { "type": "Point", "coordinates": [ 118.1279068, 36.8373004 ] } },
{ "type": "Feature", "properties": { "osm_id": "2595_end" }, "geometry": { "type": "Point", "coordinates": [ 118.1265993, 36.8407738 ] } },
{ "type": "Feature", "properties": { "osm_id": "2596_start" }, "geometry": { "type": "Point", "coordinates": [ 118.1256893, 36.8463125 ] } },
{ "type": "Feature", "properties": { "osm_id": "2596_end" }, "geometry": { "type": "Point", "coordinates": [ 118.1255916, 36.8372017 ] } },
{ "type": "Feature", "properties": { "osm_id": "2597_start" }, "geometry": { "type": "Point", "coordinates": [ 118.125889, 36.8462973 ] } },
{ "type": "Feature", "properties": { "osm_id": "2597_end" }, "geometry": { "type": "Point", "coordinates": [ 118.1270996, 36.8574989 ] } },
{ "type": "Feature", "properties": { "osm_id": "2598_start" }, "geometry": { "type": "Point", "coordinates": [ 118.1211312, 36.8228827 ] } },
{ "type": "Feature", "properties": { "osm_id": "2598_end" }, "geometry": { "type": "Point", "coordinates": [ 118.1204292, 36.8143359 ] } },
{ "type": "Feature", "properties": { "osm_id": "2599_start" }, "geometry": { "type": "Point", "coordinates": [ 118.1205809, 36.8143549 ] } },
{ "type": "Feature", "properties": { "osm_id": "2599_end" }, "geometry": { "type": "Point", "coordinates": [ 118.1212711, 36.8228298 ] } },
{ "type": "Feature", "properties": { "osm_id": "2600_start" }, "geometry": { "type": "Point", "coordinates": [ 118.1221669, 36.8245856 ] } },
{ "type": "Feature", "properties": { "osm_id": "2601_start" }, "geometry": { "type": "Point", "coordinates": [ 118.1206368, 36.8138507 ] } },
{ "type": "Feature", "properties": { "osm_id": "2601_end" }, "geometry": { "type": "Point", "coordinates": [ 118.1223625, 36.8244985 ] } },
{ "type": "Feature", "properties": { "osm_id": "2602_start" }, "geometry": { "type": "Point", "coordinates": [ 118.0536592, 36.8447189 ] } },
{ "type": "Feature", "properties": { "osm_id": "2602_end" }, "geometry": { "type": "Point", "coordinates": [ 118.0621841, 36.8437811 ] } },
{ "type": "Feature", "properties": { "osm_id": "2603_start" }, "geometry": { "type": "Point", "coordinates": [ 118.0609462, 36.8455817 ] } },
{ "type": "Feature", "properties": { "osm_id": "2603_end" }, "geometry": { "type": "Point", "coordinates": [ 118.0603448, 36.8425972 ] } },
{ "type": "Feature", "properties": { "osm_id": "2604_start" }, "geometry": { "type": "Point", "coordinates": [ 118.0574603, 36.8443439 ] } },
{ "type": "Feature", "properties": { "osm_id": "2604_end" }, "geometry": { "type": "Point", "coordinates": [ 118.0575343, 36.84278 ] } },
{ "type": "Feature", "properties": { "osm_id": "2605_start" }, "geometry": { "type": "Point", "coordinates": [ 118.0554511, 36.844584 ] } },
{ "type": "Feature", "properties": { "osm_id": "2605_end" }, "geometry": { "type": "Point", "coordinates": [ 118.0554247, 36.8382701 ] } },
{ "type": "Feature", "properties": { "osm_id": "2606_start" }, "geometry": { "type": "Point", "coordinates": [ 118.0525968, 36.8405968 ] } },
{ "type": "Feature", "properties": { "osm_id": "2606_end" }, "geometry": { "type": "Point", "coordinates": [ 118.0554375, 36.8406018 ] } },
{ "type": "Feature", "properties": { "osm_id": "2607_start" }, "geometry": { "type": "Point", "coordinates": [ 118.0661422, 36.8375875 ] } },
{ "type": "Feature", "properties": { "osm_id": "2608_end" }, "geometry": { "type": "Point", "coordinates": [ 118.0661165, 36.8377055 ] } },
{ "type": "Feature", "properties": { "osm_id": "2609_start" }, "geometry": { "type": "Point", "coordinates": [ 118.0735127, 36.8408549 ] } },
{ "type": "Feature", "properties": { "osm_id": "2609_end" }, "geometry": { "type": "Point", "coordinates": [ 118.0821106, 36.8405202 ] } },
{ "type": "Feature", "properties": { "osm_id": "2614_start" }, "geometry": { "type": "Point", "coordinates": [ 118.0705091, 36.8372236 ] } },
{ "type": "Feature", "properties": { "osm_id": "2614_end" }, "geometry": { "type": "Point", "coordinates": [ 118.0701464, 36.834559 ] } },
{ "type": "Feature", "properties": { "osm_id": "2615_start" }, "geometry": { "type": "Point", "coordinates": [ 118.0701718, 36.8343299 ] } },
{ "type": "Feature", "properties": { "osm_id": "2615_end" }, "geometry": { "type": "Point", "coordinates": [ 118.0701402, 36.8309951 ] } },
{ "type": "Feature", "properties": { "osm_id": "2617_start" }, "geometry": { "type": "Point", "coordinates": [ 118.0819292, 36.8267781 ] } },
{ "type": "Feature", "properties": { "osm_id": "2617_end" }, "geometry": { "type": "Point", "coordinates": [ 118.0849521, 36.8252375 ] } },
{ "type": "Feature", "properties": { "osm_id": "2618_start" }, "geometry": { "type": "Point", "coordinates": [ 118.0837476, 36.8267375 ] } },
{ "type": "Feature", "properties": { "osm_id": "2618_end" }, "geometry": { "type": "Point", "coordinates": [ 118.0835421, 36.8255579 ] } },
{ "type": "Feature", "properties": { "osm_id": "2619_start" }, "geometry": { "type": "Point", "coordinates": [ 117.9752257, 36.8471944 ] } },
{ "type": "Feature", "properties": { "osm_id": "2619_end" }, "geometry": { "type": "Point", "coordinates": [ 117.9683769, 36.8475742 ] } },
{ "type": "Feature", "properties": { "osm_id": "2620_start" }, "geometry": { "type": "Point", "coordinates": [ 117.9809193, 36.854002 ] } },
{ "type": "Feature", "properties": { "osm_id": "2620_end" }, "geometry": { "type": "Point", "coordinates": [ 117.9806084, 36.849893 ] } },
{ "type": "Feature", "properties": { "osm_id": "2621_start" }, "geometry": { "type": "Point", "coordinates": [ 117.9775667, 36.8470086 ] } },
{ "type": "Feature", "properties": { "osm_id": "2621_end" }, "geometry": { "type": "Point", "coordinates": [ 117.979598, 36.8469227 ] } },
{ "type": "Feature", "properties": { "osm_id": "2624_start" }, "geometry": { "type": "Point", "coordinates": [ 118.1490755, 36.7571668 ] } },
{ "type": "Feature", "properties": { "osm_id": "2624_end" }, "geometry": { "type": "Point", "coordinates": [ 118.1672957, 36.7569857 ] } },
{ "type": "Feature", "properties": { "osm_id": "2626_end" }, "geometry": { "type": "Point", "coordinates": [ 118.1226954, 36.7935915 ] } },
{ "type": "Feature", "properties": { "osm_id": "2627_end" }, "geometry": { "type": "Point", "coordinates": [ 118.1238281, 36.7938113 ] } },
{ "type": "Feature", "properties": { "osm_id": "2629_start" }, "geometry": { "type": "Point", "coordinates": [ 118.1214304, 36.7947795 ] } },
{ "type": "Feature", "properties": { "osm_id": "2629_end" }, "geometry": { "type": "Point", "coordinates": [ 118.1219878, 36.7953039 ] } },
{ "type": "Feature", "properties": { "osm_id": "2630_start" }, "geometry": { "type": "Point", "coordinates": [ 118.1229322, 36.7975934 ] } },
{ "type": "Feature", "properties": { "osm_id": "2630_end" }, "geometry": { "type": "Point", "coordinates": [ 118.1231625, 36.7925078 ] } },
{ "type": "Feature", "properties": { "osm_id": "2644_start" }, "geometry": { "type": "Point", "coordinates": [ 118.0689278, 36.8201675 ] } },
{ "type": "Feature", "properties": { "osm_id": "2644_end" }, "geometry": { "type": "Point", "coordinates": [ 118.0680319, 36.8164428 ] } },
{ "type": "Feature", "properties": { "osm_id": "2659_start" }, "geometry": { "type": "Point", "coordinates": [ 117.9026748, 36.7391986 ] } },
{ "type": "Feature", "properties": { "osm_id": "2659_end" }, "geometry": { "type": "Point", "coordinates": [ 117.9032656, 36.7406103 ] } },
{ "type": "Feature", "properties": { "osm_id": "2661_start" }, "geometry": { "type": "Point", "coordinates": [ 117.9033465, 36.7479141 ] } },
{ "type": "Feature", "properties": { "osm_id": "2662_end" }, "geometry": { "type": "Point", "coordinates": [ 117.9031912, 36.7478769 ] } },
{ "type": "Feature", "properties": { "osm_id": "2675_end" }, "geometry": { "type": "Point", "coordinates": [ 117.9001021, 36.7447519 ] } },
{ "type": "Feature", "properties": { "osm_id": "2676_end" }, "geometry": { "type": "Point", "coordinates": [ 117.9124344, 36.7378519 ] } },
{ "type": "Feature", "properties": { "osm_id": "2685_start" }, "geometry": { "type": "Point", "coordinates": [ 117.8878283, 36.6887084 ] } },
{ "type": "Feature", "properties": { "osm_id": "2685_end" }, "geometry": { "type": "Point", "coordinates": [ 117.8870183, 36.688446 ] } },
{ "type": "Feature", "properties": { "osm_id": "2686_start" }, "geometry": { "type": "Point", "coordinates": [ 117.8888599, 36.6890154 ] } },
{ "type": "Feature", "properties": { "osm_id": "2687_start" }, "geometry": { "type": "Point", "coordinates": [ 117.8881073, 36.6884288 ] } },
{ "type": "Feature", "properties": { "osm_id": "2687_end" }, "geometry": { "type": "Point", "coordinates": [ 117.8892293, 36.6889664 ] } },
{ "type": "Feature", "properties": { "osm_id": "2688_start" }, "geometry": { "type": "Point", "coordinates": [ 117.8873402, 36.688119 ] } },
{ "type": "Feature", "properties": { "osm_id": "2689_start" }, "geometry": { "type": "Point", "coordinates": [ 117.8756089, 36.6800871 ] } },
{ "type": "Feature", "properties": { "osm_id": "2690_end" }, "geometry": { "type": "Point", "coordinates": [ 117.8755069, 36.6802871 ] } },
{ "type": "Feature", "properties": { "osm_id": "2698_start" }, "geometry": { "type": "Point", "coordinates": [ 118.0342717, 36.7880319 ] } },
{ "type": "Feature", "properties": { "osm_id": "2698_end" }, "geometry": { "type": "Point", "coordinates": [ 118.0277552, 36.7891267 ] } },
{ "type": "Feature", "properties": { "osm_id": "2699_start" }, "geometry": { "type": "Point", "coordinates": [ 118.0176918, 36.7897837 ] } },
{ "type": "Feature", "properties": { "osm_id": "2700_start" }, "geometry": { "type": "Point", "coordinates": [ 118.0179069, 36.789755 ] } },
{ "type": "Feature", "properties": { "osm_id": "2701_end" }, "geometry": { "type": "Point", "coordinates": [ 118.0406328, 36.787418 ] } },
{ "type": "Feature", "properties": { "osm_id": "2703_start" }, "geometry": { "type": "Point", "coordinates": [ 118.0192683, 36.8083111 ] } },
{ "type": "Feature", "properties": { "osm_id": "2704_start" }, "geometry": { "type": "Point", "coordinates": [ 118.0565221, 36.8109052 ] } },
{ "type": "Feature", "properties": { "osm_id": "2704_end" }, "geometry": { "type": "Point", "coordinates": [ 118.050377, 36.8121237 ] } },
{ "type": "Feature", "properties": { "osm_id": "2705_start" }, "geometry": { "type": "Point", "coordinates": [ 118.0385965, 36.813766 ] } },
{ "type": "Feature", "properties": { "osm_id": "2706_start" }, "geometry": { "type": "Point", "coordinates": [ 118.0453727, 36.8130835 ] } },
{ "type": "Feature", "properties": { "osm_id": "2707_start" }, "geometry": { "type": "Point", "coordinates": [ 118.0622351, 36.8097646 ] } },
{ "type": "Feature", "properties": { "osm_id": "2707_end" }, "geometry": { "type": "Point", "coordinates": [ 118.0566639, 36.8108781 ] } },
{ "type": "Feature", "properties": { "osm_id": "2708_end" }, "geometry": { "type": "Point", "coordinates": [ 118.0677557, 36.8085952 ] } },
{ "type": "Feature", "properties": { "osm_id": "2709_start" }, "geometry": { "type": "Point", "coordinates": [ 118.0628024, 36.8096383 ] } },
{ "type": "Feature", "properties": { "osm_id": "2709_end" }, "geometry": { "type": "Point", "coordinates": [ 118.0625367, 36.8096939 ] } },
{ "type": "Feature", "properties": { "osm_id": "2710_start" }, "geometry": { "type": "Point", "coordinates": [ 118.0136623, 36.8371095 ] } },
{ "type": "Feature", "properties": { "osm_id": "2710_end" }, "geometry": { "type": "Point", "coordinates": [ 118.0136491, 36.8368922 ] } },
{ "type": "Feature", "properties": { "osm_id": "2711_start" }, "geometry": { "type": "Point", "coordinates": [ 118.0323653, 36.8533852 ] } },
{ "type": "Feature", "properties": { "osm_id": "2712_start" }, "geometry": { "type": "Point", "coordinates": [ 118.0724937, 36.7898125 ] } },
{ "type": "Feature", "properties": { "osm_id": "2712_end" }, "geometry": { "type": "Point", "coordinates": [ 118.0713637, 36.7858773 ] } },
{ "type": "Feature", "properties": { "osm_id": "2713_start" }, "geometry": { "type": "Point", "coordinates": [ 118.0721617, 36.7881292 ] } },
{ "type": "Feature", "properties": { "osm_id": "2713_end" }, "geometry": { "type": "Point", "coordinates": [ 118.0660905, 36.7890561 ] } },
{ "type": "Feature", "properties": { "osm_id": "2714_start" }, "geometry": { "type": "Point", "coordinates": [ 118.0314658, 36.8259549 ] } },
{ "type": "Feature", "properties": { "osm_id": "2714_end" }, "geometry": { "type": "Point", "coordinates": [ 118.0346734, 36.8259402 ] } },
{ "type": "Feature", "properties": { "osm_id": "2715_start" }, "geometry": { "type": "Point", "coordinates": [ 118.0320122, 36.8279307 ] } },
{ "type": "Feature", "properties": { "osm_id": "2715_end" }, "geometry": { "type": "Point", "coordinates": [ 118.0320122, 36.8242524 ] } },
{ "type": "Feature", "properties": { "osm_id": "2716_end" }, "geometry": { "type": "Point", "coordinates": [ 118.0350757, 36.8240953 ] } },
{ "type": "Feature", "properties": { "osm_id": "2717_start" }, "geometry": { "type": "Point", "coordinates": [ 118.0349512, 36.8241017 ] } },
{ "type": "Feature", "properties": { "osm_id": "2717_end" }, "geometry": { "type": "Point", "coordinates": [ 118.0349636, 36.8236916 ] } },
{ "type": "Feature", "properties": { "osm_id": "2718_start" }, "geometry": { "type": "Point", "coordinates": [ 118.0334597, 36.8259457 ] } },
{ "type": "Feature", "properties": { "osm_id": "2718_end" }, "geometry": { "type": "Point", "coordinates": [ 118.0331047, 36.8241964 ] } },
{ "type": "Feature", "properties": { "osm_id": "2719_start" }, "geometry": { "type": "Point", "coordinates": [ 118.0341128, 36.8241447 ] } },
{ "type": "Feature", "properties": { "osm_id": "2719_end" }, "geometry": { "type": "Point", "coordinates": [ 118.0340857, 36.8250897 ] } },
{ "type": "Feature", "properties": { "osm_id": "2720_start" }, "geometry": { "type": "Point", "coordinates": [ 118.0345525, 36.8259407 ] } },
{ "type": "Feature", "properties": { "osm_id": "2720_end" }, "geometry": { "type": "Point", "coordinates": [ 118.0340763, 36.8252691 ] } },
{ "type": "Feature", "properties": { "osm_id": "2721_start" }, "geometry": { "type": "Point", "coordinates": [ 118.0310198, 36.8242599 ] } },
{ "type": "Feature", "properties": { "osm_id": "2721_end" }, "geometry": { "type": "Point", "coordinates": [ 118.0309042, 36.8242597 ] } },
{ "type": "Feature", "properties": { "osm_id": "2722_start" }, "geometry": { "type": "Point", "coordinates": [ 118.028203, 36.8267804 ] } },
{ "type": "Feature", "properties": { "osm_id": "2722_end" }, "geometry": { "type": "Point", "coordinates": [ 118.0262501, 36.8251714 ] } },
{ "type": "Feature", "properties": { "osm_id": "2723_start" }, "geometry": { "type": "Point", "coordinates": [ 118.0269964, 36.8251572 ] } },
{ "type": "Feature", "properties": { "osm_id": "2723_end" }, "geometry": { "type": "Point", "coordinates": [ 118.0282125, 36.8251494 ] } },
{ "type": "Feature", "properties": { "osm_id": "2724_start" }, "geometry": { "type": "Point", "coordinates": [ 118.0295606, 36.82365 ] } },
{ "type": "Feature", "properties": { "osm_id": "2724_end" }, "geometry": { "type": "Point", "coordinates": [ 118.0310262, 36.8254855 ] } },
{ "type": "Feature", "properties": { "osm_id": "2725_start" }, "geometry": { "type": "Point", "coordinates": [ 118.0294802, 36.8255094 ] } },
{ "type": "Feature", "properties": { "osm_id": "2725_end" }, "geometry": { "type": "Point", "coordinates": [ 118.0293433, 36.8270281 ] } },
{ "type": "Feature", "properties": { "osm_id": "2726_end" }, "geometry": { "type": "Point", "coordinates": [ 118.0302902, 36.8267761 ] } },
{ "type": "Feature", "properties": { "osm_id": "2727_end" }, "geometry": { "type": "Point", "coordinates": [ 118.0295499, 36.8233838 ] } },
{ "type": "Feature", "properties": { "osm_id": "2728_end" }, "geometry": { "type": "Point", "coordinates": [ 118.0302741, 36.8236543 ] } },
{ "type": "Feature", "properties": { "osm_id": "2729_start" }, "geometry": { "type": "Point", "coordinates": [ 118.0263162, 36.8230674 ] } },
{ "type": "Feature", "properties": { "osm_id": "2729_end" }, "geometry": { "type": "Point", "coordinates": [ 118.0235097, 36.8286854 ] } },
{ "type": "Feature", "properties": { "osm_id": "2730_start" }, "geometry": { "type": "Point", "coordinates": [ 118.02341, 36.8278709 ] } },
{ "type": "Feature", "properties": { "osm_id": "2730_end" }, "geometry": { "type": "Point", "coordinates": [ 118.0200654, 36.8256916 ] } },
{ "type": "Feature", "properties": { "osm_id": "2731_start" }, "geometry": { "type": "Point", "coordinates": [ 118.0221093, 36.8257054 ] } },
{ "type": "Feature", "properties": { "osm_id": "2731_end" }, "geometry": { "type": "Point", "coordinates": [ 118.0247563, 36.8235086 ] } },
{ "type": "Feature", "properties": { "osm_id": "2732_start" }, "geometry": { "type": "Point", "coordinates": [ 118.0077178, 36.8427457 ] } },
{ "type": "Feature", "properties": { "osm_id": "2732_end" }, "geometry": { "type": "Point", "coordinates": [ 118.0077954, 36.8374198 ] } },
{ "type": "Feature", "properties": { "osm_id": "2733_start" }, "geometry": { "type": "Point", "coordinates": [ 118.0077539, 36.8428799 ] } },
{ "type": "Feature", "properties": { "osm_id": "2733_end" }, "geometry": { "type": "Point", "coordinates": [ 118.0079299, 36.8466618 ] } },
{ "type": "Feature", "properties": { "osm_id": "2749_start" }, "geometry": { "type": "Point", "coordinates": [ 117.9107045, 36.7565929 ] } },
{ "type": "Feature", "properties": { "osm_id": "2749_end" }, "geometry": { "type": "Point", "coordinates": [ 117.9079694, 36.7565977 ] } },
{ "type": "Feature", "properties": { "osm_id": "2750_end" }, "geometry": { "type": "Point", "coordinates": [ 117.9077467, 36.7566123 ] } },
{ "type": "Feature", "properties": { "osm_id": "2752_end" }, "geometry": { "type": "Point", "coordinates": [ 118.0546432, 36.8485411 ] } },
{ "type": "Feature", "properties": { "osm_id": "2754_start" }, "geometry": { "type": "Point", "coordinates": [ 118.0291725, 36.7596534 ] } },
{ "type": "Feature", "properties": { "osm_id": "2754_end" }, "geometry": { "type": "Point", "coordinates": [ 118.0372612, 36.7808264 ] } },
{ "type": "Feature", "properties": { "osm_id": "2755_start" }, "geometry": { "type": "Point", "coordinates": [ 118.0371147, 36.7808738 ] } },
{ "type": "Feature", "properties": { "osm_id": "2755_end" }, "geometry": { "type": "Point", "coordinates": [ 118.0289373, 36.759651 ] } },
{ "type": "Feature", "properties": { "osm_id": "2759_start" }, "geometry": { "type": "Point", "coordinates": [ 118.0461908, 36.7605584 ] } },
{ "type": "Feature", "properties": { "osm_id": "2759_end" }, "geometry": { "type": "Point", "coordinates": [ 118.0486395, 36.7600192 ] } },
{ "type": "Feature", "properties": { "osm_id": "2760_start" }, "geometry": { "type": "Point", "coordinates": [ 118.0369528, 36.7588203 ] } },
{ "type": "Feature", "properties": { "osm_id": "2760_end" }, "geometry": { "type": "Point", "coordinates": [ 118.0380084, 36.7540941 ] } },
{ "type": "Feature", "properties": { "osm_id": "2762_start" }, "geometry": { "type": "Point", "coordinates": [ 118.0247882, 36.7659349 ] } },
{ "type": "Feature", "properties": { "osm_id": "2762_end" }, "geometry": { "type": "Point", "coordinates": [ 118.0245229, 36.7624754 ] } },
{ "type": "Feature", "properties": { "osm_id": "2763_end" }, "geometry": { "type": "Point", "coordinates": [ 118.024394, 36.7604877 ] } },
{ "type": "Feature", "properties": { "osm_id": "2764_start" }, "geometry": { "type": "Point", "coordinates": [ 118.0245576, 36.7604871 ] } },
{ "type": "Feature", "properties": { "osm_id": "2765_start" }, "geometry": { "type": "Point", "coordinates": [ 118.0500649, 36.7839224 ] } },
{ "type": "Feature", "properties": { "osm_id": "2765_end" }, "geometry": { "type": "Point", "coordinates": [ 118.0727622, 36.776366 ] } },
{ "type": "Feature", "properties": { "osm_id": "2766_start" }, "geometry": { "type": "Point", "coordinates": [ 118.0430575, 36.7864974 ] } },
{ "type": "Feature", "properties": { "osm_id": "2766_end" }, "geometry": { "type": "Point", "coordinates": [ 118.0431946, 36.7864423 ] } },
{ "type": "Feature", "properties": { "osm_id": "2767_start" }, "geometry": { "type": "Point", "coordinates": [ 118.0473345, 36.7848681 ] } },
{ "type": "Feature", "properties": { "osm_id": "2767_end" }, "geometry": { "type": "Point", "coordinates": [ 118.0478697, 36.7846806 ] } },
{ "type": "Feature", "properties": { "osm_id": "2768_start" }, "geometry": { "type": "Point", "coordinates": [ 118.0729514, 36.7764327 ] } },
{ "type": "Feature", "properties": { "osm_id": "2768_end" }, "geometry": { "type": "Point", "coordinates": [ 118.0529321, 36.7832496 ] } },
{ "type": "Feature", "properties": { "osm_id": "2769_start" }, "geometry": { "type": "Point", "coordinates": [ 118.0474966, 36.7851813 ] } },
{ "type": "Feature", "properties": { "osm_id": "2769_end" }, "geometry": { "type": "Point", "coordinates": [ 118.0433425, 36.786605 ] } },
{ "type": "Feature", "properties": { "osm_id": "2770_start" }, "geometry": { "type": "Point", "coordinates": [ 118.0480642, 36.7849927 ] } },
{ "type": "Feature", "properties": { "osm_id": "2771_start" }, "geometry": { "type": "Point", "coordinates": [ 118.0523005, 36.7804121 ] } },
{ "type": "Feature", "properties": { "osm_id": "2772_end" }, "geometry": { "type": "Point", "coordinates": [ 118.0516563, 36.772732 ] } },
{ "type": "Feature", "properties": { "osm_id": "2773_start" }, "geometry": { "type": "Point", "coordinates": [ 118.0582387, 36.7782538 ] } },
{ "type": "Feature", "properties": { "osm_id": "2773_end" }, "geometry": { "type": "Point", "coordinates": [ 118.0587611, 36.7796123 ] } },
{ "type": "Feature", "properties": { "osm_id": "2774_start" }, "geometry": { "type": "Point", "coordinates": [ 118.0166164, 36.7714917 ] } },
{ "type": "Feature", "properties": { "osm_id": "2774_end" }, "geometry": { "type": "Point", "coordinates": [ 118.0250907, 36.7709484 ] } },
{ "type": "Feature", "properties": { "osm_id": "2775_start" }, "geometry": { "type": "Point", "coordinates": [ 118.0764654, 36.7759051 ] } },
{ "type": "Feature", "properties": { "osm_id": "2776_end" }, "geometry": { "type": "Point", "coordinates": [ 118.075666, 36.7729837 ] } },
{ "type": "Feature", "properties": { "osm_id": "2777_start" }, "geometry": { "type": "Point", "coordinates": [ 118.0758821, 36.7737624 ] } },
{ "type": "Feature", "properties": { "osm_id": "2777_end" }, "geometry": { "type": "Point", "coordinates": [ 118.0757667, 36.7733385 ] } },
{ "type": "Feature", "properties": { "osm_id": "2778_start" }, "geometry": { "type": "Point", "coordinates": [ 118.0746138, 36.773164 ] } },
{ "type": "Feature", "properties": { "osm_id": "2778_end" }, "geometry": { "type": "Point", "coordinates": [ 118.0738921, 36.7730868 ] } },
{ "type": "Feature", "properties": { "osm_id": "2779_start" }, "geometry": { "type": "Point", "coordinates": [ 118.0520082, 36.8021612 ] } },
{ "type": "Feature", "properties": { "osm_id": "2779_end" }, "geometry": { "type": "Point", "coordinates": [ 118.0509391, 36.801917 ] } },
{ "type": "Feature", "properties": { "osm_id": "2781_start" }, "geometry": { "type": "Point", "coordinates": [ 118.0527694, 36.801993 ] } },
{ "type": "Feature", "properties": { "osm_id": "2781_end" }, "geometry": { "type": "Point", "coordinates": [ 118.0537325, 36.8015169 ] } },
{ "type": "Feature", "properties": { "osm_id": "2782_start" }, "geometry": { "type": "Point", "coordinates": [ 118.053579, 36.8015581 ] } },
{ "type": "Feature", "properties": { "osm_id": "2782_end" }, "geometry": { "type": "Point", "coordinates": [ 118.0521575, 36.8010865 ] } },
{ "type": "Feature", "properties": { "osm_id": "2783_start" }, "geometry": { "type": "Point", "coordinates": [ 118.0522247, 36.8012477 ] } },
{ "type": "Feature", "properties": { "osm_id": "2783_end" }, "geometry": { "type": "Point", "coordinates": [ 118.0508484, 36.8015351 ] } },
{ "type": "Feature", "properties": { "osm_id": "2784_start" }, "geometry": { "type": "Point", "coordinates": [ 118.0534042, 36.8015873 ] } },
{ "type": "Feature", "properties": { "osm_id": "2784_end" }, "geometry": { "type": "Point", "coordinates": [ 118.0531284, 36.8010498 ] } },
{ "type": "Feature", "properties": { "osm_id": "2785_start" }, "geometry": { "type": "Point", "coordinates": [ 118.0532718, 36.8016095 ] } },
{ "type": "Feature", "properties": { "osm_id": "2788_end" }, "geometry": { "type": "Point", "coordinates": [ 117.8618037, 36.8106328 ] } },
{ "type": "Feature", "properties": { "osm_id": "2789_start" }, "geometry": { "type": "Point", "coordinates": [ 117.8690924, 36.8106621 ] } },
{ "type": "Feature", "properties": { "osm_id": "2789_end" }, "geometry": { "type": "Point", "coordinates": [ 117.8769569, 36.8108811 ] } },
{ "type": "Feature", "properties": { "osm_id": "2790_start" }, "geometry": { "type": "Point", "coordinates": [ 117.9721062, 36.8432387 ] } },
{ "type": "Feature", "properties": { "osm_id": "2790_end" }, "geometry": { "type": "Point", "coordinates": [ 117.9689422, 36.8420803 ] } },
{ "type": "Feature", "properties": { "osm_id": "2791_end" }, "geometry": { "type": "Point", "coordinates": [ 117.9698423, 36.8420606 ] } },
{ "type": "Feature", "properties": { "osm_id": "2792_end" }, "geometry": { "type": "Point", "coordinates": [ 117.9715768, 36.8432443 ] } },
{ "type": "Feature", "properties": { "osm_id": "2793_start" }, "geometry": { "type": "Point", "coordinates": [ 117.9715174, 36.8422233 ] } },
{ "type": "Feature", "properties": { "osm_id": "2794_start" }, "geometry": { "type": "Point", "coordinates": [ 117.9708713, 36.8420558 ] } },
{ "type": "Feature", "properties": { "osm_id": "2794_end" }, "geometry": { "type": "Point", "coordinates": [ 117.9708811, 36.8417668 ] } },
{ "type": "Feature", "properties": { "osm_id": "2795_start" }, "geometry": { "type": "Point", "coordinates": [ 117.9709898, 36.8417635 ] } },
{ "type": "Feature", "properties": { "osm_id": "2795_end" }, "geometry": { "type": "Point", "coordinates": [ 117.9709801, 36.8420474 ] } },
{ "type": "Feature", "properties": { "osm_id": "2796_end" }, "geometry": { "type": "Point", "coordinates": [ 117.971812, 36.842115 ] } },
{ "type": "Feature", "properties": { "osm_id": "2797_start" }, "geometry": { "type": "Point", "coordinates": [ 117.9686816, 36.8429076 ] } },
{ "type": "Feature", "properties": { "osm_id": "2797_end" }, "geometry": { "type": "Point", "coordinates": [ 117.9681632, 36.8429261 ] } },
{ "type": "Feature", "properties": { "osm_id": "2798_start" }, "geometry": { "type": "Point", "coordinates": [ 117.9681552, 36.842826 ] } },
{ "type": "Feature", "properties": { "osm_id": "2798_end" }, "geometry": { "type": "Point", "coordinates": [ 117.9686736, 36.8427977 ] } },
{ "type": "Feature", "properties": { "osm_id": "2799_start" }, "geometry": { "type": "Point", "coordinates": [ 117.9686625, 36.8426451 ] } },
{ "type": "Feature", "properties": { "osm_id": "2799_end" }, "geometry": { "type": "Point", "coordinates": [ 117.9687, 36.8431609 ] } },
{ "type": "Feature", "properties": { "osm_id": "2800_start" }, "geometry": { "type": "Point", "coordinates": [ 117.9688889, 36.8431599 ] } },
{ "type": "Feature", "properties": { "osm_id": "2800_end" }, "geometry": { "type": "Point", "coordinates": [ 117.9687739, 36.8441778 ] } },
{ "type": "Feature", "properties": { "osm_id": "2801_start" }, "geometry": { "type": "Point", "coordinates": [ 117.96896, 36.8443857 ] } },
{ "type": "Feature", "properties": { "osm_id": "2801_end" }, "geometry": { "type": "Point", "coordinates": [ 117.9686593, 36.8444314 ] } },
{ "type": "Feature", "properties": { "osm_id": "2802_start" }, "geometry": { "type": "Point", "coordinates": [ 117.9687214, 36.8434551 ] } },
{ "type": "Feature", "properties": { "osm_id": "2802_end" }, "geometry": { "type": "Point", "coordinates": [ 117.9687507, 36.8438594 ] } },
{ "type": "Feature", "properties": { "osm_id": "2805_start" }, "geometry": { "type": "Point", "coordinates": [ 118.0153623, 36.7602756 ] } },
{ "type": "Feature", "properties": { "osm_id": "2805_end" }, "geometry": { "type": "Point", "coordinates": [ 118.024481, 36.7603418 ] } },
{ "type": "Feature", "properties": { "osm_id": "2809_start" }, "geometry": { "type": "Point", "coordinates": [ 118.0295334, 36.7604447 ] } },
{ "type": "Feature", "properties": { "osm_id": "2809_end" }, "geometry": { "type": "Point", "coordinates": [ 118.0274742, 36.7601999 ] } },
{ "type": "Feature", "properties": { "osm_id": "2810_end" }, "geometry": { "type": "Point", "coordinates": [ 117.9865511, 36.7623067 ] } },
{ "type": "Feature", "properties": { "osm_id": "2811_end" }, "geometry": { "type": "Point", "coordinates": [ 117.9879531, 36.7621909 ] } },
{ "type": "Feature", "properties": { "osm_id": "2814_start" }, "geometry": { "type": "Point", "coordinates": [ 118.0134752, 36.7604659 ] } },
{ "type": "Feature", "properties": { "osm_id": "2815_end" }, "geometry": { "type": "Point", "coordinates": [ 118.010162, 36.7568009 ] } },
{ "type": "Feature", "properties": { "osm_id": "2816_end" }, "geometry": { "type": "Point", "coordinates": [ 118.0098354, 36.7551272 ] } },
{ "type": "Feature", "properties": { "osm_id": "2817_end" }, "geometry": { "type": "Point", "coordinates": [ 118.0086934, 36.7665052 ] } },
{ "type": "Feature", "properties": { "osm_id": "2819_start" }, "geometry": { "type": "Point", "coordinates": [ 118.0404396, 36.8135119 ] } },
{ "type": "Feature", "properties": { "osm_id": "2819_end" }, "geometry": { "type": "Point", "coordinates": [ 118.045241, 36.8125702 ] } },
{ "type": "Feature", "properties": { "osm_id": "2820_start" }, "geometry": { "type": "Point", "coordinates": [ 118.0447135, 36.8130582 ] } },
{ "type": "Feature", "properties": { "osm_id": "2820_end" }, "geometry": { "type": "Point", "coordinates": [ 118.0448417, 36.8129781 ] } },
{ "type": "Feature", "properties": { "osm_id": "2821_start" }, "geometry": { "type": "Point", "coordinates": [ 118.0453677, 36.8125459 ] } },
{ "type": "Feature", "properties": { "osm_id": "2821_end" }, "geometry": { "type": "Point", "coordinates": [ 118.0479631, 36.8124908 ] } },
{ "type": "Feature", "properties": { "osm_id": "2822_start" }, "geometry": { "type": "Point", "coordinates": [ 118.047092, 36.8127546 ] } },
{ "type": "Feature", "properties": { "osm_id": "2822_end" }, "geometry": { "type": "Point", "coordinates": [ 118.0456336, 36.8135773 ] } },
{ "type": "Feature", "properties": { "osm_id": "2823_start" }, "geometry": { "type": "Point", "coordinates": [ 118.0455112, 36.8136211 ] } },
{ "type": "Feature", "properties": { "osm_id": "2823_end" }, "geometry": { "type": "Point", "coordinates": [ 118.0434985, 36.8132847 ] } },
{ "type": "Feature", "properties": { "osm_id": "2824_end" }, "geometry": { "type": "Point", "coordinates": [ 118.0458822, 36.8128194 ] } },
{ "type": "Feature", "properties": { "osm_id": "2825_start" }, "geometry": { "type": "Point", "coordinates": [ 118.0459813, 36.8130518 ] } },
{ "type": "Feature", "properties": { "osm_id": "2825_end" }, "geometry": { "type": "Point", "coordinates": [ 118.0448806, 36.8132076 ] } },
{ "type": "Feature", "properties": { "osm_id": "2826_start" }, "geometry": { "type": "Point", "coordinates": [ 118.0322774, 36.8138088 ] } },
{ "type": "Feature", "properties": { "osm_id": "2826_end" }, "geometry": { "type": "Point", "coordinates": [ 118.030966, 36.813967 ] } },
{ "type": "Feature", "properties": { "osm_id": "2827_start" }, "geometry": { "type": "Point", "coordinates": [ 118.0271901, 36.8137539 ] } },
{ "type": "Feature", "properties": { "osm_id": "2827_end" }, "geometry": { "type": "Point", "coordinates": [ 118.0263898, 36.8076354 ] } },
{ "type": "Feature", "properties": { "osm_id": "2828_end" }, "geometry": { "type": "Point", "coordinates": [ 118.0272446, 36.8138632 ] } },
{ "type": "Feature", "properties": { "osm_id": "2829_start" }, "geometry": { "type": "Point", "coordinates": [ 118.0262865, 36.8150954 ] } },
{ "type": "Feature", "properties": { "osm_id": "2830_start" }, "geometry": { "type": "Point", "coordinates": [ 118.0261814, 36.8151157 ] } },
{ "type": "Feature", "properties": { "osm_id": "2830_end" }, "geometry": { "type": "Point", "coordinates": [ 118.0261868, 36.8138792 ] } },
{ "type": "Feature", "properties": { "osm_id": "2831_start" }, "geometry": { "type": "Point", "coordinates": [ 118.0262386, 36.8137574 ] } },
{ "type": "Feature", "properties": { "osm_id": "2831_end" }, "geometry": { "type": "Point", "coordinates": [ 118.030848, 36.8135646 ] } },
{ "type": "Feature", "properties": { "osm_id": "2832_start" }, "geometry": { "type": "Point", "coordinates": [ 118.0270394, 36.8136466 ] } },
{ "type": "Feature", "properties": { "osm_id": "2832_end" }, "geometry": { "type": "Point", "coordinates": [ 118.0271599, 36.8135318 ] } },
{ "type": "Feature", "properties": { "osm_id": "2833_start" }, "geometry": { "type": "Point", "coordinates": [ 118.0272265, 36.8135211 ] } },
{ "type": "Feature", "properties": { "osm_id": "2833_end" }, "geometry": { "type": "Point", "coordinates": [ 118.0273758, 36.8136446 ] } },
{ "type": "Feature", "properties": { "osm_id": "2834_end" }, "geometry": { "type": "Point", "coordinates": [ 118.0263175, 36.8136553 ] } },
{ "type": "Feature", "properties": { "osm_id": "2835_end" }, "geometry": { "type": "Point", "coordinates": [ 118.0195344, 36.8138686 ] } },
{ "type": "Feature", "properties": { "osm_id": "2836_start" }, "geometry": { "type": "Point", "coordinates": [ 118.0198974, 36.8139471 ] } },
{ "type": "Feature", "properties": { "osm_id": "2836_end" }, "geometry": { "type": "Point", "coordinates": [ 118.0195521, 36.8142556 ] } },
{ "type": "Feature", "properties": { "osm_id": "2837_start" }, "geometry": { "type": "Point", "coordinates": [ 118.0195122, 36.8133947 ] } },
{ "type": "Feature", "properties": { "osm_id": "2837_end" }, "geometry": { "type": "Point", "coordinates": [ 118.0198726, 36.8136695 ] } },
{ "type": "Feature", "properties": { "osm_id": "2838_start" }, "geometry": { "type": "Point", "coordinates": [ 118.0307698, 36.8136355 ] } },
{ "type": "Feature", "properties": { "osm_id": "2838_end" }, "geometry": { "type": "Point", "coordinates": [ 118.0379653, 36.8137027 ] } },
{ "type": "Feature", "properties": { "osm_id": "2839_start" }, "geometry": { "type": "Point", "coordinates": [ 118.0372607, 36.8137633 ] } },
{ "type": "Feature", "properties": { "osm_id": "2839_end" }, "geometry": { "type": "Point", "coordinates": [ 118.0361523, 36.8138565 ] } },
{ "type": "Feature", "properties": { "osm_id": "2840_start" }, "geometry": { "type": "Point", "coordinates": [ 118.0339976, 36.8136346 ] } },
{ "type": "Feature", "properties": { "osm_id": "2841_start" }, "geometry": { "type": "Point", "coordinates": [ 118.034033, 36.8131906 ] } },
{ "type": "Feature", "properties": { "osm_id": "2841_end" }, "geometry": { "type": "Point", "coordinates": [ 118.0344826, 36.8075134 ] } },
{ "type": "Feature", "properties": { "osm_id": "2842_start" }, "geometry": { "type": "Point", "coordinates": [ 118.0345072, 36.8087051 ] } },
{ "type": "Feature", "properties": { "osm_id": "2842_end" }, "geometry": { "type": "Point", "coordinates": [ 118.035838, 36.8106461 ] } },
{ "type": "Feature", "properties": { "osm_id": "2843_start" }, "geometry": { "type": "Point", "coordinates": [ 118.0349956, 36.8106546 ] } },
{ "type": "Feature", "properties": { "osm_id": "2843_end" }, "geometry": { "type": "Point", "coordinates": [ 118.0340639, 36.8106637 ] } },
{ "type": "Feature", "properties": { "osm_id": "2844_start" }, "geometry": { "type": "Point", "coordinates": [ 118.034055, 36.810462 ] } },
{ "type": "Feature", "properties": { "osm_id": "2844_end" }, "geometry": { "type": "Point", "coordinates": [ 118.0315661, 36.8122527 ] } },
{ "type": "Feature", "properties": { "osm_id": "2845_start" }, "geometry": { "type": "Point", "coordinates": [ 118.033219, 36.8122499 ] } },
{ "type": "Feature", "properties": { "osm_id": "2845_end" }, "geometry": { "type": "Point", "coordinates": [ 118.035838, 36.8118702 ] } },
{ "type": "Feature", "properties": { "osm_id": "2846_start" }, "geometry": { "type": "Point", "coordinates": [ 118.0349213, 36.8118702 ] } },
{ "type": "Feature", "properties": { "osm_id": "2846_end" }, "geometry": { "type": "Point", "coordinates": [ 118.0340383, 36.8118683 ] } },
{ "type": "Feature", "properties": { "osm_id": "2847_start" }, "geometry": { "type": "Point", "coordinates": [ 118.0349284, 36.8122499 ] } },
{ "type": "Feature", "properties": { "osm_id": "2847_end" }, "geometry": { "type": "Point", "coordinates": [ 118.0340301, 36.8129911 ] } },
{ "type": "Feature", "properties": { "osm_id": "2848_start" }, "geometry": { "type": "Point", "coordinates": [ 118.0339843, 36.8133975 ] } },
{ "type": "Feature", "properties": { "osm_id": "2848_end" }, "geometry": { "type": "Point", "coordinates": [ 118.0321926, 36.8122516 ] } },
{ "type": "Feature", "properties": { "osm_id": "2849_end" }, "geometry": { "type": "Point", "coordinates": [ 118.0321994, 36.8129838 ] } },
{ "type": "Feature", "properties": { "osm_id": "2850_start" }, "geometry": { "type": "Point", "coordinates": [ 118.0332147, 36.8129878 ] } },
{ "type": "Feature", "properties": { "osm_id": "2850_end" }, "geometry": { "type": "Point", "coordinates": [ 118.0332083, 36.8133963 ] } },
{ "type": "Feature", "properties": { "osm_id": "2851_start" }, "geometry": { "type": "Point", "coordinates": [ 118.0329299, 36.8133958 ] } },
{ "type": "Feature", "properties": { "osm_id": "2851_end" }, "geometry": { "type": "Point", "coordinates": [ 118.0329255, 36.8129867 ] } },
{ "type": "Feature", "properties": { "osm_id": "2852_start" }, "geometry": { "type": "Point", "coordinates": [ 118.0321981, 36.8128421 ] } },
{ "type": "Feature", "properties": { "osm_id": "2852_end" }, "geometry": { "type": "Point", "coordinates": [ 118.0317785, 36.8128648 ] } },
{ "type": "Feature", "properties": { "osm_id": "2853_start" }, "geometry": { "type": "Point", "coordinates": [ 118.0347212, 36.8137023 ] } },
{ "type": "Feature", "properties": { "osm_id": "2853_end" }, "geometry": { "type": "Point", "coordinates": [ 118.0345593, 36.8205387 ] } },
{ "type": "Feature", "properties": { "osm_id": "2854_start" }, "geometry": { "type": "Point", "coordinates": [ 118.0353812, 36.8204956 ] } },
{ "type": "Feature", "properties": { "osm_id": "2854_end" }, "geometry": { "type": "Point", "coordinates": [ 118.0347019, 36.8198999 ] } },
{ "type": "Feature", "properties": { "osm_id": "2855_start" }, "geometry": { "type": "Point", "coordinates": [ 118.0327799, 36.8075376 ] } },
{ "type": "Feature", "properties": { "osm_id": "2855_end" }, "geometry": { "type": "Point", "coordinates": [ 118.0320404, 36.8088014 ] } },
{ "type": "Feature", "properties": { "osm_id": "2856_start" }, "geometry": { "type": "Point", "coordinates": [ 118.0314784, 36.8092434 ] } },
{ "type": "Feature", "properties": { "osm_id": "2856_end" }, "geometry": { "type": "Point", "coordinates": [ 118.0309421, 36.8094192 ] } },
{ "type": "Feature", "properties": { "osm_id": "2857_start" }, "geometry": { "type": "Point", "coordinates": [ 118.0327411, 36.8087909 ] } },
{ "type": "Feature", "properties": { "osm_id": "2857_end" }, "geometry": { "type": "Point", "coordinates": [ 118.0322315, 36.809218 ] } },
{ "type": "Feature", "properties": { "osm_id": "2859_start" }, "geometry": { "type": "Point", "coordinates": [ 118.0327943, 36.8087901 ] } },
{ "type": "Feature", "properties": { "osm_id": "2859_end" }, "geometry": { "type": "Point", "coordinates": [ 118.0327412, 36.8092152 ] } },
{ "type": "Feature", "properties": { "osm_id": "2860_start" }, "geometry": { "type": "Point", "coordinates": [ 118.0330809, 36.8092123 ] } },
{ "type": "Feature", "properties": { "osm_id": "2860_end" }, "geometry": { "type": "Point", "coordinates": [ 118.0322315, 36.8096544 ] } },
{ "type": "Feature", "properties": { "osm_id": "2861_start" }, "geometry": { "type": "Point", "coordinates": [ 118.0323747, 36.8096568 ] } },
{ "type": "Feature", "properties": { "osm_id": "2861_end" }, "geometry": { "type": "Point", "coordinates": [ 118.0309448, 36.8099519 ] } },
{ "type": "Feature", "properties": { "osm_id": "2862_start" }, "geometry": { "type": "Point", "coordinates": [ 118.0192598, 36.8081215 ] } },
{ "type": "Feature", "properties": { "osm_id": "2862_end" }, "geometry": { "type": "Point", "coordinates": [ 118.0421165, 36.8063107 ] } },
{ "type": "Feature", "properties": { "osm_id": "2863_start" }, "geometry": { "type": "Point", "coordinates": [ 118.0423041, 36.8062823 ] } },
{ "type": "Feature", "properties": { "osm_id": "2863_end" }, "geometry": { "type": "Point", "coordinates": [ 118.0546313, 36.8043322 ] } },
{ "type": "Feature", "properties": { "osm_id": "2865_start" }, "geometry": { "type": "Point", "coordinates": [ 118.0630367, 36.8033409 ] } },
{ "type": "Feature", "properties": { "osm_id": "2865_end" }, "geometry": { "type": "Point", "coordinates": [ 118.0543637, 36.8046149 ] } },
{ "type": "Feature", "properties": { "osm_id": "2866_start" }, "geometry": { "type": "Point", "coordinates": [ 118.0419325, 36.8066139 ] } },
{ "type": "Feature", "properties": { "osm_id": "2866_end" }, "geometry": { "type": "Point", "coordinates": [ 118.0192722, 36.8083959 ] } },
{ "type": "Feature", "properties": { "osm_id": "2867_end" }, "geometry": { "type": "Point", "coordinates": [ 118.0421165, 36.8065827 ] } },
{ "type": "Feature", "properties": { "osm_id": "2869_start" }, "geometry": { "type": "Point", "coordinates": [ 118.0663635, 36.8027231 ] } },
{ "type": "Feature", "properties": { "osm_id": "2870_start" }, "geometry": { "type": "Point", "coordinates": [ 118.0577198, 36.8039328 ] } },
{ "type": "Feature", "properties": { "osm_id": "2870_end" }, "geometry": { "type": "Point", "coordinates": [ 118.0621337, 36.8033072 ] } },
{ "type": "Feature", "properties": { "osm_id": "2871_start" }, "geometry": { "type": "Point", "coordinates": [ 118.0630792, 36.8031708 ] } },
{ "type": "Feature", "properties": { "osm_id": "2871_end" }, "geometry": { "type": "Point", "coordinates": [ 118.0632561, 36.803151 ] } },
{ "type": "Feature", "properties": { "osm_id": "2872_end" }, "geometry": { "type": "Point", "coordinates": [ 118.0630968, 36.8030717 ] } },
{ "type": "Feature", "properties": { "osm_id": "2873_start" }, "geometry": { "type": "Point", "coordinates": [ 118.06023, 36.8035789 ] } },
{ "type": "Feature", "properties": { "osm_id": "2873_end" }, "geometry": { "type": "Point", "coordinates": [ 118.0609181, 36.8034832 ] } },
{ "type": "Feature", "properties": { "osm_id": "2874_start" }, "geometry": { "type": "Point", "coordinates": [ 118.063288, 36.8030433 ] } },
{ "type": "Feature", "properties": { "osm_id": "2874_end" }, "geometry": { "type": "Point", "coordinates": [ 118.0778132, 36.8013458 ] } },
{ "type": "Feature", "properties": { "osm_id": "2876_start" }, "geometry": { "type": "Point", "coordinates": [ 118.077718, 36.8016494 ] } },
{ "type": "Feature", "properties": { "osm_id": "2876_end" }, "geometry": { "type": "Point", "coordinates": [ 118.0632172, 36.8033239 ] } },
{ "type": "Feature", "properties": { "osm_id": "2877_end" }, "geometry": { "type": "Point", "coordinates": [ 118.0707097, 36.802213 ] } },
{ "type": "Feature", "properties": { "osm_id": "2878_start" }, "geometry": { "type": "Point", "coordinates": [ 118.0742589, 36.8117479 ] } },
{ "type": "Feature", "properties": { "osm_id": "2878_end" }, "geometry": { "type": "Point", "coordinates": [ 118.0734186, 36.8109975 ] } },
{ "type": "Feature", "properties": { "osm_id": "2879_start" }, "geometry": { "type": "Point", "coordinates": [ 118.046477, 36.8168271 ] } },
{ "type": "Feature", "properties": { "osm_id": "2879_end" }, "geometry": { "type": "Point", "coordinates": [ 118.0463257, 36.8167823 ] } },
{ "type": "Feature", "properties": { "osm_id": "2880_start" }, "geometry": { "type": "Point", "coordinates": [ 118.0627819, 36.8131991 ] } },
{ "type": "Feature", "properties": { "osm_id": "2880_end" }, "geometry": { "type": "Point", "coordinates": [ 118.0690198, 36.8118715 ] } },
{ "type": "Feature", "properties": { "osm_id": "2881_end" }, "geometry": { "type": "Point", "coordinates": [ 118.0621445, 36.813326 ] } },
{ "type": "Feature", "properties": { "osm_id": "2882_start" }, "geometry": { "type": "Point", "coordinates": [ 118.0625978, 36.8132331 ] } },
{ "type": "Feature", "properties": { "osm_id": "2883_start" }, "geometry": { "type": "Point", "coordinates": [ 118.057689, 36.8144383 ] } },
{ "type": "Feature", "properties": { "osm_id": "2884_start" }, "geometry": { "type": "Point", "coordinates": [ 118.0621099, 36.8134341 ] } },
{ "type": "Feature", "properties": { "osm_id": "2884_end" }, "geometry": { "type": "Point", "coordinates": [ 118.0578206, 36.8144119 ] } },
{ "type": "Feature", "properties": { "osm_id": "2885_end" }, "geometry": { "type": "Point", "coordinates": [ 118.060945, 36.8137091 ] } },
{ "type": "Feature", "properties": { "osm_id": "2886_end" }, "geometry": { "type": "Point", "coordinates": [ 118.0460262, 36.8168362 ] } },
{ "type": "Feature", "properties": { "osm_id": "2887_start" }, "geometry": { "type": "Point", "coordinates": [ 118.0460308, 36.8169958 ] } },
{ "type": "Feature", "properties": { "osm_id": "2887_end" }, "geometry": { "type": "Point", "coordinates": [ 118.046452, 36.8181462 ] } },
{ "type": "Feature", "properties": { "osm_id": "2888_end" }, "geometry": { "type": "Point", "coordinates": [ 118.0466734, 36.8181317 ] } },
{ "type": "Feature", "properties": { "osm_id": "2889_end" }, "geometry": { "type": "Point", "coordinates": [ 118.0416068, 36.8183955 ] } },
{ "type": "Feature", "properties": { "osm_id": "2890_start" }, "geometry": { "type": "Point", "coordinates": [ 118.0417547, 36.8201617 ] } },
{ "type": "Feature", "properties": { "osm_id": "2892_start" }, "geometry": { "type": "Point", "coordinates": [ 118.0429848, 36.8153976 ] } },
{ "type": "Feature", "properties": { "osm_id": "2892_end" }, "geometry": { "type": "Point", "coordinates": [ 118.0436914, 36.8133379 ] } },
{ "type": "Feature", "properties": { "osm_id": "2893_start" }, "geometry": { "type": "Point", "coordinates": [ 118.0428314, 36.8032225 ] } },
{ "type": "Feature", "properties": { "osm_id": "2893_end" }, "geometry": { "type": "Point", "coordinates": [ 118.0431503, 36.8031251 ] } },
{ "type": "Feature", "properties": { "osm_id": "2894_start" }, "geometry": { "type": "Point", "coordinates": [ 118.0434921, 36.8031254 ] } },
{ "type": "Feature", "properties": { "osm_id": "2894_end" }, "geometry": { "type": "Point", "coordinates": [ 118.0431659, 36.8031893 ] } },
{ "type": "Feature", "properties": { "osm_id": "2896_start" }, "geometry": { "type": "Point", "coordinates": [ 118.0429697, 36.8032277 ] } },
{ "type": "Feature", "properties": { "osm_id": "2897_end" }, "geometry": { "type": "Point", "coordinates": [ 118.075031, 36.7949778 ] } },
{ "type": "Feature", "properties": { "osm_id": "2898_start" }, "geometry": { "type": "Point", "coordinates": [ 118.0752752, 36.794958 ] } },
{ "type": "Feature", "properties": { "osm_id": "2898_end" }, "geometry": { "type": "Point", "coordinates": [ 118.0772334, 36.7949211 ] } },
{ "type": "Feature", "properties": { "osm_id": "2900_end" }, "geometry": { "type": "Point", "coordinates": [ 118.0529364, 36.7975569 ] } },
{ "type": "Feature", "properties": { "osm_id": "2901_start" }, "geometry": { "type": "Point", "coordinates": [ 118.0425576, 36.7998097 ] } },
{ "type": "Feature", "properties": { "osm_id": "2902_start" }, "geometry": { "type": "Point", "coordinates": [ 118.0566008, 36.797596 ] } },
{ "type": "Feature", "properties": { "osm_id": "2902_end" }, "geometry": { "type": "Point", "coordinates": [ 118.0564478, 36.7966455 ] } },
{ "type": "Feature", "properties": { "osm_id": "2903_end" }, "geometry": { "type": "Point", "coordinates": [ 118.0726214, 36.7952857 ] } },
{ "type": "Feature", "properties": { "osm_id": "2904_start" }, "geometry": { "type": "Point", "coordinates": [ 118.0770908, 36.7948814 ] } },
{ "type": "Feature", "properties": { "osm_id": "2904_end" }, "geometry": { "type": "Point", "coordinates": [ 118.07761, 36.794484 ] } },
{ "type": "Feature", "properties": { "osm_id": "2905_start" }, "geometry": { "type": "Point", "coordinates": [ 118.0777289, 36.7944561 ] } },
{ "type": "Feature", "properties": { "osm_id": "2905_end" }, "geometry": { "type": "Point", "coordinates": [ 118.0784718, 36.7946229 ] } },
{ "type": "Feature", "properties": { "osm_id": "2906_start" }, "geometry": { "type": "Point", "coordinates": [ 118.078327, 36.7949011 ] } },
{ "type": "Feature", "properties": { "osm_id": "2906_end" }, "geometry": { "type": "Point", "coordinates": [ 118.0779725, 36.7954573 ] } },
{ "type": "Feature", "properties": { "osm_id": "2907_start" }, "geometry": { "type": "Point", "coordinates": [ 118.0778485, 36.7954758 ] } },
{ "type": "Feature", "properties": { "osm_id": "2907_end" }, "geometry": { "type": "Point", "coordinates": [ 118.0771652, 36.7950331 ] } },
{ "type": "Feature", "properties": { "osm_id": "2908_start" }, "geometry": { "type": "Point", "coordinates": [ 118.0782701, 36.7947348 ] } },
{ "type": "Feature", "properties": { "osm_id": "2908_end" }, "geometry": { "type": "Point", "coordinates": [ 118.0843068, 36.7929983 ] } },
{ "type": "Feature", "properties": { "osm_id": "2909_start" }, "geometry": { "type": "Point", "coordinates": [ 118.0847615, 36.7930901 ] } },
{ "type": "Feature", "properties": { "osm_id": "2917_start" }, "geometry": { "type": "Point", "coordinates": [ 118.0953635, 36.8510011 ] } },
{ "type": "Feature", "properties": { "osm_id": "2917_end" }, "geometry": { "type": "Point", "coordinates": [ 118.0950984, 36.8487735 ] } },
{ "type": "Feature", "properties": { "osm_id": "2918_end" }, "geometry": { "type": "Point", "coordinates": [ 118.0955568, 36.8509898 ] } },
{ "type": "Feature", "properties": { "osm_id": "2919_start" }, "geometry": { "type": "Point", "coordinates": [ 118.0880888, 36.8003299 ] } },
{ "type": "Feature", "properties": { "osm_id": "2919_end" }, "geometry": { "type": "Point", "coordinates": [ 118.104459, 36.7951979 ] } },
{ "type": "Feature", "properties": { "osm_id": "2920_start" }, "geometry": { "type": "Point", "coordinates": [ 118.0657149, 36.8377392 ] } },
{ "type": "Feature", "properties": { "osm_id": "2920_end" }, "geometry": { "type": "Point", "coordinates": [ 118.0652013, 36.8377823 ] } },
{ "type": "Feature", "properties": { "osm_id": "2922_start" }, "geometry": { "type": "Point", "coordinates": [ 118.0651634, 36.8376553 ] } },
{ "type": "Feature", "properties": { "osm_id": "2922_end" }, "geometry": { "type": "Point", "coordinates": [ 118.0658166, 36.8376101 ] } },
{ "type": "Feature", "properties": { "osm_id": "2924_start" }, "geometry": { "type": "Point", "coordinates": [ 118.0650116, 36.8377948 ] } },
{ "type": "Feature", "properties": { "osm_id": "2924_end" }, "geometry": { "type": "Point", "coordinates": [ 118.0590604, 36.8382455 ] } },
{ "type": "Feature", "properties": { "osm_id": "2926_end" }, "geometry": { "type": "Point", "coordinates": [ 118.0649749, 36.8376718 ] } },
{ "type": "Feature", "properties": { "osm_id": "2930_start" }, "geometry": { "type": "Point", "coordinates": [ 118.0395908, 36.7901311 ] } },
{ "type": "Feature", "properties": { "osm_id": "2930_end" }, "geometry": { "type": "Point", "coordinates": [ 118.0406219, 36.7937487 ] } },
{ "type": "Feature", "properties": { "osm_id": "2931_end" }, "geometry": { "type": "Point", "coordinates": [ 118.0394582, 36.7901543 ] } },
{ "type": "Feature", "properties": { "osm_id": "2932_start" }, "geometry": { "type": "Point", "coordinates": [ 118.0457717, 36.805814 ] } },
{ "type": "Feature", "properties": { "osm_id": "2933_start" }, "geometry": { "type": "Point", "coordinates": [ 118.0453512, 36.8040822 ] } },
{ "type": "Feature", "properties": { "osm_id": "2933_end" }, "geometry": { "type": "Point", "coordinates": [ 118.045521, 36.8040963 ] } },
{ "type": "Feature", "properties": { "osm_id": "2934_start" }, "geometry": { "type": "Point", "coordinates": [ 118.0452553, 36.8039176 ] } },
{ "type": "Feature", "properties": { "osm_id": "2934_end" }, "geometry": { "type": "Point", "coordinates": [ 118.0454786, 36.803932 ] } },
{ "type": "Feature", "properties": { "osm_id": "2935_start" }, "geometry": { "type": "Point", "coordinates": [ 118.0459033, 36.8056067 ] } },
{ "type": "Feature", "properties": { "osm_id": "2935_end" }, "geometry": { "type": "Point", "coordinates": [ 118.0459555, 36.8057847 ] } },
{ "type": "Feature", "properties": { "osm_id": "2936_start" }, "geometry": { "type": "Point", "coordinates": [ 118.0458219, 36.8038555 ] } },
{ "type": "Feature", "properties": { "osm_id": "2936_end" }, "geometry": { "type": "Point", "coordinates": [ 118.0462678, 36.8055499 ] } },
{ "type": "Feature", "properties": { "osm_id": "2937_start" }, "geometry": { "type": "Point", "coordinates": [ 118.0454469, 36.8044766 ] } },
{ "type": "Feature", "properties": { "osm_id": "2937_end" }, "geometry": { "type": "Point", "coordinates": [ 118.0463487, 36.8045731 ] } },
{ "type": "Feature", "properties": { "osm_id": "2938_start" }, "geometry": { "type": "Point", "coordinates": [ 118.0462937, 36.8037377 ] } },
{ "type": "Feature", "properties": { "osm_id": "2938_end" }, "geometry": { "type": "Point", "coordinates": [ 118.0461404, 36.8037846 ] } },
{ "type": "Feature", "properties": { "osm_id": "2940_start" }, "geometry": { "type": "Point", "coordinates": [ 118.0507779, 36.789476 ] } },
{ "type": "Feature", "properties": { "osm_id": "2940_end" }, "geometry": { "type": "Point", "coordinates": [ 118.0518704, 36.7893407 ] } },
{ "type": "Feature", "properties": { "osm_id": "2941_start" }, "geometry": { "type": "Point", "coordinates": [ 118.0750351, 36.7952087 ] } },
{ "type": "Feature", "properties": { "osm_id": "2941_end" }, "geometry": { "type": "Point", "coordinates": [ 118.0528624, 36.7977892 ] } },
{ "type": "Feature", "properties": { "osm_id": "2942_start" }, "geometry": { "type": "Point", "coordinates": [ 118.0773119, 36.7950783 ] } },
{ "type": "Feature", "properties": { "osm_id": "2942_end" }, "geometry": { "type": "Point", "coordinates": [ 118.0752749, 36.7951924 ] } },
{ "type": "Feature", "properties": { "osm_id": "2944_end" }, "geometry": { "type": "Point", "coordinates": [ 118.0425865, 36.7999191 ] } },
{ "type": "Feature", "properties": { "osm_id": "2949_start" }, "geometry": { "type": "Point", "coordinates": [ 118.0698124, 36.8548338 ] } },
{ "type": "Feature", "properties": { "osm_id": "2950_end" }, "geometry": { "type": "Point", "coordinates": [ 118.0700011, 36.8536398 ] } },
{ "type": "Feature", "properties": { "osm_id": "2951_end" }, "geometry": { "type": "Point", "coordinates": [ 118.0654147, 36.8384804 ] } },
{ "type": "Feature", "properties": { "osm_id": "2952_start" }, "geometry": { "type": "Point", "coordinates": [ 118.0653867, 36.8389229 ] } },
{ "type": "Feature", "properties": { "osm_id": "2952_end" }, "geometry": { "type": "Point", "coordinates": [ 118.065247, 36.838552 ] } },
{ "type": "Feature", "properties": { "osm_id": "2959_end" }, "geometry": { "type": "Point", "coordinates": [ 118.0665333, 36.841746 ] } },
{ "type": "Feature", "properties": { "osm_id": "2960_start" }, "geometry": { "type": "Point", "coordinates": [ 118.0681806, 36.8491215 ] } },
{ "type": "Feature", "properties": { "osm_id": "2960_end" }, "geometry": { "type": "Point", "coordinates": [ 118.0672818, 36.8460276 ] } },
{ "type": "Feature", "properties": { "osm_id": "2961_end" }, "geometry": { "type": "Point", "coordinates": [ 118.0662008, 36.841834 ] } },
{ "type": "Feature", "properties": { "osm_id": "2962_end" }, "geometry": { "type": "Point", "coordinates": [ 118.0076143, 36.8480604 ] } },
{ "type": "Feature", "properties": { "osm_id": "2963_start" }, "geometry": { "type": "Point", "coordinates": [ 118.0539551, 36.8463684 ] } },
{ "type": "Feature", "properties": { "osm_id": "2963_end" }, "geometry": { "type": "Point", "coordinates": [ 118.0376516, 36.8467762 ] } },
{ "type": "Feature", "properties": { "osm_id": "2964_start" }, "geometry": { "type": "Point", "coordinates": [ 118.0312626, 36.8469762 ] } },
{ "type": "Feature", "properties": { "osm_id": "2964_end" }, "geometry": { "type": "Point", "coordinates": [ 118.0309375, 36.8469864 ] } },
{ "type": "Feature", "properties": { "osm_id": "2965_start" }, "geometry": { "type": "Point", "coordinates": [ 118.0666503, 36.8449351 ] } },
{ "type": "Feature", "properties": { "osm_id": "2965_end" }, "geometry": { "type": "Point", "coordinates": [ 118.0622576, 36.8455555 ] } },
{ "type": "Feature", "properties": { "osm_id": "2966_end" }, "geometry": { "type": "Point", "coordinates": [ 118.0620197, 36.8455941 ] } },
{ "type": "Feature", "properties": { "osm_id": "2967_start" }, "geometry": { "type": "Point", "coordinates": [ 118.0668568, 36.8445223 ] } },
{ "type": "Feature", "properties": { "osm_id": "2967_end" }, "geometry": { "type": "Point", "coordinates": [ 118.0673389, 36.8444413 ] } },
{ "type": "Feature", "properties": { "osm_id": "2968_start" }, "geometry": { "type": "Point", "coordinates": [ 118.0619696, 36.8454092 ] } },
{ "type": "Feature", "properties": { "osm_id": "2968_end" }, "geometry": { "type": "Point", "coordinates": [ 118.0622093, 36.8453666 ] } },
{ "type": "Feature", "properties": { "osm_id": "2969_end" }, "geometry": { "type": "Point", "coordinates": [ 118.054081, 36.8463616 ] } },
{ "type": "Feature", "properties": { "osm_id": "2970_start" }, "geometry": { "type": "Point", "coordinates": [ 118.0552856, 36.8515466 ] } },
{ "type": "Feature", "properties": { "osm_id": "2970_end" }, "geometry": { "type": "Point", "coordinates": [ 118.0545265, 36.8486019 ] } },
{ "type": "Feature", "properties": { "osm_id": "2972_start" }, "geometry": { "type": "Point", "coordinates": [ 118.0346753, 36.8489548 ] } },
{ "type": "Feature", "properties": { "osm_id": "2972_end" }, "geometry": { "type": "Point", "coordinates": [ 118.0320037, 36.8496755 ] } },
{ "type": "Feature", "properties": { "osm_id": "2975_start" }, "geometry": { "type": "Point", "coordinates": [ 118.0625575, 36.8437368 ] } },
{ "type": "Feature", "properties": { "osm_id": "2975_end" }, "geometry": { "type": "Point", "coordinates": [ 118.0664989, 36.8432698 ] } },
{ "type": "Feature", "properties": { "osm_id": "2977_start" }, "geometry": { "type": "Point", "coordinates": [ 117.975326, 36.8499513 ] } },
{ "type": "Feature", "properties": { "osm_id": "2977_end" }, "geometry": { "type": "Point", "coordinates": [ 117.9770658, 36.8498409 ] } },
{ "type": "Feature", "properties": { "osm_id": "2978_start" }, "geometry": { "type": "Point", "coordinates": [ 118.0004745, 36.8482654 ] } },
{ "type": "Feature", "properties": { "osm_id": "2978_end" }, "geometry": { "type": "Point", "coordinates": [ 118.0077373, 36.8478187 ] } },
{ "type": "Feature", "properties": { "osm_id": "2979_start" }, "geometry": { "type": "Point", "coordinates": [ 118.0314775, 36.8466337 ] } },
{ "type": "Feature", "properties": { "osm_id": "2979_end" }, "geometry": { "type": "Point", "coordinates": [ 118.0376442, 36.8465122 ] } },
{ "type": "Feature", "properties": { "osm_id": "2980_start" }, "geometry": { "type": "Point", "coordinates": [ 118.0309612, 36.8466811 ] } },
{ "type": "Feature", "properties": { "osm_id": "2980_end" }, "geometry": { "type": "Point", "coordinates": [ 118.031271, 36.8466697 ] } },
{ "type": "Feature", "properties": { "osm_id": "2981_start" }, "geometry": { "type": "Point", "coordinates": [ 118.1256117, 36.8310933 ] } },
{ "type": "Feature", "properties": { "osm_id": "2981_end" }, "geometry": { "type": "Point", "coordinates": [ 118.1311776, 36.8358798 ] } },
{ "type": "Feature", "properties": { "osm_id": "2982_start" }, "geometry": { "type": "Point", "coordinates": [ 118.1324667, 36.8400863 ] } },
{ "type": "Feature", "properties": { "osm_id": "2982_end" }, "geometry": { "type": "Point", "coordinates": [ 118.1262128, 36.8408205 ] } },
{ "type": "Feature", "properties": { "osm_id": "2984_start" }, "geometry": { "type": "Point", "coordinates": [ 118.1254888, 36.8409107 ] } },
{ "type": "Feature", "properties": { "osm_id": "2984_end" }, "geometry": { "type": "Point", "coordinates": [ 118.1176957, 36.8376436 ] } },
{ "type": "Feature", "properties": { "osm_id": "2985_start" }, "geometry": { "type": "Point", "coordinates": [ 118.1186826, 36.8371282 ] } },
{ "type": "Feature", "properties": { "osm_id": "2985_end" }, "geometry": { "type": "Point", "coordinates": [ 118.1206526, 36.8367464 ] } },
{ "type": "Feature", "properties": { "osm_id": "2986_start" }, "geometry": { "type": "Point", "coordinates": [ 118.121313, 36.8371355 ] } },
{ "type": "Feature", "properties": { "osm_id": "2986_end" }, "geometry": { "type": "Point", "coordinates": [ 118.1200834, 36.8371345 ] } },
{ "type": "Feature", "properties": { "osm_id": "2989_start" }, "geometry": { "type": "Point", "coordinates": [ 118.1233495, 36.8360854 ] } },
{ "type": "Feature", "properties": { "osm_id": "2990_start" }, "geometry": { "type": "Point", "coordinates": [ 118.124917, 36.8362627 ] } },
{ "type": "Feature", "properties": { "osm_id": "2990_end" }, "geometry": { "type": "Point", "coordinates": [ 118.1278778, 36.8358507 ] } },
{ "type": "Feature", "properties": { "osm_id": "2994_end" }, "geometry": { "type": "Point", "coordinates": [ 118.1254639, 36.8316281 ] } },
{ "type": "Feature", "properties": { "osm_id": "2995_start" }, "geometry": { "type": "Point", "coordinates": [ 118.125763, 36.8361745 ] } },
{ "type": "Feature", "properties": { "osm_id": "2995_end" }, "geometry": { "type": "Point", "coordinates": [ 118.1257696, 36.8362683 ] } },
{ "type": "Feature", "properties": { "osm_id": "2998_start" }, "geometry": { "type": "Point", "coordinates": [ 118.1255258, 36.8361836 ] } },
{ "type": "Feature", "properties": { "osm_id": "2999_start" }, "geometry": { "type": "Point", "coordinates": [ 118.1255322, 36.8362823 ] } },
{ "type": "Feature", "properties": { "osm_id": "3004_end" }, "geometry": { "type": "Point", "coordinates": [ 118.1249948, 36.8371748 ] } },
{ "type": "Feature", "properties": { "osm_id": "3005_end" }, "geometry": { "type": "Point", "coordinates": [ 118.1234132, 36.8375357 ] } },
{ "type": "Feature", "properties": { "osm_id": "3010_start" }, "geometry": { "type": "Point", "coordinates": [ 118.1255852, 36.837103 ] } },
{ "type": "Feature", "properties": { "osm_id": "3012_end" }, "geometry": { "type": "Point", "coordinates": [ 118.1258177, 36.8370971 ] } },
{ "type": "Feature", "properties": { "osm_id": "3013_end" }, "geometry": { "type": "Point", "coordinates": [ 118.1258366, 36.8371957 ] } },
{ "type": "Feature", "properties": { "osm_id": "3018_start" }, "geometry": { "type": "Point", "coordinates": [ 118.0425891, 36.7793795 ] } },
{ "type": "Feature", "properties": { "osm_id": "3018_end" }, "geometry": { "type": "Point", "coordinates": [ 118.0435895, 36.7817526 ] } },
{ "type": "Feature", "properties": { "osm_id": "3019_start" }, "geometry": { "type": "Point", "coordinates": [ 118.0397343, 36.7831642 ] } },
{ "type": "Feature", "properties": { "osm_id": "3019_end" }, "geometry": { "type": "Point", "coordinates": [ 118.0395459, 36.7825409 ] } },
{ "type": "Feature", "properties": { "osm_id": "3020_start" }, "geometry": { "type": "Point", "coordinates": [ 118.0395014, 36.7828882 ] } },
{ "type": "Feature", "properties": { "osm_id": "3020_end" }, "geometry": { "type": "Point", "coordinates": [ 118.0378648, 36.7830566 ] } },
{ "type": "Feature", "properties": { "osm_id": "3021_start" }, "geometry": { "type": "Point", "coordinates": [ 118.0377706, 36.7829173 ] } },
{ "type": "Feature", "properties": { "osm_id": "3021_end" }, "geometry": { "type": "Point", "coordinates": [ 118.0378337, 36.7831627 ] } },
{ "type": "Feature", "properties": { "osm_id": "3022_start" }, "geometry": { "type": "Point", "coordinates": [ 118.0357652, 36.783523 ] } },
{ "type": "Feature", "properties": { "osm_id": "3022_end" }, "geometry": { "type": "Point", "coordinates": [ 118.0355082, 36.7829766 ] } },
{ "type": "Feature", "properties": { "osm_id": "3023_start" }, "geometry": { "type": "Point", "coordinates": [ 118.0378529, 36.7830042 ] } },
{ "type": "Feature", "properties": { "osm_id": "3023_end" }, "geometry": { "type": "Point", "coordinates": [ 118.0394792, 36.7828369 ] } },
{ "type": "Feature", "properties": { "osm_id": "3024_start" }, "geometry": { "type": "Point", "coordinates": [ 118.0377017, 36.7831833 ] } },
{ "type": "Feature", "properties": { "osm_id": "3024_end" }, "geometry": { "type": "Point", "coordinates": [ 118.0376386, 36.7829265 ] } },
{ "type": "Feature", "properties": { "osm_id": "3025_start" }, "geometry": { "type": "Point", "coordinates": [ 118.0409579, 36.7829759 ] } },
{ "type": "Feature", "properties": { "osm_id": "3025_end" }, "geometry": { "type": "Point", "coordinates": [ 118.0409721, 36.7824302 ] } },
{ "type": "Feature", "properties": { "osm_id": "3026_start" }, "geometry": { "type": "Point", "coordinates": [ 118.0440827, 36.7821441 ] } },
{ "type": "Feature", "properties": { "osm_id": "3026_end" }, "geometry": { "type": "Point", "coordinates": [ 118.0440599, 36.7825985 ] } },
{ "type": "Feature", "properties": { "osm_id": "3027_start" }, "geometry": { "type": "Point", "coordinates": [ 118.0440464, 36.7824142 ] } },
{ "type": "Feature", "properties": { "osm_id": "3027_end" }, "geometry": { "type": "Point", "coordinates": [ 118.0410565, 36.7827434 ] } },
{ "type": "Feature", "properties": { "osm_id": "3028_start" }, "geometry": { "type": "Point", "coordinates": [ 118.0410623, 36.7826835 ] } },
{ "type": "Feature", "properties": { "osm_id": "3028_end" }, "geometry": { "type": "Point", "coordinates": [ 118.0440464, 36.7823618 ] } },
{ "type": "Feature", "properties": { "osm_id": "3029_end" }, "geometry": { "type": "Point", "coordinates": [ 118.0424719, 36.7853085 ] } },
{ "type": "Feature", "properties": { "osm_id": "3030_start" }, "geometry": { "type": "Point", "coordinates": [ 118.0423745, 36.7826992 ] } },
{ "type": "Feature", "properties": { "osm_id": "3030_end" }, "geometry": { "type": "Point", "coordinates": [ 118.0423756, 36.7824306 ] } },
{ "type": "Feature", "properties": { "osm_id": "3031_start" }, "geometry": { "type": "Point", "coordinates": [ 118.042499, 36.7826919 ] } },
{ "type": "Feature", "properties": { "osm_id": "3031_end" }, "geometry": { "type": "Point", "coordinates": [ 118.0425941, 36.7852962 ] } },
{ "type": "Feature", "properties": { "osm_id": "3032_start" }, "geometry": { "type": "Point", "coordinates": [ 118.0425049, 36.7824176 ] } },
{ "type": "Feature", "properties": { "osm_id": "3035_start" }, "geometry": { "type": "Point", "coordinates": [ 117.9798201, 36.7460809 ] } },
{ "type": "Feature", "properties": { "osm_id": "3036_start" }, "geometry": { "type": "Point", "coordinates": [ 117.9868356, 36.7459513 ] } },
{ "type": "Feature", "properties": { "osm_id": "3036_end" }, "geometry": { "type": "Point", "coordinates": [ 117.984273, 36.7474331 ] } },
{ "type": "Feature", "properties": { "osm_id": "3037_end" }, "geometry": { "type": "Point", "coordinates": [ 117.9840402, 36.7457701 ] } },
{ "type": "Feature", "properties": { "osm_id": "3038_start" }, "geometry": { "type": "Point", "coordinates": [ 117.9876691, 36.7449464 ] } },
{ "type": "Feature", "properties": { "osm_id": "3040_start" }, "geometry": { "type": "Point", "coordinates": [ 117.9842607, 36.7473245 ] } },
{ "type": "Feature", "properties": { "osm_id": "3040_end" }, "geometry": { "type": "Point", "coordinates": [ 117.9869198, 36.7457962 ] } },
{ "type": "Feature", "properties": { "osm_id": "3041_start" }, "geometry": { "type": "Point", "coordinates": [ 117.9850064, 36.752702 ] } },
{ "type": "Feature", "properties": { "osm_id": "3041_end" }, "geometry": { "type": "Point", "coordinates": [ 117.987124, 36.7615844 ] } },
{ "type": "Feature", "properties": { "osm_id": "3042_start" }, "geometry": { "type": "Point", "coordinates": [ 117.9864791, 36.7615138 ] } },
{ "type": "Feature", "properties": { "osm_id": "3042_end" }, "geometry": { "type": "Point", "coordinates": [ 117.9816313, 36.7616976 ] } },
{ "type": "Feature", "properties": { "osm_id": "3043_start" }, "geometry": { "type": "Point", "coordinates": [ 117.9809322, 36.7513083 ] } },
{ "type": "Feature", "properties": { "osm_id": "3043_end" }, "geometry": { "type": "Point", "coordinates": [ 117.9847056, 36.7509416 ] } },
{ "type": "Feature", "properties": { "osm_id": "3044_start" }, "geometry": { "type": "Point", "coordinates": [ 117.9847163, 36.7510281 ] } },
{ "type": "Feature", "properties": { "osm_id": "3046_end" }, "geometry": { "type": "Point", "coordinates": [ 117.9597054, 36.6866147 ] } },
{ "type": "Feature", "properties": { "osm_id": "3047_end" }, "geometry": { "type": "Point", "coordinates": [ 117.9673523, 36.7190759 ] } },
{ "type": "Feature", "properties": { "osm_id": "3048_start" }, "geometry": { "type": "Point", "coordinates": [ 117.9751925, 36.7853484 ] } },
{ "type": "Feature", "properties": { "osm_id": "3049_start" }, "geometry": { "type": "Point", "coordinates": [ 117.9681066, 36.7850316 ] } },
{ "type": "Feature", "properties": { "osm_id": "3049_end" }, "geometry": { "type": "Point", "coordinates": [ 117.9689398, 36.7849305 ] } },
{ "type": "Feature", "properties": { "osm_id": "3050_start" }, "geometry": { "type": "Point", "coordinates": [ 117.9693311, 36.7849236 ] } },
{ "type": "Feature", "properties": { "osm_id": "3050_end" }, "geometry": { "type": "Point", "coordinates": [ 117.9708785, 36.7850072 ] } },
{ "type": "Feature", "properties": { "osm_id": "3051_start" }, "geometry": { "type": "Point", "coordinates": [ 117.973662, 36.7852273 ] } },
{ "type": "Feature", "properties": { "osm_id": "3052_start" }, "geometry": { "type": "Point", "coordinates": [ 118.0356188, 36.7744746 ] } },
{ "type": "Feature", "properties": { "osm_id": "3052_end" }, "geometry": { "type": "Point", "coordinates": [ 118.0320121, 36.774452 ] } },
{ "type": "Feature", "properties": { "osm_id": "3054_start" }, "geometry": { "type": "Point", "coordinates": [ 117.968913, 36.7854015 ] } },
{ "type": "Feature", "properties": { "osm_id": "3054_end" }, "geometry": { "type": "Point", "coordinates": [ 117.9682038, 36.7854781 ] } },
{ "type": "Feature", "properties": { "osm_id": "3055_end" }, "geometry": { "type": "Point", "coordinates": [ 118.0457844, 36.7819686 ] } },
{ "type": "Feature", "properties": { "osm_id": "3056_start" }, "geometry": { "type": "Point", "coordinates": [ 118.0458438, 36.7824267 ] } },
{ "type": "Feature", "properties": { "osm_id": "3057_start" }, "geometry": { "type": "Point", "coordinates": [ 118.0377004, 36.7829696 ] } },
{ "type": "Feature", "properties": { "osm_id": "3057_end" }, "geometry": { "type": "Point", "coordinates": [ 118.0400718, 36.7827228 ] } },
{ "type": "Feature", "properties": { "osm_id": "3058_start" }, "geometry": { "type": "Point", "coordinates": [ 118.0403558, 36.7828614 ] } },
{ "type": "Feature", "properties": { "osm_id": "3059_start" }, "geometry": { "type": "Point", "coordinates": [ 118.0386418, 36.7869203 ] } },
{ "type": "Feature", "properties": { "osm_id": "3059_end" }, "geometry": { "type": "Point", "coordinates": [ 118.0331784, 36.7836101 ] } },
{ "type": "Feature", "properties": { "osm_id": "3060_start" }, "geometry": { "type": "Point", "coordinates": [ 118.0316317, 36.7833344 ] } },
{ "type": "Feature", "properties": { "osm_id": "3060_end" }, "geometry": { "type": "Point", "coordinates": [ 118.0368787, 36.7799388 ] } },
{ "type": "Feature", "properties": { "osm_id": "3062_start" }, "geometry": { "type": "Point", "coordinates": [ 118.157968, 36.7955895 ] } },
{ "type": "Feature", "properties": { "osm_id": "3062_end" }, "geometry": { "type": "Point", "coordinates": [ 118.1236942, 36.7889519 ] } },
{ "type": "Feature", "properties": { "osm_id": "3063_start" }, "geometry": { "type": "Point", "coordinates": [ 117.9870548, 36.8107848 ] } },
{ "type": "Feature", "properties": { "osm_id": "3063_end" }, "geometry": { "type": "Point", "coordinates": [ 117.9864755, 36.810848 ] } },
{ "type": "Feature", "properties": { "osm_id": "3064_start" }, "geometry": { "type": "Point", "coordinates": [ 118.0679956, 36.7779351 ] } },
{ "type": "Feature", "properties": { "osm_id": "3064_end" }, "geometry": { "type": "Point", "coordinates": [ 118.0671539, 36.7748606 ] } },
{ "type": "Feature", "properties": { "osm_id": "3065_start" }, "geometry": { "type": "Point", "coordinates": [ 118.0487967, 36.7773867 ] } },
{ "type": "Feature", "properties": { "osm_id": "3065_end" }, "geometry": { "type": "Point", "coordinates": [ 118.0480251, 36.7690496 ] } },
{ "type": "Feature", "properties": { "osm_id": "3067_start" }, "geometry": { "type": "Point", "coordinates": [ 118.0953926, 36.7921668 ] } },
{ "type": "Feature", "properties": { "osm_id": "3067_end" }, "geometry": { "type": "Point", "coordinates": [ 118.0947259, 36.7889305 ] } },
{ "type": "Feature", "properties": { "osm_id": "3068_start" }, "geometry": { "type": "Point", "coordinates": [ 118.0822047, 36.810841 ] } },
{ "type": "Feature", "properties": { "osm_id": "3068_end" }, "geometry": { "type": "Point", "coordinates": [ 118.0768917, 36.8127335 ] } },
{ "type": "Feature", "properties": { "osm_id": "3069_start" }, "geometry": { "type": "Point", "coordinates": [ 118.0641176, 36.8208087 ] } },
{ "type": "Feature", "properties": { "osm_id": "3069_end" }, "geometry": { "type": "Point", "coordinates": [ 118.0602691, 36.8216724 ] } },
{ "type": "Feature", "properties": { "osm_id": "3075_start" }, "geometry": { "type": "Point", "coordinates": [ 118.0949864, 36.8478118 ] } },
{ "type": "Feature", "properties": { "osm_id": "3075_end" }, "geometry": { "type": "Point", "coordinates": [ 118.0931418, 36.8334049 ] } },
{ "type": "Feature", "properties": { "osm_id": "3076_end" }, "geometry": { "type": "Point", "coordinates": [ 118.0951813, 36.8477906 ] } },
{ "type": "Feature", "properties": { "osm_id": "3086_end" }, "geometry": { "type": "Point", "coordinates": [ 118.0808776, 36.8432008 ] } },
{ "type": "Feature", "properties": { "osm_id": "3087_start" }, "geometry": { "type": "Point", "coordinates": [ 118.094441, 36.8415406 ] } },
{ "type": "Feature", "properties": { "osm_id": "3087_end" }, "geometry": { "type": "Point", "coordinates": [ 118.1131221, 36.8383198 ] } },
{ "type": "Feature", "properties": { "osm_id": "3088_start" }, "geometry": { "type": "Point", "coordinates": [ 118.0729585, 36.8225424 ] } },
{ "type": "Feature", "properties": { "osm_id": "3088_end" }, "geometry": { "type": "Point", "coordinates": [ 118.0859484, 36.8211791 ] } },
{ "type": "Feature", "properties": { "osm_id": "3089_start" }, "geometry": { "type": "Point", "coordinates": [ 118.0612619, 36.8246096 ] } },
{ "type": "Feature", "properties": { "osm_id": "3089_end" }, "geometry": { "type": "Point", "coordinates": [ 118.065775, 36.823696 ] } },
{ "type": "Feature", "properties": { "osm_id": "3090_end" }, "geometry": { "type": "Point", "coordinates": [ 118.066091, 36.823628 ] } },
{ "type": "Feature", "properties": { "osm_id": "3091_start" }, "geometry": { "type": "Point", "coordinates": [ 118.0657928, 36.8238016 ] } },
{ "type": "Feature", "properties": { "osm_id": "3092_start" }, "geometry": { "type": "Point", "coordinates": [ 118.0661203, 36.8237388 ] } },
{ "type": "Feature", "properties": { "osm_id": "3108_start" }, "geometry": { "type": "Point", "coordinates": [ 118.0843148, 36.7585683 ] } },
{ "type": "Feature", "properties": { "osm_id": "3108_end" }, "geometry": { "type": "Point", "coordinates": [ 118.0827198, 36.7513592 ] } },
{ "type": "Feature", "properties": { "osm_id": "3111_start" }, "geometry": { "type": "Point", "coordinates": [ 118.0875112, 36.8064043 ] } },
{ "type": "Feature", "properties": { "osm_id": "3111_end" }, "geometry": { "type": "Point", "coordinates": [ 118.0916811, 36.8208841 ] } },
{ "type": "Feature", "properties": { "osm_id": "3113_start" }, "geometry": { "type": "Point", "coordinates": [ 118.088637, 36.7962925 ] } },
{ "type": "Feature", "properties": { "osm_id": "3113_end" }, "geometry": { "type": "Point", "coordinates": [ 118.0886783, 36.7882629 ] } },
{ "type": "Feature", "properties": { "osm_id": "3115_start" }, "geometry": { "type": "Point", "coordinates": [ 118.0872229, 36.7728118 ] } },
{ "type": "Feature", "properties": { "osm_id": "3118_start" }, "geometry": { "type": "Point", "coordinates": [ 117.9602663, 36.7778233 ] } },
{ "type": "Feature", "properties": { "osm_id": "3118_end" }, "geometry": { "type": "Point", "coordinates": [ 117.9658522, 36.7855213 ] } },
{ "type": "Feature", "properties": { "osm_id": "3119_start" }, "geometry": { "type": "Point", "coordinates": [ 117.9665039, 36.785899 ] } },
{ "type": "Feature", "properties": { "osm_id": "3119_end" }, "geometry": { "type": "Point", "coordinates": [ 117.9592399, 36.7935246 ] } },
{ "type": "Feature", "properties": { "osm_id": "3120_start" }, "geometry": { "type": "Point", "coordinates": [ 117.9582027, 36.801467 ] } },
{ "type": "Feature", "properties": { "osm_id": "3120_end" }, "geometry": { "type": "Point", "coordinates": [ 117.9580646, 36.802539 ] } },
{ "type": "Feature", "properties": { "osm_id": "3122_start" }, "geometry": { "type": "Point", "coordinates": [ 117.9418302, 36.7858787 ] } },
{ "type": "Feature", "properties": { "osm_id": "3123_start" }, "geometry": { "type": "Point", "coordinates": [ 117.9291245, 36.7863486 ] } },
{ "type": "Feature", "properties": { "osm_id": "3123_end" }, "geometry": { "type": "Point", "coordinates": [ 117.9291869, 36.7861788 ] } },
{ "type": "Feature", "properties": { "osm_id": "3124_start" }, "geometry": { "type": "Point", "coordinates": [ 117.9217498, 36.7864237 ] } },
{ "type": "Feature", "properties": { "osm_id": "3124_end" }, "geometry": { "type": "Point", "coordinates": [ 117.9219109, 36.7864126 ] } },
{ "type": "Feature", "properties": { "osm_id": "3125_end" }, "geometry": { "type": "Point", "coordinates": [ 117.9226511, 36.7863701 ] } },
{ "type": "Feature", "properties": { "osm_id": "3134_start" }, "geometry": { "type": "Point", "coordinates": [ 117.9592605, 36.7867233 ] } },
{ "type": "Feature", "properties": { "osm_id": "3134_end" }, "geometry": { "type": "Point", "coordinates": [ 117.9607067, 36.7866423 ] } },
{ "type": "Feature", "properties": { "osm_id": "3135_start" }, "geometry": { "type": "Point", "coordinates": [ 117.9606503, 36.7878947 ] } },
{ "type": "Feature", "properties": { "osm_id": "3135_end" }, "geometry": { "type": "Point", "coordinates": [ 117.9592022, 36.7871477 ] } },
{ "type": "Feature", "properties": { "osm_id": "3137_start" }, "geometry": { "type": "Point", "coordinates": [ 117.9606831, 36.7873145 ] } },
{ "type": "Feature", "properties": { "osm_id": "3139_start" }, "geometry": { "type": "Point", "coordinates": [ 117.9593205, 36.7860716 ] } },
{ "type": "Feature", "properties": { "osm_id": "3139_end" }, "geometry": { "type": "Point", "coordinates": [ 117.9588523, 36.7857877 ] } },
{ "type": "Feature", "properties": { "osm_id": "3140_start" }, "geometry": { "type": "Point", "coordinates": [ 117.9607235, 36.786143 ] } },
{ "type": "Feature", "properties": { "osm_id": "3140_end" }, "geometry": { "type": "Point", "coordinates": [ 117.9617413, 36.7855358 ] } },
{ "type": "Feature", "properties": { "osm_id": "3141_start" }, "geometry": { "type": "Point", "coordinates": [ 117.9618737, 36.7854526 ] } },
{ "type": "Feature", "properties": { "osm_id": "3141_end" }, "geometry": { "type": "Point", "coordinates": [ 117.9620426, 36.7853512 ] } },
{ "type": "Feature", "properties": { "osm_id": "3143_start" }, "geometry": { "type": "Point", "coordinates": [ 117.9587607, 36.7857228 ] } },
{ "type": "Feature", "properties": { "osm_id": "3143_end" }, "geometry": { "type": "Point", "coordinates": [ 117.9586657, 36.7856717 ] } },
{ "type": "Feature", "properties": { "osm_id": "3145_end" }, "geometry": { "type": "Point", "coordinates": [ 117.9614278, 36.7881494 ] } },
{ "type": "Feature", "properties": { "osm_id": "3146_start" }, "geometry": { "type": "Point", "coordinates": [ 117.9617136, 36.7882327 ] } },
{ "type": "Feature", "properties": { "osm_id": "3146_end" }, "geometry": { "type": "Point", "coordinates": [ 117.9619103, 36.7883075 ] } },
{ "type": "Feature", "properties": { "osm_id": "3148_start" }, "geometry": { "type": "Point", "coordinates": [ 117.9591176, 36.7878361 ] } },
{ "type": "Feature", "properties": { "osm_id": "3148_end" }, "geometry": { "type": "Point", "coordinates": [ 117.9586764, 36.788024 ] } },
{ "type": "Feature", "properties": { "osm_id": "3149_start" }, "geometry": { "type": "Point", "coordinates": [ 117.9585369, 36.7880875 ] } },
{ "type": "Feature", "properties": { "osm_id": "3149_end" }, "geometry": { "type": "Point", "coordinates": [ 117.9583749, 36.7881577 ] } },
{ "type": "Feature", "properties": { "osm_id": "3168_start" }, "geometry": { "type": "Point", "coordinates": [ 118.0548722, 36.849943 ] } },
{ "type": "Feature", "properties": { "osm_id": "3168_end" }, "geometry": { "type": "Point", "coordinates": [ 118.0543418, 36.8500185 ] } },
{ "type": "Feature", "properties": { "osm_id": "3169_start" }, "geometry": { "type": "Point", "coordinates": [ 118.0544144, 36.8503017 ] } },
{ "type": "Feature", "properties": { "osm_id": "3169_end" }, "geometry": { "type": "Point", "coordinates": [ 118.0503485, 36.8504421 ] } },
{ "type": "Feature", "properties": { "osm_id": "3170_start" }, "geometry": { "type": "Point", "coordinates": [ 118.0524537, 36.8485458 ] } },
{ "type": "Feature", "properties": { "osm_id": "3170_end" }, "geometry": { "type": "Point", "coordinates": [ 118.052566, 36.8490082 ] } },
{ "type": "Feature", "properties": { "osm_id": "3171_start" }, "geometry": { "type": "Point", "coordinates": [ 118.0524119, 36.8490427 ] } },
{ "type": "Feature", "properties": { "osm_id": "3171_end" }, "geometry": { "type": "Point", "coordinates": [ 118.052305, 36.8485713 ] } },
{ "type": "Feature", "properties": { "osm_id": "3173_end" }, "geometry": { "type": "Point", "coordinates": [ 118.0534626, 36.8488282 ] } },
{ "type": "Feature", "properties": { "osm_id": "3174_end" }, "geometry": { "type": "Point", "coordinates": [ 118.0512726, 36.8492582 ] } },
{ "type": "Feature", "properties": { "osm_id": "3175_start" }, "geometry": { "type": "Point", "coordinates": [ 118.0525249, 36.8488393 ] } },
{ "type": "Feature", "properties": { "osm_id": "3175_end" }, "geometry": { "type": "Point", "coordinates": [ 118.0523569, 36.8487999 ] } },
{ "type": "Feature", "properties": { "osm_id": "3176_start" }, "geometry": { "type": "Point", "coordinates": [ 118.052495, 36.8490241 ] } },
{ "type": "Feature", "properties": { "osm_id": "3176_end" }, "geometry": { "type": "Point", "coordinates": [ 118.0534664, 36.8518158 ] } },
{ "type": "Feature", "properties": { "osm_id": "3177_start" }, "geometry": { "type": "Point", "coordinates": [ 118.0514641, 36.8500711 ] } },
{ "type": "Feature", "properties": { "osm_id": "3177_end" }, "geometry": { "type": "Point", "coordinates": [ 118.0526764, 36.8497787 ] } },
{ "type": "Feature", "properties": { "osm_id": "3178_start" }, "geometry": { "type": "Point", "coordinates": [ 118.0524265, 36.849952 ] } },
{ "type": "Feature", "properties": { "osm_id": "3178_end" }, "geometry": { "type": "Point", "coordinates": [ 118.0520673, 36.8505439 ] } },
{ "type": "Feature", "properties": { "osm_id": "3179_start" }, "geometry": { "type": "Point", "coordinates": [ 118.0514497, 36.849999 ] } },
{ "type": "Feature", "properties": { "osm_id": "3180_start" }, "geometry": { "type": "Point", "coordinates": [ 118.0520123, 36.8498983 ] } },
{ "type": "Feature", "properties": { "osm_id": "3180_end" }, "geometry": { "type": "Point", "coordinates": [ 118.0520142, 36.8499661 ] } },
{ "type": "Feature", "properties": { "osm_id": "3181_end" }, "geometry": { "type": "Point", "coordinates": [ 118.0521487, 36.8501644 ] } },
{ "type": "Feature", "properties": { "osm_id": "3182_start" }, "geometry": { "type": "Point", "coordinates": [ 118.0525906, 36.8494153 ] } },
{ "type": "Feature", "properties": { "osm_id": "3182_end" }, "geometry": { "type": "Point", "coordinates": [ 118.0541215, 36.849182 ] } },
{ "type": "Feature", "properties": { "osm_id": "3192_start" }, "geometry": { "type": "Point", "coordinates": [ 117.951877, 36.8500885 ] } },
{ "type": "Feature", "properties": { "osm_id": "3192_end" }, "geometry": { "type": "Point", "coordinates": [ 117.9604843, 36.8456895 ] } },
{ "type": "Feature", "properties": { "osm_id": "3193_end" }, "geometry": { "type": "Point", "coordinates": [ 117.9575016, 36.8027271 ] } },
{ "type": "Feature", "properties": { "osm_id": "3194_end" }, "geometry": { "type": "Point", "coordinates": [ 117.9576302, 36.801664 ] } },
{ "type": "Feature", "properties": { "osm_id": "3195_end" }, "geometry": { "type": "Point", "coordinates": [ 117.9578903, 36.8001983 ] } },
{ "type": "Feature", "properties": { "osm_id": "3208_start" }, "geometry": { "type": "Point", "coordinates": [ 118.0525517, 36.849256 ] } },
{ "type": "Feature", "properties": { "osm_id": "3208_end" }, "geometry": { "type": "Point", "coordinates": [ 118.0535308, 36.8491612 ] } },
{ "type": "Feature", "properties": { "osm_id": "3209_start" }, "geometry": { "type": "Point", "coordinates": [ 118.0532612, 36.8492241 ] } },
{ "type": "Feature", "properties": { "osm_id": "3209_end" }, "geometry": { "type": "Point", "coordinates": [ 118.0532867, 36.8493092 ] } },
{ "type": "Feature", "properties": { "osm_id": "3210_start" }, "geometry": { "type": "Point", "coordinates": [ 118.0533552, 36.8492118 ] } },
{ "type": "Feature", "properties": { "osm_id": "3210_end" }, "geometry": { "type": "Point", "coordinates": [ 118.0533835, 36.8492945 ] } },
{ "type": "Feature", "properties": { "osm_id": "3213_start" }, "geometry": { "type": "Point", "coordinates": [ 118.0545432, 36.8481482 ] } },
{ "type": "Feature", "properties": { "osm_id": "3213_end" }, "geometry": { "type": "Point", "coordinates": [ 118.054416, 36.8481734 ] } },
{ "type": "Feature", "properties": { "osm_id": "3227_start" }, "geometry": { "type": "Point", "coordinates": [ 118.0423796, 36.8485093 ] } },
{ "type": "Feature", "properties": { "osm_id": "3227_end" }, "geometry": { "type": "Point", "coordinates": [ 118.0424701, 36.8527532 ] } },
{ "type": "Feature", "properties": { "osm_id": "3228_start" }, "geometry": { "type": "Point", "coordinates": [ 118.0615472, 36.846142 ] } },
{ "type": "Feature", "properties": { "osm_id": "3228_end" }, "geometry": { "type": "Point", "coordinates": [ 118.0579303, 36.8466439 ] } },
{ "type": "Feature", "properties": { "osm_id": "3229_start" }, "geometry": { "type": "Point", "coordinates": [ 118.0578117, 36.8461553 ] } },
{ "type": "Feature", "properties": { "osm_id": "3229_end" }, "geometry": { "type": "Point", "coordinates": [ 118.0582863, 36.8481898 ] } },
{ "type": "Feature", "properties": { "osm_id": "3230_start" }, "geometry": { "type": "Point", "coordinates": [ 118.0584298, 36.8483683 ] } },
{ "type": "Feature", "properties": { "osm_id": "3230_end" }, "geometry": { "type": "Point", "coordinates": [ 118.0626038, 36.8484104 ] } },
{ "type": "Feature", "properties": { "osm_id": "3231_start" }, "geometry": { "type": "Point", "coordinates": [ 118.06301, 36.8472874 ] } },
{ "type": "Feature", "properties": { "osm_id": "3231_end" }, "geometry": { "type": "Point", "coordinates": [ 118.0625945, 36.8457902 ] } },
{ "type": "Feature", "properties": { "osm_id": "3232_start" }, "geometry": { "type": "Point", "coordinates": [ 118.0630476, 36.847518 ] } },
{ "type": "Feature", "properties": { "osm_id": "3233_start" }, "geometry": { "type": "Point", "coordinates": [ 118.0640994, 36.8481202 ] } },
{ "type": "Feature", "properties": { "osm_id": "3233_end" }, "geometry": { "type": "Point", "coordinates": [ 118.0631667, 36.8474737 ] } },
{ "type": "Feature", "properties": { "osm_id": "3234_start" }, "geometry": { "type": "Point", "coordinates": [ 118.0628185, 36.8483929 ] } },
{ "type": "Feature", "properties": { "osm_id": "3236_start" }, "geometry": { "type": "Point", "coordinates": [ 118.0583972, 36.8483938 ] } },
{ "type": "Feature", "properties": { "osm_id": "3237_start" }, "geometry": { "type": "Point", "coordinates": [ 118.055867, 36.8479653 ] } },
{ "type": "Feature", "properties": { "osm_id": "3238_start" }, "geometry": { "type": "Point", "coordinates": [ 118.0548468, 36.8480892 ] } },
{ "type": "Feature", "properties": { "osm_id": "3238_end" }, "geometry": { "type": "Point", "coordinates": [ 118.054521, 36.8467043 ] } },
{ "type": "Feature", "properties": { "osm_id": "3239_end" }, "geometry": { "type": "Point", "coordinates": [ 118.0556641, 36.8464136 ] } },
{ "type": "Feature", "properties": { "osm_id": "3240_start" }, "geometry": { "type": "Point", "coordinates": [ 118.0330062, 36.7647597 ] } },
{ "type": "Feature", "properties": { "osm_id": "3240_end" }, "geometry": { "type": "Point", "coordinates": [ 118.0351115, 36.7669611 ] } },
{ "type": "Feature", "properties": { "osm_id": "3241_start" }, "geometry": { "type": "Point", "coordinates": [ 118.031785, 36.7674556 ] } },
{ "type": "Feature", "properties": { "osm_id": "3241_end" }, "geometry": { "type": "Point", "coordinates": [ 118.0279901, 36.7677078 ] } },
{ "type": "Feature", "properties": { "osm_id": "3242_start" }, "geometry": { "type": "Point", "coordinates": [ 118.0291969, 36.7674951 ] } },
{ "type": "Feature", "properties": { "osm_id": "3242_end" }, "geometry": { "type": "Point", "coordinates": [ 118.0292025, 36.7659115 ] } },
{ "type": "Feature", "properties": { "osm_id": "3244_start" }, "geometry": { "type": "Point", "coordinates": [ 118.0548405, 36.8493162 ] } },
{ "type": "Feature", "properties": { "osm_id": "3244_end" }, "geometry": { "type": "Point", "coordinates": [ 118.0567943, 36.8490252 ] } },
{ "type": "Feature", "properties": { "osm_id": "3245_start" }, "geometry": { "type": "Point", "coordinates": [ 118.0565146, 36.8490664 ] } },
{ "type": "Feature", "properties": { "osm_id": "3245_end" }, "geometry": { "type": "Point", "coordinates": [ 118.0560124, 36.8491404 ] } },
{ "type": "Feature", "properties": { "osm_id": "3246_start" }, "geometry": { "type": "Point", "coordinates": [ 118.0520584, 36.8460886 ] } },
{ "type": "Feature", "properties": { "osm_id": "3246_end" }, "geometry": { "type": "Point", "coordinates": [ 118.0531578, 36.8460564 ] } },
{ "type": "Feature", "properties": { "osm_id": "3247_start" }, "geometry": { "type": "Point", "coordinates": [ 118.0535938, 36.8449838 ] } },
{ "type": "Feature", "properties": { "osm_id": "3247_end" }, "geometry": { "type": "Point", "coordinates": [ 118.0530881, 36.8458156 ] } },
{ "type": "Feature", "properties": { "osm_id": "3248_start" }, "geometry": { "type": "Point", "coordinates": [ 118.0520764, 36.8458781 ] } },
{ "type": "Feature", "properties": { "osm_id": "3248_end" }, "geometry": { "type": "Point", "coordinates": [ 118.0514823, 36.8450217 ] } },
{ "type": "Feature", "properties": { "osm_id": "3249_start" }, "geometry": { "type": "Point", "coordinates": [ 118.0515032, 36.8455981 ] } },
{ "type": "Feature", "properties": { "osm_id": "3249_end" }, "geometry": { "type": "Point", "coordinates": [ 118.0517791, 36.8455911 ] } },
{ "type": "Feature", "properties": { "osm_id": "3250_start" }, "geometry": { "type": "Point", "coordinates": [ 118.0514969, 36.8454253 ] } },
{ "type": "Feature", "properties": { "osm_id": "3250_end" }, "geometry": { "type": "Point", "coordinates": [ 118.0517669, 36.8454089 ] } },
{ "type": "Feature", "properties": { "osm_id": "3251_start" }, "geometry": { "type": "Point", "coordinates": [ 118.0514904, 36.8452466 ] } },
{ "type": "Feature", "properties": { "osm_id": "3251_end" }, "geometry": { "type": "Point", "coordinates": [ 118.0523157, 36.8452169 ] } },
{ "type": "Feature", "properties": { "osm_id": "3252_start" }, "geometry": { "type": "Point", "coordinates": [ 118.0534065, 36.8454853 ] } },
{ "type": "Feature", "properties": { "osm_id": "3252_end" }, "geometry": { "type": "Point", "coordinates": [ 118.0532792, 36.845025 ] } },
{ "type": "Feature", "properties": { "osm_id": "3253_start" }, "geometry": { "type": "Point", "coordinates": [ 118.0530024, 36.8453472 ] } },
{ "type": "Feature", "properties": { "osm_id": "3253_end" }, "geometry": { "type": "Point", "coordinates": [ 118.0533627, 36.8453272 ] } },
{ "type": "Feature", "properties": { "osm_id": "3254_start" }, "geometry": { "type": "Point", "coordinates": [ 118.0529975, 36.845178 ] } },
{ "type": "Feature", "properties": { "osm_id": "3254_end" }, "geometry": { "type": "Point", "coordinates": [ 118.0533183, 36.8451663 ] } },
{ "type": "Feature", "properties": { "osm_id": "3255_start" }, "geometry": { "type": "Point", "coordinates": [ 118.0533534, 36.8435322 ] } },
{ "type": "Feature", "properties": { "osm_id": "3255_end" }, "geometry": { "type": "Point", "coordinates": [ 118.05376, 36.8434752 ] } },
{ "type": "Feature", "properties": { "osm_id": "3256_start" }, "geometry": { "type": "Point", "coordinates": [ 118.0508814, 36.8362989 ] } },
{ "type": "Feature", "properties": { "osm_id": "3256_end" }, "geometry": { "type": "Point", "coordinates": [ 118.0506505, 36.8365137 ] } },
{ "type": "Feature", "properties": { "osm_id": "3257_start" }, "geometry": { "type": "Point", "coordinates": [ 118.0516026, 36.8367398 ] } },
{ "type": "Feature", "properties": { "osm_id": "3257_end" }, "geometry": { "type": "Point", "coordinates": [ 118.0529298, 36.8359173 ] } },
{ "type": "Feature", "properties": { "osm_id": "3258_start" }, "geometry": { "type": "Point", "coordinates": [ 118.0520827, 36.8366685 ] } },
{ "type": "Feature", "properties": { "osm_id": "3258_end" }, "geometry": { "type": "Point", "coordinates": [ 118.0524102, 36.8359316 ] } },
{ "type": "Feature", "properties": { "osm_id": "3259_start" }, "geometry": { "type": "Point", "coordinates": [ 118.0524448, 36.8361941 ] } },
{ "type": "Feature", "properties": { "osm_id": "3259_end" }, "geometry": { "type": "Point", "coordinates": [ 118.0526942, 36.8362971 ] } },
{ "type": "Feature", "properties": { "osm_id": "3260_end" }, "geometry": { "type": "Point", "coordinates": [ 118.0535711, 36.7997286 ] } },
{ "type": "Feature", "properties": { "osm_id": "3261_end" }, "geometry": { "type": "Point", "coordinates": [ 118.0350332, 36.8259389 ] } },
{ "type": "Feature", "properties": { "osm_id": "3262_end" }, "geometry": { "type": "Point", "coordinates": [ 118.035851, 36.8224964 ] } },
{ "type": "Feature", "properties": { "osm_id": "3263_start" }, "geometry": { "type": "Point", "coordinates": [ 118.0359031, 36.8226037 ] } },
{ "type": "Feature", "properties": { "osm_id": "3263_end" }, "geometry": { "type": "Point", "coordinates": [ 118.0359545, 36.8226037 ] } },
{ "type": "Feature", "properties": { "osm_id": "3264_end" }, "geometry": { "type": "Point", "coordinates": [ 118.0376076, 36.8205452 ] } },
{ "type": "Feature", "properties": { "osm_id": "3265_end" }, "geometry": { "type": "Point", "coordinates": [ 118.0362033, 36.820619 ] } },
{ "type": "Feature", "properties": { "osm_id": "3266_start" }, "geometry": { "type": "Point", "coordinates": [ 118.0374912, 36.8205513 ] } },
{ "type": "Feature", "properties": { "osm_id": "3266_end" }, "geometry": { "type": "Point", "coordinates": [ 118.0362841, 36.8210017 ] } },
{ "type": "Feature", "properties": { "osm_id": "3267_end" }, "geometry": { "type": "Point", "coordinates": [ 118.03587, 36.8217043 ] } },
{ "type": "Feature", "properties": { "osm_id": "3268_end" }, "geometry": { "type": "Point", "coordinates": [ 118.0351086, 36.8210348 ] } },
{ "type": "Feature", "properties": { "osm_id": "3270_end" }, "geometry": { "type": "Point", "coordinates": [ 118.0351111, 36.8210714 ] } },
{ "type": "Feature", "properties": { "osm_id": "3271_end" }, "geometry": { "type": "Point", "coordinates": [ 118.0350183, 36.8206813 ] } },
{ "type": "Feature", "properties": { "osm_id": "3272_start" }, "geometry": { "type": "Point", "coordinates": [ 118.035102, 36.8209054 ] } },
{ "type": "Feature", "properties": { "osm_id": "3272_end" }, "geometry": { "type": "Point", "coordinates": [ 118.0374976, 36.8207963 ] } },
{ "type": "Feature", "properties": { "osm_id": "3273_start" }, "geometry": { "type": "Point", "coordinates": [ 118.0359603, 36.8223061 ] } },
{ "type": "Feature", "properties": { "osm_id": "3273_end" }, "geometry": { "type": "Point", "coordinates": [ 118.0362281, 36.8223807 ] } },
{ "type": "Feature", "properties": { "osm_id": "3274_start" }, "geometry": { "type": "Point", "coordinates": [ 118.0359545, 36.8223045 ] } },
{ "type": "Feature", "properties": { "osm_id": "3275_end" }, "geometry": { "type": "Point", "coordinates": [ 118.0342079, 36.827919 ] } },
{ "type": "Feature", "properties": { "osm_id": "3276_start" }, "geometry": { "type": "Point", "coordinates": [ 118.0320032, 36.8258794 ] } },
{ "type": "Feature", "properties": { "osm_id": "3276_end" }, "geometry": { "type": "Point", "coordinates": [ 118.0312713, 36.8258822 ] } },
{ "type": "Feature", "properties": { "osm_id": "3277_start" }, "geometry": { "type": "Point", "coordinates": [ 118.0320051, 36.8255422 ] } },
{ "type": "Feature", "properties": { "osm_id": "3277_end" }, "geometry": { "type": "Point", "coordinates": [ 118.0312536, 36.8255423 ] } },
{ "type": "Feature", "properties": { "osm_id": "3278_start" }, "geometry": { "type": "Point", "coordinates": [ 118.0309119, 36.8257323 ] } },
{ "type": "Feature", "properties": { "osm_id": "3278_end" }, "geometry": { "type": "Point", "coordinates": [ 118.0310275, 36.8257286 ] } },
{ "type": "Feature", "properties": { "osm_id": "3280_end" }, "geometry": { "type": "Point", "coordinates": [ 118.0310326, 36.8259613 ] } },
{ "type": "Feature", "properties": { "osm_id": "3281_end" }, "geometry": { "type": "Point", "coordinates": [ 118.0282292, 36.8274219 ] } },
{ "type": "Feature", "properties": { "osm_id": "3282_start" }, "geometry": { "type": "Point", "coordinates": [ 118.0308856, 36.8207313 ] } },
{ "type": "Feature", "properties": { "osm_id": "3283_start" }, "geometry": { "type": "Point", "coordinates": [ 118.0310404, 36.8282029 ] } },
{ "type": "Feature", "properties": { "osm_id": "3283_end" }, "geometry": { "type": "Point", "coordinates": [ 118.0310924, 36.8363569 ] } },
{ "type": "Feature", "properties": { "osm_id": "3284_start" }, "geometry": { "type": "Point", "coordinates": [ 118.0309131, 36.8259572 ] } },
{ "type": "Feature", "properties": { "osm_id": "3285_start" }, "geometry": { "type": "Point", "coordinates": [ 118.0381222, 36.827834 ] } },
{ "type": "Feature", "properties": { "osm_id": "3285_end" }, "geometry": { "type": "Point", "coordinates": [ 118.0390447, 36.8204684 ] } },
{ "type": "Feature", "properties": { "osm_id": "3287_start" }, "geometry": { "type": "Point", "coordinates": [ 118.0376423, 36.8373539 ] } },
{ "type": "Feature", "properties": { "osm_id": "3287_end" }, "geometry": { "type": "Point", "coordinates": [ 118.0376706, 36.8363276 ] } },
{ "type": "Feature", "properties": { "osm_id": "3289_start" }, "geometry": { "type": "Point", "coordinates": [ 118.0379539, 36.8360629 ] } },
{ "type": "Feature", "properties": { "osm_id": "3293_start" }, "geometry": { "type": "Point", "coordinates": [ 118.0383421, 36.8276553 ] } },
{ "type": "Feature", "properties": { "osm_id": "3293_end" }, "geometry": { "type": "Point", "coordinates": [ 118.0383482, 36.8278863 ] } },
{ "type": "Feature", "properties": { "osm_id": "3294_start" }, "geometry": { "type": "Point", "coordinates": [ 118.0380412, 36.8276049 ] } },
{ "type": "Feature", "properties": { "osm_id": "3294_end" }, "geometry": { "type": "Point", "coordinates": [ 118.038208, 36.8276024 ] } },
{ "type": "Feature", "properties": { "osm_id": "3296_start" }, "geometry": { "type": "Point", "coordinates": [ 118.0379765, 36.827893 ] } },
{ "type": "Feature", "properties": { "osm_id": "3296_end" }, "geometry": { "type": "Point", "coordinates": [ 118.037976, 36.8276793 ] } },
{ "type": "Feature", "properties": { "osm_id": "3298_end" }, "geometry": { "type": "Point", "coordinates": [ 118.0382982, 36.827603 ] } },
{ "type": "Feature", "properties": { "osm_id": "3300_start" }, "geometry": { "type": "Point", "coordinates": [ 118.0382425, 36.82794 ] } },
{ "type": "Feature", "properties": { "osm_id": "3300_end" }, "geometry": { "type": "Point", "coordinates": [ 118.0380616, 36.82794 ] } },
{ "type": "Feature", "properties": { "osm_id": "3303_start" }, "geometry": { "type": "Point", "coordinates": [ 118.0392167, 36.8206854 ] } },
{ "type": "Feature", "properties": { "osm_id": "3303_end" }, "geometry": { "type": "Point", "coordinates": [ 118.0389137, 36.8206832 ] } },
{ "type": "Feature", "properties": { "osm_id": "3305_start" }, "geometry": { "type": "Point", "coordinates": [ 118.0387822, 36.8205823 ] } },
{ "type": "Feature", "properties": { "osm_id": "3305_end" }, "geometry": { "type": "Point", "coordinates": [ 118.0387661, 36.8202452 ] } },
{ "type": "Feature", "properties": { "osm_id": "3307_start" }, "geometry": { "type": "Point", "coordinates": [ 118.0393133, 36.8202216 ] } },
{ "type": "Feature", "properties": { "osm_id": "3307_end" }, "geometry": { "type": "Point", "coordinates": [ 118.0393374, 36.8205801 ] } },
{ "type": "Feature", "properties": { "osm_id": "3310_start" }, "geometry": { "type": "Point", "coordinates": [ 118.0383092, 36.8257291 ] } },
{ "type": "Feature", "properties": { "osm_id": "3310_end" }, "geometry": { "type": "Point", "coordinates": [ 118.0362298, 36.8273578 ] } },
{ "type": "Feature", "properties": { "osm_id": "3311_start" }, "geometry": { "type": "Point", "coordinates": [ 118.0361122, 36.8278167 ] } },
{ "type": "Feature", "properties": { "osm_id": "3311_end" }, "geometry": { "type": "Point", "coordinates": [ 118.036114, 36.8273595 ] } },
{ "type": "Feature", "properties": { "osm_id": "3312_end" }, "geometry": { "type": "Point", "coordinates": [ 118.0362343, 36.8278102 ] } },
{ "type": "Feature", "properties": { "osm_id": "3313_start" }, "geometry": { "type": "Point", "coordinates": [ 118.0361709, 36.8273367 ] } },
{ "type": "Feature", "properties": { "osm_id": "3313_end" }, "geometry": { "type": "Point", "coordinates": [ 118.0368762, 36.8238416 ] } },
{ "type": "Feature", "properties": { "osm_id": "3314_start" }, "geometry": { "type": "Point", "coordinates": [ 118.037143, 36.8238304 ] } },
{ "type": "Feature", "properties": { "osm_id": "3314_end" }, "geometry": { "type": "Point", "coordinates": [ 118.037071, 36.8226229 ] } },
{ "type": "Feature", "properties": { "osm_id": "3315_start" }, "geometry": { "type": "Point", "coordinates": [ 118.0374355, 36.8257518 ] } },
{ "type": "Feature", "properties": { "osm_id": "3315_end" }, "geometry": { "type": "Point", "coordinates": [ 118.0368844, 36.8241898 ] } },
{ "type": "Feature", "properties": { "osm_id": "3316_start" }, "geometry": { "type": "Point", "coordinates": [ 118.0374515, 36.8241703 ] } },
{ "type": "Feature", "properties": { "osm_id": "3316_end" }, "geometry": { "type": "Point", "coordinates": [ 118.0377442, 36.8229157 ] } },
{ "type": "Feature", "properties": { "osm_id": "3317_start" }, "geometry": { "type": "Point", "coordinates": [ 118.0354224, 36.8259534 ] } },
{ "type": "Feature", "properties": { "osm_id": "3318_start" }, "geometry": { "type": "Point", "coordinates": [ 118.0371038, 36.8257579 ] } },
{ "type": "Feature", "properties": { "osm_id": "3318_end" }, "geometry": { "type": "Point", "coordinates": [ 118.0377503, 36.8272163 ] } },
{ "type": "Feature", "properties": { "osm_id": "3319_start" }, "geometry": { "type": "Point", "coordinates": [ 118.0336093, 36.825945 ] } },
{ "type": "Feature", "properties": { "osm_id": "3319_end" }, "geometry": { "type": "Point", "coordinates": [ 118.0337759, 36.8276279 ] } },
{ "type": "Feature", "properties": { "osm_id": "3320_end" }, "geometry": { "type": "Point", "coordinates": [ 118.0389336, 36.8214499 ] } },
{ "type": "Feature", "properties": { "osm_id": "3321_start" }, "geometry": { "type": "Point", "coordinates": [ 118.0373999, 36.8218481 ] } },
{ "type": "Feature", "properties": { "osm_id": "3321_end" }, "geometry": { "type": "Point", "coordinates": [ 118.0373612, 36.821397 ] } },
{ "type": "Feature", "properties": { "osm_id": "3322_start" }, "geometry": { "type": "Point", "coordinates": [ 118.0373929, 36.8220246 ] } },
{ "type": "Feature", "properties": { "osm_id": "3323_start" }, "geometry": { "type": "Point", "coordinates": [ 118.0371396, 36.8220507 ] } },
{ "type": "Feature", "properties": { "osm_id": "3324_end" }, "geometry": { "type": "Point", "coordinates": [ 118.0367502, 36.8221167 ] } },
{ "type": "Feature", "properties": { "osm_id": "3325_end" }, "geometry": { "type": "Point", "coordinates": [ 118.0373252, 36.8216368 ] } },
{ "type": "Feature", "properties": { "osm_id": "3326_start" }, "geometry": { "type": "Point", "coordinates": [ 118.0373929, 36.8217303 ] } },
{ "type": "Feature", "properties": { "osm_id": "3326_end" }, "geometry": { "type": "Point", "coordinates": [ 118.0383362, 36.8214458 ] } },
{ "type": "Feature", "properties": { "osm_id": "3327_start" }, "geometry": { "type": "Point", "coordinates": [ 118.0377011, 36.8218499 ] } },
{ "type": "Feature", "properties": { "osm_id": "3328_start" }, "geometry": { "type": "Point", "coordinates": [ 118.0382171, 36.821521 ] } },
{ "type": "Feature", "properties": { "osm_id": "3328_end" }, "geometry": { "type": "Point", "coordinates": [ 118.0378809, 36.8217303 ] } },
{ "type": "Feature", "properties": { "osm_id": "3329_start" }, "geometry": { "type": "Point", "coordinates": [ 118.0384502, 36.8217116 ] } },
{ "type": "Feature", "properties": { "osm_id": "3329_end" }, "geometry": { "type": "Point", "coordinates": [ 118.0384319, 36.8218686 ] } },
{ "type": "Feature", "properties": { "osm_id": "3330_end" }, "geometry": { "type": "Point", "coordinates": [ 118.0310809, 36.8259611 ] } },
{ "type": "Feature", "properties": { "osm_id": "3333_end" }, "geometry": { "type": "Point", "coordinates": [ 118.0314517, 36.826079 ] } },
{ "type": "Feature", "properties": { "osm_id": "3335_end" }, "geometry": { "type": "Point", "coordinates": [ 118.0355856, 36.8240729 ] } },
{ "type": "Feature", "properties": { "osm_id": "3342_start" }, "geometry": { "type": "Point", "coordinates": [ 117.988214, 36.7866625 ] } },
{ "type": "Feature", "properties": { "osm_id": "3342_end" }, "geometry": { "type": "Point", "coordinates": [ 117.9875808, 36.7917023 ] } },
{ "type": "Feature", "properties": { "osm_id": "3343_start" }, "geometry": { "type": "Point", "coordinates": [ 117.990795, 36.7868765 ] } },
{ "type": "Feature", "properties": { "osm_id": "3343_end" }, "geometry": { "type": "Point", "coordinates": [ 117.9905358, 36.7895778 ] } },
{ "type": "Feature", "properties": { "osm_id": "3344_start" }, "geometry": { "type": "Point", "coordinates": [ 117.9897791, 36.7895167 ] } },
{ "type": "Feature", "properties": { "osm_id": "3344_end" }, "geometry": { "type": "Point", "coordinates": [ 117.9902189, 36.7868372 ] } },
{ "type": "Feature", "properties": { "osm_id": "3345_start" }, "geometry": { "type": "Point", "coordinates": [ 117.9905685, 36.7896548 ] } },
{ "type": "Feature", "properties": { "osm_id": "3346_start" }, "geometry": { "type": "Point", "coordinates": [ 117.9924064, 36.7898967 ] } },
{ "type": "Feature", "properties": { "osm_id": "3346_end" }, "geometry": { "type": "Point", "coordinates": [ 117.9905785, 36.7897358 ] } },
{ "type": "Feature", "properties": { "osm_id": "3347_start" }, "geometry": { "type": "Point", "coordinates": [ 117.9881406, 36.7872835 ] } },
{ "type": "Feature", "properties": { "osm_id": "3347_end" }, "geometry": { "type": "Point", "coordinates": [ 117.9926809, 36.7876421 ] } },
{ "type": "Feature", "properties": { "osm_id": "3348_start" }, "geometry": { "type": "Point", "coordinates": [ 117.9947102, 36.785384 ] } },
{ "type": "Feature", "properties": { "osm_id": "3348_end" }, "geometry": { "type": "Point", "coordinates": [ 117.9939964, 36.7853746 ] } },
{ "type": "Feature", "properties": { "osm_id": "3349_start" }, "geometry": { "type": "Point", "coordinates": [ 117.99409, 36.7839262 ] } },
{ "type": "Feature", "properties": { "osm_id": "3349_end" }, "geometry": { "type": "Point", "coordinates": [ 117.9946884, 36.7839455 ] } },
{ "type": "Feature", "properties": { "osm_id": "3350_start" }, "geometry": { "type": "Point", "coordinates": [ 117.9947827, 36.784174 ] } },
{ "type": "Feature", "properties": { "osm_id": "3350_end" }, "geometry": { "type": "Point", "coordinates": [ 117.9947145, 36.7852627 ] } },
{ "type": "Feature", "properties": { "osm_id": "3351_end" }, "geometry": { "type": "Point", "coordinates": [ 117.9945671, 36.7853816 ] } },
{ "type": "Feature", "properties": { "osm_id": "3352_start" }, "geometry": { "type": "Point", "coordinates": [ 117.9948877, 36.7841766 ] } },
{ "type": "Feature", "properties": { "osm_id": "3352_end" }, "geometry": { "type": "Point", "coordinates": [ 117.9948295, 36.7851071 ] } },
{ "type": "Feature", "properties": { "osm_id": "3353_start" }, "geometry": { "type": "Point", "coordinates": [ 117.9949839, 36.7841833 ] } },
{ "type": "Feature", "properties": { "osm_id": "3353_end" }, "geometry": { "type": "Point", "coordinates": [ 117.9949157, 36.785272 ] } },
{ "type": "Feature", "properties": { "osm_id": "3354_start" }, "geometry": { "type": "Point", "coordinates": [ 117.9950758, 36.7841883 ] } },
{ "type": "Feature", "properties": { "osm_id": "3354_end" }, "geometry": { "type": "Point", "coordinates": [ 117.9950076, 36.7852771 ] } },
{ "type": "Feature", "properties": { "osm_id": "3358_start" }, "geometry": { "type": "Point", "coordinates": [ 117.9948196, 36.7852653 ] } },
{ "type": "Feature", "properties": { "osm_id": "3359_end" }, "geometry": { "type": "Point", "coordinates": [ 117.9947884, 36.7853866 ] } },
{ "type": "Feature", "properties": { "osm_id": "3361_end" }, "geometry": { "type": "Point", "coordinates": [ 117.9953197, 36.785188 ] } },
{ "type": "Feature", "properties": { "osm_id": "3363_start" }, "geometry": { "type": "Point", "coordinates": [ 118.0104456, 36.8055799 ] } },
{ "type": "Feature", "properties": { "osm_id": "3363_end" }, "geometry": { "type": "Point", "coordinates": [ 118.0132159, 36.8054869 ] } },
{ "type": "Feature", "properties": { "osm_id": "3364_start" }, "geometry": { "type": "Point", "coordinates": [ 118.0130629, 36.8055769 ] } },
{ "type": "Feature", "properties": { "osm_id": "3364_end" }, "geometry": { "type": "Point", "coordinates": [ 118.0107305, 36.8056035 ] } },
{ "type": "Feature", "properties": { "osm_id": "3370_start" }, "geometry": { "type": "Point", "coordinates": [ 118.0791981, 36.8465718 ] } },
{ "type": "Feature", "properties": { "osm_id": "3370_end" }, "geometry": { "type": "Point", "coordinates": [ 118.0762303, 36.8478295 ] } },
{ "type": "Feature", "properties": { "osm_id": "3371_start" }, "geometry": { "type": "Point", "coordinates": [ 118.0762012, 36.847697 ] } },
{ "type": "Feature", "properties": { "osm_id": "3371_end" }, "geometry": { "type": "Point", "coordinates": [ 118.0791962, 36.846406 ] } },
{ "type": "Feature", "properties": { "osm_id": "3372_start" }, "geometry": { "type": "Point", "coordinates": [ 118.0410095, 36.795635 ] } },
{ "type": "Feature", "properties": { "osm_id": "3372_end" }, "geometry": { "type": "Point", "coordinates": [ 118.0354553, 36.7961171 ] } },
{ "type": "Feature", "properties": { "osm_id": "3373_start" }, "geometry": { "type": "Point", "coordinates": [ 118.0315016, 36.7964438 ] } },
{ "type": "Feature", "properties": { "osm_id": "3377_start" }, "geometry": { "type": "Point", "coordinates": [ 118.0280602, 36.7915477 ] } },
{ "type": "Feature", "properties": { "osm_id": "3377_end" }, "geometry": { "type": "Point", "coordinates": [ 118.0283576, 36.7915102 ] } },
{ "type": "Feature", "properties": { "osm_id": "3387_start" }, "geometry": { "type": "Point", "coordinates": [ 118.0279057, 36.7892245 ] } },
{ "type": "Feature", "properties": { "osm_id": "3387_end" }, "geometry": { "type": "Point", "coordinates": [ 118.0275924, 36.7892699 ] } },
{ "type": "Feature", "properties": { "osm_id": "3388_start" }, "geometry": { "type": "Point", "coordinates": [ 118.0275308, 36.788963 ] } },
{ "type": "Feature", "properties": { "osm_id": "3388_end" }, "geometry": { "type": "Point", "coordinates": [ 118.0277873, 36.7889309 ] } },
{ "type": "Feature", "properties": { "osm_id": "3389_end" }, "geometry": { "type": "Point", "coordinates": [ 118.0275243, 36.7892381 ] } },
{ "type": "Feature", "properties": { "osm_id": "3390_end" }, "geometry": { "type": "Point", "coordinates": [ 118.0274619, 36.7890351 ] } },
{ "type": "Feature", "properties": { "osm_id": "3392_end" }, "geometry": { "type": "Point", "coordinates": [ 118.0278732, 36.7889859 ] } },
{ "type": "Feature", "properties": { "osm_id": "3393_end" }, "geometry": { "type": "Point", "coordinates": [ 118.0279267, 36.7891887 ] } },
{ "type": "Feature", "properties": { "osm_id": "3395_end" }, "geometry": { "type": "Point", "coordinates": [ 118.031627, 36.796282 ] } },
{ "type": "Feature", "properties": { "osm_id": "3396_start" }, "geometry": { "type": "Point", "coordinates": [ 118.0290928, 36.7964438 ] } },
{ "type": "Feature", "properties": { "osm_id": "3398_start" }, "geometry": { "type": "Point", "coordinates": [ 118.0012169, 36.799128 ] } },
{ "type": "Feature", "properties": { "osm_id": "3398_end" }, "geometry": { "type": "Point", "coordinates": [ 118.0013267, 36.7993737 ] } },
{ "type": "Feature", "properties": { "osm_id": "3399_start" }, "geometry": { "type": "Point", "coordinates": [ 118.0014843, 36.7986854 ] } },
{ "type": "Feature", "properties": { "osm_id": "3399_end" }, "geometry": { "type": "Point", "coordinates": [ 118.0015378, 36.7994903 ] } },
{ "type": "Feature", "properties": { "osm_id": "3400_start" }, "geometry": { "type": "Point", "coordinates": [ 118.0011384, 36.798582 ] } },
{ "type": "Feature", "properties": { "osm_id": "3400_end" }, "geometry": { "type": "Point", "coordinates": [ 118.0011534, 36.7987116 ] } },
{ "type": "Feature", "properties": { "osm_id": "3401_start" }, "geometry": { "type": "Point", "coordinates": [ 118.001529, 36.7991074 ] } },
{ "type": "Feature", "properties": { "osm_id": "3401_end" }, "geometry": { "type": "Point", "coordinates": [ 118.0014934, 36.7993587 ] } },
{ "type": "Feature", "properties": { "osm_id": "3402_start" }, "geometry": { "type": "Point", "coordinates": [ 118.0014162, 36.7994078 ] } },
{ "type": "Feature", "properties": { "osm_id": "3402_end" }, "geometry": { "type": "Point", "coordinates": [ 118.0014278, 36.7994996 ] } },
{ "type": "Feature", "properties": { "osm_id": "3404_start" }, "geometry": { "type": "Point", "coordinates": [ 118.001339, 36.7993885 ] } },
{ "type": "Feature", "properties": { "osm_id": "3404_end" }, "geometry": { "type": "Point", "coordinates": [ 118.0014857, 36.7993427 ] } },
{ "type": "Feature", "properties": { "osm_id": "3405_start" }, "geometry": { "type": "Point", "coordinates": [ 118.0014654, 36.7985524 ] } },
{ "type": "Feature", "properties": { "osm_id": "3406_start" }, "geometry": { "type": "Point", "coordinates": [ 118.0014703, 36.7991113 ] } },
{ "type": "Feature", "properties": { "osm_id": "3406_end" }, "geometry": { "type": "Point", "coordinates": [ 118.0016403, 36.7990982 ] } },
{ "type": "Feature", "properties": { "osm_id": "3407_end" }, "geometry": { "type": "Point", "coordinates": [ 118.0013139, 36.7995093 ] } },
{ "type": "Feature", "properties": { "osm_id": "3409_start" }, "geometry": { "type": "Point", "coordinates": [ 118.0011207, 36.7991351 ] } },
{ "type": "Feature", "properties": { "osm_id": "3409_end" }, "geometry": { "type": "Point", "coordinates": [ 118.001277, 36.7991235 ] } },
{ "type": "Feature", "properties": { "osm_id": "3410_start" }, "geometry": { "type": "Point", "coordinates": [ 118.0013286, 36.798823 ] } },
{ "type": "Feature", "properties": { "osm_id": "3410_end" }, "geometry": { "type": "Point", "coordinates": [ 118.0013591, 36.7990405 ] } },
{ "type": "Feature", "properties": { "osm_id": "3411_start" }, "geometry": { "type": "Point", "coordinates": [ 118.0014701, 36.799102 ] } },
{ "type": "Feature", "properties": { "osm_id": "3412_start" }, "geometry": { "type": "Point", "coordinates": [ 117.9994413, 36.8001157 ] } },
{ "type": "Feature", "properties": { "osm_id": "3412_end" }, "geometry": { "type": "Point", "coordinates": [ 117.9992726, 36.7986576 ] } },
{ "type": "Feature", "properties": { "osm_id": "3413_start" }, "geometry": { "type": "Point", "coordinates": [ 118.003121, 36.8031477 ] } },
{ "type": "Feature", "properties": { "osm_id": "3414_start" }, "geometry": { "type": "Point", "coordinates": [ 118.0008672, 36.8004563 ] } },
{ "type": "Feature", "properties": { "osm_id": "3414_end" }, "geometry": { "type": "Point", "coordinates": [ 118.002759, 36.8002861 ] } },
{ "type": "Feature", "properties": { "osm_id": "3415_start" }, "geometry": { "type": "Point", "coordinates": [ 118.0024815, 36.8012632 ] } },
{ "type": "Feature", "properties": { "osm_id": "3415_end" }, "geometry": { "type": "Point", "coordinates": [ 118.0010053, 36.801418 ] } },
{ "type": "Feature", "properties": { "osm_id": "3416_start" }, "geometry": { "type": "Point", "coordinates": [ 118.0018277, 36.8015629 ] } },
{ "type": "Feature", "properties": { "osm_id": "3416_end" }, "geometry": { "type": "Point", "coordinates": [ 118.0018405, 36.8016486 ] } },
{ "type": "Feature", "properties": { "osm_id": "3418_start" }, "geometry": { "type": "Point", "coordinates": [ 118.002457, 36.8016474 ] } },
{ "type": "Feature", "properties": { "osm_id": "3418_end" }, "geometry": { "type": "Point", "coordinates": [ 118.0024025, 36.8024101 ] } },
{ "type": "Feature", "properties": { "osm_id": "3419_start" }, "geometry": { "type": "Point", "coordinates": [ 118.0022332, 36.8016792 ] } },
{ "type": "Feature", "properties": { "osm_id": "3419_end" }, "geometry": { "type": "Point", "coordinates": [ 118.0023695, 36.8019764 ] } },
{ "type": "Feature", "properties": { "osm_id": "3420_end" }, "geometry": { "type": "Point", "coordinates": [ 118.0018528, 36.801721 ] } },
{ "type": "Feature", "properties": { "osm_id": "3421_start" }, "geometry": { "type": "Point", "coordinates": [ 118.0010395, 36.8016389 ] } },
{ "type": "Feature", "properties": { "osm_id": "3421_end" }, "geometry": { "type": "Point", "coordinates": [ 118.001841, 36.8016513 ] } },
{ "type": "Feature", "properties": { "osm_id": "3422_start" }, "geometry": { "type": "Point", "coordinates": [ 118.002519, 36.801481 ] } },
{ "type": "Feature", "properties": { "osm_id": "3422_end" }, "geometry": { "type": "Point", "coordinates": [ 118.0023854, 36.8016148 ] } },
{ "type": "Feature", "properties": { "osm_id": "3423_start" }, "geometry": { "type": "Point", "coordinates": [ 118.0025478, 36.8016486 ] } },
{ "type": "Feature", "properties": { "osm_id": "3423_end" }, "geometry": { "type": "Point", "coordinates": [ 118.0025795, 36.8018326 ] } },
{ "type": "Feature", "properties": { "osm_id": "3424_start" }, "geometry": { "type": "Point", "coordinates": [ 118.0019822, 36.8013165 ] } },
{ "type": "Feature", "properties": { "osm_id": "3425_start" }, "geometry": { "type": "Point", "coordinates": [ 118.0022122, 36.80166 ] } },
{ "type": "Feature", "properties": { "osm_id": "3425_end" }, "geometry": { "type": "Point", "coordinates": [ 118.0023158, 36.8017731 ] } },
{ "type": "Feature", "properties": { "osm_id": "3426_start" }, "geometry": { "type": "Point", "coordinates": [ 118.0024253, 36.8015648 ] } },
{ "type": "Feature", "properties": { "osm_id": "3426_end" }, "geometry": { "type": "Point", "coordinates": [ 118.0020599, 36.8016232 ] } },
{ "type": "Feature", "properties": { "osm_id": "3427_start" }, "geometry": { "type": "Point", "coordinates": [ 118.0023142, 36.8016153 ] } },
{ "type": "Feature", "properties": { "osm_id": "3427_end" }, "geometry": { "type": "Point", "coordinates": [ 118.0021482, 36.8015482 ] } },
{ "type": "Feature", "properties": { "osm_id": "3439_start" }, "geometry": { "type": "Point", "coordinates": [ 117.9468429, 36.8465448 ] } },
{ "type": "Feature", "properties": { "osm_id": "3439_end" }, "geometry": { "type": "Point", "coordinates": [ 117.9532841, 36.8441788 ] } },
{ "type": "Feature", "properties": { "osm_id": "3444_start" }, "geometry": { "type": "Point", "coordinates": [ 117.9634181, 36.8491492 ] } },
{ "type": "Feature", "properties": { "osm_id": "3444_end" }, "geometry": { "type": "Point", "coordinates": [ 117.9633533, 36.8492489 ] } },
{ "type": "Feature", "properties": { "osm_id": "3445_end" }, "geometry": { "type": "Point", "coordinates": [ 117.9633086, 36.8493175 ] } },
{ "type": "Feature", "properties": { "osm_id": "3446_start" }, "geometry": { "type": "Point", "coordinates": [ 117.9633025, 36.849327 ] } },
{ "type": "Feature", "properties": { "osm_id": "3446_end" }, "geometry": { "type": "Point", "coordinates": [ 117.9632572, 36.8493966 ] } },
{ "type": "Feature", "properties": { "osm_id": "3448_end" }, "geometry": { "type": "Point", "coordinates": [ 117.9629093, 36.8504788 ] } },
{ "type": "Feature", "properties": { "osm_id": "3449_start" }, "geometry": { "type": "Point", "coordinates": [ 117.960916, 36.8504788 ] } },
{ "type": "Feature", "properties": { "osm_id": "3449_end" }, "geometry": { "type": "Point", "coordinates": [ 117.960083, 36.8495209 ] } },
{ "type": "Feature", "properties": { "osm_id": "3450_start" }, "geometry": { "type": "Point", "coordinates": [ 117.959896, 36.8493378 ] } },
{ "type": "Feature", "properties": { "osm_id": "3450_end" }, "geometry": { "type": "Point", "coordinates": [ 117.9598365, 36.8492795 ] } },
{ "type": "Feature", "properties": { "osm_id": "3451_start" }, "geometry": { "type": "Point", "coordinates": [ 117.9599566, 36.8493972 ] } },
{ "type": "Feature", "properties": { "osm_id": "3452_start" }, "geometry": { "type": "Point", "coordinates": [ 117.96002, 36.8494592 ] } },
{ "type": "Feature", "properties": { "osm_id": "3454_start" }, "geometry": { "type": "Point", "coordinates": [ 118.1258122, 36.8327047 ] } },
{ "type": "Feature", "properties": { "osm_id": "3454_end" }, "geometry": { "type": "Point", "coordinates": [ 118.1312328, 36.8359779 ] } },
{ "type": "Feature", "properties": { "osm_id": "3455_start" }, "geometry": { "type": "Point", "coordinates": [ 118.1285835, 36.832622 ] } },
{ "type": "Feature", "properties": { "osm_id": "3456_start" }, "geometry": { "type": "Point", "coordinates": [ 118.1284333, 36.8304236 ] } },
{ "type": "Feature", "properties": { "osm_id": "3456_end" }, "geometry": { "type": "Point", "coordinates": [ 118.1355304, 36.827697 ] } },
{ "type": "Feature", "properties": { "osm_id": "3459_start" }, "geometry": { "type": "Point", "coordinates": [ 118.1219436, 36.823689 ] } },
{ "type": "Feature", "properties": { "osm_id": "3459_end" }, "geometry": { "type": "Point", "coordinates": [ 118.1311496, 36.8176971 ] } },
{ "type": "Feature", "properties": { "osm_id": "3460_start" }, "geometry": { "type": "Point", "coordinates": [ 118.1240727, 36.8188465 ] } },
{ "type": "Feature", "properties": { "osm_id": "3460_end" }, "geometry": { "type": "Point", "coordinates": [ 118.1254175, 36.8216721 ] } },
{ "type": "Feature", "properties": { "osm_id": "3463_start" }, "geometry": { "type": "Point", "coordinates": [ 118.0495534, 36.8122783 ] } },
{ "type": "Feature", "properties": { "osm_id": "3463_end" }, "geometry": { "type": "Point", "coordinates": [ 118.0455009, 36.8130624 ] } },
{ "type": "Feature", "properties": { "osm_id": "3464_end" }, "geometry": { "type": "Point", "coordinates": [ 118.0495702, 36.8123428 ] } },
{ "type": "Feature", "properties": { "osm_id": "3465_start" }, "geometry": { "type": "Point", "coordinates": [ 118.0495297, 36.8121872 ] } },
{ "type": "Feature", "properties": { "osm_id": "3465_end" }, "geometry": { "type": "Point", "coordinates": [ 118.050367, 36.8119605 ] } },
{ "type": "Feature", "properties": { "osm_id": "3467_start" }, "geometry": { "type": "Point", "coordinates": [ 118.0372828, 36.8210838 ] } },
{ "type": "Feature", "properties": { "osm_id": "3467_end" }, "geometry": { "type": "Point", "coordinates": [ 118.0372945, 36.8211954 ] } },
{ "type": "Feature", "properties": { "osm_id": "3468_end" }, "geometry": { "type": "Point", "coordinates": [ 118.037295, 36.8212003 ] } },
{ "type": "Feature", "properties": { "osm_id": "3469_start" }, "geometry": { "type": "Point", "coordinates": [ 118.0372823, 36.8210789 ] } },
{ "type": "Feature", "properties": { "osm_id": "3470_start" }, "geometry": { "type": "Point", "coordinates": [ 117.9843876, 36.7864127 ] } },
{ "type": "Feature", "properties": { "osm_id": "3472_end" }, "geometry": { "type": "Point", "coordinates": [ 118.052003, 36.8382933 ] } },
{ "type": "Feature", "properties": { "osm_id": "3474_start" }, "geometry": { "type": "Point", "coordinates": [ 118.0538568, 36.8460304 ] } },
{ "type": "Feature", "properties": { "osm_id": "3474_end" }, "geometry": { "type": "Point", "coordinates": [ 118.0530333, 36.8428094 ] } },
{ "type": "Feature", "properties": { "osm_id": "3475_end" }, "geometry": { "type": "Point", "coordinates": [ 118.0518707, 36.8382989 ] } },
{ "type": "Feature", "properties": { "osm_id": "3476_end" }, "geometry": { "type": "Point", "coordinates": [ 118.0131344, 36.8371229 ] } },
{ "type": "Feature", "properties": { "osm_id": "3477_start" }, "geometry": { "type": "Point", "coordinates": [ 118.1117206, 36.7942109 ] } },
{ "type": "Feature", "properties": { "osm_id": "3477_end" }, "geometry": { "type": "Point", "coordinates": [ 118.1113404, 36.7959019 ] } },
{ "type": "Feature", "properties": { "osm_id": "3478_start" }, "geometry": { "type": "Point", "coordinates": [ 118.1112255, 36.7958903 ] } },
{ "type": "Feature", "properties": { "osm_id": "3478_end" }, "geometry": { "type": "Point", "coordinates": [ 118.1116017, 36.7941897 ] } },
{ "type": "Feature", "properties": { "osm_id": "3480_start" }, "geometry": { "type": "Point", "coordinates": [ 118.1134387, 36.7951178 ] } },
{ "type": "Feature", "properties": { "osm_id": "3480_end" }, "geometry": { "type": "Point", "coordinates": [ 118.1100947, 36.7940123 ] } },
{ "type": "Feature", "properties": { "osm_id": "3481_start" }, "geometry": { "type": "Point", "coordinates": [ 118.1132168, 36.796161 ] } },
{ "type": "Feature", "properties": { "osm_id": "3481_end" }, "geometry": { "type": "Point", "coordinates": [ 118.1157788, 36.7953712 ] } },
{ "type": "Feature", "properties": { "osm_id": "3482_start" }, "geometry": { "type": "Point", "coordinates": [ 118.1155536, 36.79639 ] } },
{ "type": "Feature", "properties": { "osm_id": "3482_end" }, "geometry": { "type": "Point", "coordinates": [ 118.1190758, 36.7957882 ] } },
{ "type": "Feature", "properties": { "osm_id": "3483_start" }, "geometry": { "type": "Point", "coordinates": [ 118.1156175, 36.796101 ] } },
{ "type": "Feature", "properties": { "osm_id": "3483_end" }, "geometry": { "type": "Point", "coordinates": [ 118.1179083, 36.7964 ] } },
{ "type": "Feature", "properties": { "osm_id": "3484_end" }, "geometry": { "type": "Point", "coordinates": [ 118.1155783, 36.7962784 ] } },
{ "type": "Feature", "properties": { "osm_id": "3485_end" }, "geometry": { "type": "Point", "coordinates": [ 118.1182666, 36.7964442 ] } },
{ "type": "Feature", "properties": { "osm_id": "3486_start" }, "geometry": { "type": "Point", "coordinates": [ 118.1156826, 36.7958064 ] } },
{ "type": "Feature", "properties": { "osm_id": "3486_end" }, "geometry": { "type": "Point", "coordinates": [ 118.1179684, 36.7961058 ] } },
{ "type": "Feature", "properties": { "osm_id": "3487_end" }, "geometry": { "type": "Point", "coordinates": [ 118.1156433, 36.7959845 ] } },
{ "type": "Feature", "properties": { "osm_id": "3488_end" }, "geometry": { "type": "Point", "coordinates": [ 118.1183268, 36.7961501 ] } },
{ "type": "Feature", "properties": { "osm_id": "3489_start" }, "geometry": { "type": "Point", "coordinates": [ 118.1157428, 36.7955342 ] } },
{ "type": "Feature", "properties": { "osm_id": "3489_end" }, "geometry": { "type": "Point", "coordinates": [ 118.1186852, 36.7958872 ] } },
{ "type": "Feature", "properties": { "osm_id": "3490_end" }, "geometry": { "type": "Point", "coordinates": [ 118.115709, 36.795687 ] } },
{ "type": "Feature", "properties": { "osm_id": "3491_end" }, "geometry": { "type": "Point", "coordinates": [ 118.1189361, 36.7959146 ] } },
{ "type": "Feature", "properties": { "osm_id": "3492_start" }, "geometry": { "type": "Point", "coordinates": [ 118.1157534, 36.7954865 ] } },
{ "type": "Feature", "properties": { "osm_id": "3492_end" }, "geometry": { "type": "Point", "coordinates": [ 118.1168548, 36.7956408 ] } },
{ "type": "Feature", "properties": { "osm_id": "3493_start" }, "geometry": { "type": "Point", "coordinates": [ 118.1157348, 36.7955702 ] } },
{ "type": "Feature", "properties": { "osm_id": "3493_end" }, "geometry": { "type": "Point", "coordinates": [ 118.1164525, 36.7956234 ] } },
{ "type": "Feature", "properties": { "osm_id": "3494_start" }, "geometry": { "type": "Point", "coordinates": [ 118.1146976, 36.7960266 ] } },
{ "type": "Feature", "properties": { "osm_id": "3494_end" }, "geometry": { "type": "Point", "coordinates": [ 118.1150211, 36.7960636 ] } },
{ "type": "Feature", "properties": { "osm_id": "3495_start" }, "geometry": { "type": "Point", "coordinates": [ 118.1147676, 36.7957188 ] } },
{ "type": "Feature", "properties": { "osm_id": "3495_end" }, "geometry": { "type": "Point", "coordinates": [ 118.1150911, 36.7957558 ] } },
{ "type": "Feature", "properties": { "osm_id": "3496_start" }, "geometry": { "type": "Point", "coordinates": [ 118.1148373, 36.7953709 ] } },
{ "type": "Feature", "properties": { "osm_id": "3496_end" }, "geometry": { "type": "Point", "coordinates": [ 118.1151608, 36.7954079 ] } },
{ "type": "Feature", "properties": { "osm_id": "3497_start" }, "geometry": { "type": "Point", "coordinates": [ 118.1153013, 36.7954503 ] } },
{ "type": "Feature", "properties": { "osm_id": "3497_end" }, "geometry": { "type": "Point", "coordinates": [ 118.1156249, 36.7954873 ] } },
{ "type": "Feature", "properties": { "osm_id": "3498_start" }, "geometry": { "type": "Point", "coordinates": [ 118.1152209, 36.7958004 ] } },
{ "type": "Feature", "properties": { "osm_id": "3498_end" }, "geometry": { "type": "Point", "coordinates": [ 118.1155444, 36.7958374 ] } },
{ "type": "Feature", "properties": { "osm_id": "3499_start" }, "geometry": { "type": "Point", "coordinates": [ 118.1151619, 36.7961205 ] } },
{ "type": "Feature", "properties": { "osm_id": "3499_end" }, "geometry": { "type": "Point", "coordinates": [ 118.1154854, 36.7961575 ] } },
{ "type": "Feature", "properties": { "osm_id": "3500_start" }, "geometry": { "type": "Point", "coordinates": [ 118.114117, 36.7962717 ] } },
{ "type": "Feature", "properties": { "osm_id": "3500_end" }, "geometry": { "type": "Point", "coordinates": [ 118.1142313, 36.7956359 ] } },
{ "type": "Feature", "properties": { "osm_id": "3502_start" }, "geometry": { "type": "Point", "coordinates": [ 118.1130884, 36.796136 ] } },
{ "type": "Feature", "properties": { "osm_id": "3502_end" }, "geometry": { "type": "Point", "coordinates": [ 118.113308, 36.795091 ] } },
{ "type": "Feature", "properties": { "osm_id": "3504_start" }, "geometry": { "type": "Point", "coordinates": [ 118.1098747, 36.7949997 ] } },
{ "type": "Feature", "properties": { "osm_id": "3504_end" }, "geometry": { "type": "Point", "coordinates": [ 118.113221, 36.7954693 ] } },
{ "type": "Feature", "properties": { "osm_id": "3505_end" }, "geometry": { "type": "Point", "coordinates": [ 118.1151008, 36.796073 ] } },
{ "type": "Feature", "properties": { "osm_id": "3506_end" }, "geometry": { "type": "Point", "coordinates": [ 118.1150935, 36.7961086 ] } },
{ "type": "Feature", "properties": { "osm_id": "3507_end" }, "geometry": { "type": "Point", "coordinates": [ 118.1156019, 36.7961717 ] } },
{ "type": "Feature", "properties": { "osm_id": "3508_end" }, "geometry": { "type": "Point", "coordinates": [ 118.1151647, 36.7957641 ] } },
{ "type": "Feature", "properties": { "osm_id": "3509_end" }, "geometry": { "type": "Point", "coordinates": [ 118.1151591, 36.7957912 ] } },
{ "type": "Feature", "properties": { "osm_id": "3510_end" }, "geometry": { "type": "Point", "coordinates": [ 118.1156719, 36.795855 ] } },
{ "type": "Feature", "properties": { "osm_id": "3511_end" }, "geometry": { "type": "Point", "coordinates": [ 118.1152367, 36.7954153 ] } },
{ "type": "Feature", "properties": { "osm_id": "3512_end" }, "geometry": { "type": "Point", "coordinates": [ 118.1152317, 36.7954397 ] } },
{ "type": "Feature", "properties": { "osm_id": "3513_end" }, "geometry": { "type": "Point", "coordinates": [ 118.1157496, 36.7955035 ] } },
{ "type": "Feature", "properties": { "osm_id": "3514_end" }, "geometry": { "type": "Point", "coordinates": [ 118.1102954, 36.7952384 ] } },
{ "type": "Feature", "properties": { "osm_id": "3515_start" }, "geometry": { "type": "Point", "coordinates": [ 118.1131824, 36.7956593 ] } },
{ "type": "Feature", "properties": { "osm_id": "3515_end" }, "geometry": { "type": "Point", "coordinates": [ 118.1098439, 36.7951726 ] } },
{ "type": "Feature", "properties": { "osm_id": "3517_end" }, "geometry": { "type": "Point", "coordinates": [ 118.1099564, 36.7946148 ] } },
{ "type": "Feature", "properties": { "osm_id": "3518_end" }, "geometry": { "type": "Point", "coordinates": [ 118.1097194, 36.7957136 ] } },
{ "type": "Feature", "properties": { "osm_id": "3519_end" }, "geometry": { "type": "Point", "coordinates": [ 118.1089173, 36.7945071 ] } },
{ "type": "Feature", "properties": { "osm_id": "3520_start" }, "geometry": { "type": "Point", "coordinates": [ 118.1105702, 36.7961095 ] } },
{ "type": "Feature", "properties": { "osm_id": "3521_start" }, "geometry": { "type": "Point", "coordinates": [ 118.1090394, 36.7977205 ] } },
{ "type": "Feature", "properties": { "osm_id": "3521_end" }, "geometry": { "type": "Point", "coordinates": [ 118.1176224, 36.7989382 ] } },
{ "type": "Feature", "properties": { "osm_id": "3522_start" }, "geometry": { "type": "Point", "coordinates": [ 118.117587, 36.798873 ] } },
{ "type": "Feature", "properties": { "osm_id": "3522_end" }, "geometry": { "type": "Point", "coordinates": [ 118.1178772, 36.7988956 ] } },
{ "type": "Feature", "properties": { "osm_id": "3523_start" }, "geometry": { "type": "Point", "coordinates": [ 118.1178805, 36.79895 ] } },
{ "type": "Feature", "properties": { "osm_id": "3524_start" }, "geometry": { "type": "Point", "coordinates": [ 118.1179546, 36.7988318 ] } },
{ "type": "Feature", "properties": { "osm_id": "3525_end" }, "geometry": { "type": "Point", "coordinates": [ 118.1180916, 36.7985312 ] } },
{ "type": "Feature", "properties": { "osm_id": "3526_end" }, "geometry": { "type": "Point", "coordinates": [ 118.1180864, 36.7988762 ] } },
{ "type": "Feature", "properties": { "osm_id": "3527_start" }, "geometry": { "type": "Point", "coordinates": [ 118.1180984, 36.7989055 ] } },
{ "type": "Feature", "properties": { "osm_id": "3527_end" }, "geometry": { "type": "Point", "coordinates": [ 118.1184975, 36.7989947 ] } },
{ "type": "Feature", "properties": { "osm_id": "3528_end" }, "geometry": { "type": "Point", "coordinates": [ 118.1191198, 36.7968968 ] } },
{ "type": "Feature", "properties": { "osm_id": "3529_end" }, "geometry": { "type": "Point", "coordinates": [ 118.1203443, 36.8008358 ] } },
{ "type": "Feature", "properties": { "osm_id": "3530_start" }, "geometry": { "type": "Point", "coordinates": [ 118.1179759, 36.80046 ] } },
{ "type": "Feature", "properties": { "osm_id": "3530_end" }, "geometry": { "type": "Point", "coordinates": [ 118.118171, 36.7989832 ] } },
{ "type": "Feature", "properties": { "osm_id": "3531_start" }, "geometry": { "type": "Point", "coordinates": [ 118.1173349, 36.8001872 ] } },
{ "type": "Feature", "properties": { "osm_id": "3532_end" }, "geometry": { "type": "Point", "coordinates": [ 118.110325, 36.8004546 ] } },
{ "type": "Feature", "properties": { "osm_id": "3533_start" }, "geometry": { "type": "Point", "coordinates": [ 118.1102506, 36.8006246 ] } },
{ "type": "Feature", "properties": { "osm_id": "3533_end" }, "geometry": { "type": "Point", "coordinates": [ 118.1094292, 36.7976742 ] } },
{ "type": "Feature", "properties": { "osm_id": "3534_end" }, "geometry": { "type": "Point", "coordinates": [ 118.1110328, 36.7999643 ] } },
{ "type": "Feature", "properties": { "osm_id": "3535_start" }, "geometry": { "type": "Point", "coordinates": [ 118.117249, 36.7997576 ] } },
{ "type": "Feature", "properties": { "osm_id": "3535_end" }, "geometry": { "type": "Point", "coordinates": [ 118.111415, 36.799868 ] } },
{ "type": "Feature", "properties": { "osm_id": "3536_start" }, "geometry": { "type": "Point", "coordinates": [ 118.1130501, 36.7997574 ] } },
{ "type": "Feature", "properties": { "osm_id": "3536_end" }, "geometry": { "type": "Point", "coordinates": [ 118.1129356, 36.7982201 ] } },
{ "type": "Feature", "properties": { "osm_id": "3537_end" }, "geometry": { "type": "Point", "coordinates": [ 118.1111732, 36.7979455 ] } },
{ "type": "Feature", "properties": { "osm_id": "3538_start" }, "geometry": { "type": "Point", "coordinates": [ 118.1102627, 36.7961975 ] } },
{ "type": "Feature", "properties": { "osm_id": "3538_end" }, "geometry": { "type": "Point", "coordinates": [ 118.1105461, 36.7962315 ] } },
{ "type": "Feature", "properties": { "osm_id": "3539_start" }, "geometry": { "type": "Point", "coordinates": [ 118.1101907, 36.7960561 ] } },
{ "type": "Feature", "properties": { "osm_id": "3540_start" }, "geometry": { "type": "Point", "coordinates": [ 118.1098832, 36.7961441 ] } },
{ "type": "Feature", "properties": { "osm_id": "3540_end" }, "geometry": { "type": "Point", "coordinates": [ 118.1101666, 36.7961782 ] } },
{ "type": "Feature", "properties": { "osm_id": "3541_start" }, "geometry": { "type": "Point", "coordinates": [ 118.1098086, 36.7960089 ] } },
{ "type": "Feature", "properties": { "osm_id": "3542_start" }, "geometry": { "type": "Point", "coordinates": [ 118.109501, 36.7960969 ] } },
{ "type": "Feature", "properties": { "osm_id": "3542_end" }, "geometry": { "type": "Point", "coordinates": [ 118.1097844, 36.7961309 ] } },
{ "type": "Feature", "properties": { "osm_id": "3543_start" }, "geometry": { "type": "Point", "coordinates": [ 118.1094142, 36.7959649 ] } },
{ "type": "Feature", "properties": { "osm_id": "3544_start" }, "geometry": { "type": "Point", "coordinates": [ 118.1091067, 36.796053 ] } },
{ "type": "Feature", "properties": { "osm_id": "3544_end" }, "geometry": { "type": "Point", "coordinates": [ 118.1093901, 36.796087 ] } },
{ "type": "Feature", "properties": { "osm_id": "3545_start" }, "geometry": { "type": "Point", "coordinates": [ 118.1102868, 36.7960679 ] } },
{ "type": "Feature", "properties": { "osm_id": "3546_start" }, "geometry": { "type": "Point", "coordinates": [ 118.1099032, 36.7960194 ] } },
{ "type": "Feature", "properties": { "osm_id": "3547_start" }, "geometry": { "type": "Point", "coordinates": [ 118.109521, 36.7959722 ] } },
{ "type": "Feature", "properties": { "osm_id": "3548_start" }, "geometry": { "type": "Point", "coordinates": [ 118.1091308, 36.7959233 ] } },
{ "type": "Feature", "properties": { "osm_id": "3548_end" }, "geometry": { "type": "Point", "coordinates": [ 118.1119609, 36.7979459 ] } },
{ "type": "Feature", "properties": { "osm_id": "3549_start" }, "geometry": { "type": "Point", "coordinates": [ 118.1090768, 36.7959128 ] } },
{ "type": "Feature", "properties": { "osm_id": "3549_end" }, "geometry": { "type": "Point", "coordinates": [ 118.117236, 36.7968478 ] } },
{ "type": "Feature", "properties": { "osm_id": "3550_end" }, "geometry": { "type": "Point", "coordinates": [ 118.1183452, 36.7969885 ] } },
{ "type": "Feature", "properties": { "osm_id": "3551_end" }, "geometry": { "type": "Point", "coordinates": [ 118.1123987, 36.796532 ] } },
{ "type": "Feature", "properties": { "osm_id": "3552_start" }, "geometry": { "type": "Point", "coordinates": [ 118.1177639, 36.7970604 ] } },
{ "type": "Feature", "properties": { "osm_id": "3552_end" }, "geometry": { "type": "Point", "coordinates": [ 118.1129287, 36.7966578 ] } },
{ "type": "Feature", "properties": { "osm_id": "3553_start" }, "geometry": { "type": "Point", "coordinates": [ 118.1124866, 36.7966196 ] } },
{ "type": "Feature", "properties": { "osm_id": "3553_end" }, "geometry": { "type": "Point", "coordinates": [ 118.1128101, 36.7966566 ] } },
{ "type": "Feature", "properties": { "osm_id": "3554_start" }, "geometry": { "type": "Point", "coordinates": [ 118.112428, 36.7969625 ] } },
{ "type": "Feature", "properties": { "osm_id": "3554_end" }, "geometry": { "type": "Point", "coordinates": [ 118.1127515, 36.7969996 ] } },
{ "type": "Feature", "properties": { "osm_id": "3555_start" }, "geometry": { "type": "Point", "coordinates": [ 118.1123387, 36.7973376 ] } },
{ "type": "Feature", "properties": { "osm_id": "3555_end" }, "geometry": { "type": "Point", "coordinates": [ 118.1126622, 36.7973746 ] } },
{ "type": "Feature", "properties": { "osm_id": "3556_start" }, "geometry": { "type": "Point", "coordinates": [ 118.1122524, 36.7976928 ] } },
{ "type": "Feature", "properties": { "osm_id": "3556_end" }, "geometry": { "type": "Point", "coordinates": [ 118.1125759, 36.7977298 ] } },
{ "type": "Feature", "properties": { "osm_id": "3557_end" }, "geometry": { "type": "Point", "coordinates": [ 118.1126353, 36.7980402 ] } },
{ "type": "Feature", "properties": { "osm_id": "3558_start" }, "geometry": { "type": "Point", "coordinates": [ 118.1122878, 36.7962804 ] } },
{ "type": "Feature", "properties": { "osm_id": "3560_end" }, "geometry": { "type": "Point", "coordinates": [ 118.1121823, 36.7975373 ] } },
{ "type": "Feature", "properties": { "osm_id": "3561_end" }, "geometry": { "type": "Point", "coordinates": [ 118.1122285, 36.7973226 ] } },
{ "type": "Feature", "properties": { "osm_id": "3562_end" }, "geometry": { "type": "Point", "coordinates": [ 118.1121524, 36.797676 ] } },
{ "type": "Feature", "properties": { "osm_id": "3563_end" }, "geometry": { "type": "Point", "coordinates": [ 118.1126972, 36.7977487 ] } },
{ "type": "Feature", "properties": { "osm_id": "3564_end" }, "geometry": { "type": "Point", "coordinates": [ 118.112774, 36.7973868 ] } },
{ "type": "Feature", "properties": { "osm_id": "3565_end" }, "geometry": { "type": "Point", "coordinates": [ 118.1128536, 36.7970118 ] } },
{ "type": "Feature", "properties": { "osm_id": "3566_end" }, "geometry": { "type": "Point", "coordinates": [ 118.1123091, 36.7969482 ] } },
{ "type": "Feature", "properties": { "osm_id": "3568_end" }, "geometry": { "type": "Point", "coordinates": [ 118.1123837, 36.7966019 ] } },
{ "type": "Feature", "properties": { "osm_id": "3569_end" }, "geometry": { "type": "Point", "coordinates": [ 118.1182928, 36.7971365 ] } },
{ "type": "Feature", "properties": { "osm_id": "3570_start" }, "geometry": { "type": "Point", "coordinates": [ 118.1129972, 36.7990463 ] } },
{ "type": "Feature", "properties": { "osm_id": "3570_end" }, "geometry": { "type": "Point", "coordinates": [ 118.1114455, 36.7991506 ] } },
{ "type": "Feature", "properties": { "osm_id": "3571_start" }, "geometry": { "type": "Point", "coordinates": [ 118.111864, 36.7980609 ] } },
{ "type": "Feature", "properties": { "osm_id": "3571_end" }, "geometry": { "type": "Point", "coordinates": [ 118.1118887, 36.7984409 ] } },
{ "type": "Feature", "properties": { "osm_id": "3573_start" }, "geometry": { "type": "Point", "coordinates": [ 118.1103893, 36.7969779 ] } },
{ "type": "Feature", "properties": { "osm_id": "3574_start" }, "geometry": { "type": "Point", "coordinates": [ 118.1100193, 36.796916 ] } },
{ "type": "Feature", "properties": { "osm_id": "3575_start" }, "geometry": { "type": "Point", "coordinates": [ 118.1096372, 36.7968639 ] } },
{ "type": "Feature", "properties": { "osm_id": "3576_end" }, "geometry": { "type": "Point", "coordinates": [ 118.1089445, 36.7966889 ] } },
{ "type": "Feature", "properties": { "osm_id": "3577_start" }, "geometry": { "type": "Point", "coordinates": [ 118.1101058, 36.7969363 ] } },
{ "type": "Feature", "properties": { "osm_id": "3578_start" }, "geometry": { "type": "Point", "coordinates": [ 118.1097359, 36.7968744 ] } },
{ "type": "Feature", "properties": { "osm_id": "3579_start" }, "geometry": { "type": "Point", "coordinates": [ 118.1093456, 36.7968386 ] } },
{ "type": "Feature", "properties": { "osm_id": "3579_end" }, "geometry": { "type": "Point", "coordinates": [ 118.108924, 36.7968093 ] } },
{ "type": "Feature", "properties": { "osm_id": "3580_end" }, "geometry": { "type": "Point", "coordinates": [ 118.110136, 36.7967903 ] } },
{ "type": "Feature", "properties": { "osm_id": "3581_end" }, "geometry": { "type": "Point", "coordinates": [ 118.1100437, 36.7967766 ] } },
{ "type": "Feature", "properties": { "osm_id": "3582_end" }, "geometry": { "type": "Point", "coordinates": [ 118.1097699, 36.7967361 ] } },
{ "type": "Feature", "properties": { "osm_id": "3583_end" }, "geometry": { "type": "Point", "coordinates": [ 118.1096663, 36.796726 ] } },
{ "type": "Feature", "properties": { "osm_id": "3584_end" }, "geometry": { "type": "Point", "coordinates": [ 118.1093763, 36.7967111 ] } },
{ "type": "Feature", "properties": { "osm_id": "3585_start" }, "geometry": { "type": "Point", "coordinates": [ 118.1092833, 36.7967063 ] } },
{ "type": "Feature", "properties": { "osm_id": "3585_end" }, "geometry": { "type": "Point", "coordinates": [ 118.1091133, 36.7974607 ] } },
{ "type": "Feature", "properties": { "osm_id": "3586_end" }, "geometry": { "type": "Point", "coordinates": [ 118.1088166, 36.7974396 ] } },
{ "type": "Feature", "properties": { "osm_id": "3587_start" }, "geometry": { "type": "Point", "coordinates": [ 118.1106271, 36.7976403 ] } },
{ "type": "Feature", "properties": { "osm_id": "3588_start" }, "geometry": { "type": "Point", "coordinates": [ 118.1111637, 36.797707 ] } },
{ "type": "Feature", "properties": { "osm_id": "3589_start" }, "geometry": { "type": "Point", "coordinates": [ 118.1116923, 36.797821 ] } },
{ "type": "Feature", "properties": { "osm_id": "3590_start" }, "geometry": { "type": "Point", "coordinates": [ 118.1108222, 36.7961525 ] } },
{ "type": "Feature", "properties": { "osm_id": "3590_end" }, "geometry": { "type": "Point", "coordinates": [ 118.1108327, 36.7960832 ] } },
{ "type": "Feature", "properties": { "osm_id": "3591_start" }, "geometry": { "type": "Point", "coordinates": [ 118.1113589, 36.7962193 ] } },
{ "type": "Feature", "properties": { "osm_id": "3591_end" }, "geometry": { "type": "Point", "coordinates": [ 118.1113782, 36.7961571 ] } },
{ "type": "Feature", "properties": { "osm_id": "3592_start" }, "geometry": { "type": "Point", "coordinates": [ 118.1118833, 36.7962909 ] } },
{ "type": "Feature", "properties": { "osm_id": "3592_end" }, "geometry": { "type": "Point", "coordinates": [ 118.1119028, 36.7962282 ] } },
{ "type": "Feature", "properties": { "osm_id": "3593_start" }, "geometry": { "type": "Point", "coordinates": [ 118.1129029, 36.7967793 ] } },
{ "type": "Feature", "properties": { "osm_id": "3593_end" }, "geometry": { "type": "Point", "coordinates": [ 118.1171394, 36.7974017 ] } },
{ "type": "Feature", "properties": { "osm_id": "3594_end" }, "geometry": { "type": "Point", "coordinates": [ 118.1177428, 36.7974796 ] } },
{ "type": "Feature", "properties": { "osm_id": "3596_start" }, "geometry": { "type": "Point", "coordinates": [ 118.1128184, 36.7971773 ] } },
{ "type": "Feature", "properties": { "osm_id": "3596_end" }, "geometry": { "type": "Point", "coordinates": [ 118.1166657, 36.7977556 ] } },
{ "type": "Feature", "properties": { "osm_id": "3597_end" }, "geometry": { "type": "Point", "coordinates": [ 118.1173284, 36.7978389 ] } },
{ "type": "Feature", "properties": { "osm_id": "3598_end" }, "geometry": { "type": "Point", "coordinates": [ 118.1127604, 36.797451 ] } },
{ "type": "Feature", "properties": { "osm_id": "3599_start" }, "geometry": { "type": "Point", "coordinates": [ 118.1127254, 36.797616 ] } },
{ "type": "Feature", "properties": { "osm_id": "3599_end" }, "geometry": { "type": "Point", "coordinates": [ 118.1165738, 36.7981669 ] } },
{ "type": "Feature", "properties": { "osm_id": "3600_end" }, "geometry": { "type": "Point", "coordinates": [ 118.1172204, 36.7982581 ] } },
{ "type": "Feature", "properties": { "osm_id": "3601_end" }, "geometry": { "type": "Point", "coordinates": [ 118.1126692, 36.7978808 ] } },
{ "type": "Feature", "properties": { "osm_id": "3602_start" }, "geometry": { "type": "Point", "coordinates": [ 118.1147952, 36.8006434 ] } },
{ "type": "Feature", "properties": { "osm_id": "3602_end" }, "geometry": { "type": "Point", "coordinates": [ 118.1136552, 36.8010973 ] } },
{ "type": "Feature", "properties": { "osm_id": "3603_start" }, "geometry": { "type": "Point", "coordinates": [ 118.1142837, 36.8010578 ] } },
{ "type": "Feature", "properties": { "osm_id": "3603_end" }, "geometry": { "type": "Point", "coordinates": [ 118.1169928, 36.8008315 ] } },
{ "type": "Feature", "properties": { "osm_id": "3604_start" }, "geometry": { "type": "Point", "coordinates": [ 118.1162371, 36.8010677 ] } },
{ "type": "Feature", "properties": { "osm_id": "3604_end" }, "geometry": { "type": "Point", "coordinates": [ 118.1160825, 36.8025301 ] } },
{ "type": "Feature", "properties": { "osm_id": "3605_start" }, "geometry": { "type": "Point", "coordinates": [ 118.1157503, 36.8022766 ] } },
{ "type": "Feature", "properties": { "osm_id": "3605_end" }, "geometry": { "type": "Point", "coordinates": [ 118.1155276, 36.8025517 ] } },
{ "type": "Feature", "properties": { "osm_id": "3606_start" }, "geometry": { "type": "Point", "coordinates": [ 118.1103002, 36.8017097 ] } },
{ "type": "Feature", "properties": { "osm_id": "3606_end" }, "geometry": { "type": "Point", "coordinates": [ 118.1105019, 36.8017015 ] } },
{ "type": "Feature", "properties": { "osm_id": "3607_start" }, "geometry": { "type": "Point", "coordinates": [ 118.1141358, 36.8006977 ] } },
{ "type": "Feature", "properties": { "osm_id": "3607_end" }, "geometry": { "type": "Point", "coordinates": [ 118.1137619, 36.8006447 ] } },
{ "type": "Feature", "properties": { "osm_id": "3608_start" }, "geometry": { "type": "Point", "coordinates": [ 118.1136582, 36.800789 ] } },
{ "type": "Feature", "properties": { "osm_id": "3608_end" }, "geometry": { "type": "Point", "coordinates": [ 118.1134798, 36.8017328 ] } },
{ "type": "Feature", "properties": { "osm_id": "3609_start" }, "geometry": { "type": "Point", "coordinates": [ 118.11346, 36.8016266 ] } },
{ "type": "Feature", "properties": { "osm_id": "3609_end" }, "geometry": { "type": "Point", "coordinates": [ 118.1132911, 36.8006368 ] } },
{ "type": "Feature", "properties": { "osm_id": "3610_start" }, "geometry": { "type": "Point", "coordinates": [ 118.1158243, 36.8020989 ] } },
{ "type": "Feature", "properties": { "osm_id": "3610_end" }, "geometry": { "type": "Point", "coordinates": [ 118.115999, 36.8021337 ] } },
{ "type": "Feature", "properties": { "osm_id": "3611_start" }, "geometry": { "type": "Point", "coordinates": [ 118.1152948, 36.7985325 ] } },
{ "type": "Feature", "properties": { "osm_id": "3611_end" }, "geometry": { "type": "Point", "coordinates": [ 118.1151425, 36.799212 ] } },
{ "type": "Feature", "properties": { "osm_id": "3612_start" }, "geometry": { "type": "Point", "coordinates": [ 118.1131489, 36.7991027 ] } },
{ "type": "Feature", "properties": { "osm_id": "3613_start" }, "geometry": { "type": "Point", "coordinates": [ 118.1132096, 36.7986714 ] } },
{ "type": "Feature", "properties": { "osm_id": "3614_start" }, "geometry": { "type": "Point", "coordinates": [ 118.117145, 36.7993537 ] } },
{ "type": "Feature", "properties": { "osm_id": "3615_start" }, "geometry": { "type": "Point", "coordinates": [ 118.1172871, 36.7989426 ] } },
{ "type": "Feature", "properties": { "osm_id": "3616_start" }, "geometry": { "type": "Point", "coordinates": [ 118.1150213, 36.7991926 ] } },
{ "type": "Feature", "properties": { "osm_id": "3617_start" }, "geometry": { "type": "Point", "coordinates": [ 118.115152, 36.7991696 ] } },
{ "type": "Feature", "properties": { "osm_id": "3617_end" }, "geometry": { "type": "Point", "coordinates": [ 118.1152896, 36.7991921 ] } },
{ "type": "Feature", "properties": { "osm_id": "3618_start" }, "geometry": { "type": "Point", "coordinates": [ 118.1150622, 36.7988538 ] } },
{ "type": "Feature", "properties": { "osm_id": "3618_end" }, "geometry": { "type": "Point", "coordinates": [ 118.1152158, 36.7988847 ] } },
{ "type": "Feature", "properties": { "osm_id": "3619_start" }, "geometry": { "type": "Point", "coordinates": [ 118.1154272, 36.7988042 ] } },
{ "type": "Feature", "properties": { "osm_id": "3619_end" }, "geometry": { "type": "Point", "coordinates": [ 118.11524, 36.7987771 ] } },
{ "type": "Feature", "properties": { "osm_id": "3620_start" }, "geometry": { "type": "Point", "coordinates": [ 118.1111564, 36.799632 ] } },
{ "type": "Feature", "properties": { "osm_id": "3621_start" }, "geometry": { "type": "Point", "coordinates": [ 118.1106149, 36.79955 ] } },
{ "type": "Feature", "properties": { "osm_id": "3622_start" }, "geometry": { "type": "Point", "coordinates": [ 118.1100742, 36.7992701 ] } },
{ "type": "Feature", "properties": { "osm_id": "3623_start" }, "geometry": { "type": "Point", "coordinates": [ 118.1109551, 36.7979091 ] } },
{ "type": "Feature", "properties": { "osm_id": "3623_end" }, "geometry": { "type": "Point", "coordinates": [ 118.1109495, 36.7980819 ] } },
{ "type": "Feature", "properties": { "osm_id": "3624_start" }, "geometry": { "type": "Point", "coordinates": [ 118.1104001, 36.7980273 ] } },
{ "type": "Feature", "properties": { "osm_id": "3624_end" }, "geometry": { "type": "Point", "coordinates": [ 118.1104063, 36.7978174 ] } },
{ "type": "Feature", "properties": { "osm_id": "3625_start" }, "geometry": { "type": "Point", "coordinates": [ 118.1098875, 36.7979003 ] } },
{ "type": "Feature", "properties": { "osm_id": "3625_end" }, "geometry": { "type": "Point", "coordinates": [ 118.1099096, 36.7977403 ] } },
{ "type": "Feature", "properties": { "osm_id": "3626_start" }, "geometry": { "type": "Point", "coordinates": [ 118.1175802, 36.800298 ] } },
{ "type": "Feature", "properties": { "osm_id": "3626_end" }, "geometry": { "type": "Point", "coordinates": [ 118.1188208, 36.8007048 ] } },
{ "type": "Feature", "properties": { "osm_id": "3627_start" }, "geometry": { "type": "Point", "coordinates": [ 118.1174187, 36.8011175 ] } },
{ "type": "Feature", "properties": { "osm_id": "3627_end" }, "geometry": { "type": "Point", "coordinates": [ 118.1186994, 36.8012621 ] } },
{ "type": "Feature", "properties": { "osm_id": "3628_start" }, "geometry": { "type": "Point", "coordinates": [ 118.1174367, 36.8010266 ] } },
{ "type": "Feature", "properties": { "osm_id": "3628_end" }, "geometry": { "type": "Point", "coordinates": [ 118.1187197, 36.8011695 ] } },
{ "type": "Feature", "properties": { "osm_id": "3629_start" }, "geometry": { "type": "Point", "coordinates": [ 118.1174582, 36.8009171 ] } },
{ "type": "Feature", "properties": { "osm_id": "3629_end" }, "geometry": { "type": "Point", "coordinates": [ 118.1187438, 36.8010596 ] } },
{ "type": "Feature", "properties": { "osm_id": "3630_start" }, "geometry": { "type": "Point", "coordinates": [ 118.1174773, 36.8008206 ] } },
{ "type": "Feature", "properties": { "osm_id": "3630_end" }, "geometry": { "type": "Point", "coordinates": [ 118.1187654, 36.8009609 ] } },
{ "type": "Feature", "properties": { "osm_id": "3631_start" }, "geometry": { "type": "Point", "coordinates": [ 118.1174964, 36.8007237 ] } },
{ "type": "Feature", "properties": { "osm_id": "3631_end" }, "geometry": { "type": "Point", "coordinates": [ 118.1187866, 36.8008642 ] } },
{ "type": "Feature", "properties": { "osm_id": "3632_end" }, "geometry": { "type": "Point", "coordinates": [ 118.0342147, 36.8280458 ] } },
{ "type": "Feature", "properties": { "osm_id": "3633_end" }, "geometry": { "type": "Point", "coordinates": [ 118.0345325, 36.8361622 ] } },
{ "type": "Feature", "properties": { "osm_id": "3634_start" }, "geometry": { "type": "Point", "coordinates": [ 118.0332183, 36.8362012 ] } },
{ "type": "Feature", "properties": { "osm_id": "3634_end" }, "geometry": { "type": "Point", "coordinates": [ 118.0335137, 36.8280975 ] } },
{ "type": "Feature", "properties": { "osm_id": "3636_start" }, "geometry": { "type": "Point", "coordinates": [ 118.0338186, 36.8365535 ] } },
{ "type": "Feature", "properties": { "osm_id": "3636_end" }, "geometry": { "type": "Point", "coordinates": [ 118.0340838, 36.8383356 ] } },
{ "type": "Feature", "properties": { "osm_id": "3638_end" }, "geometry": { "type": "Point", "coordinates": [ 118.0341455, 36.8383354 ] } },
{ "type": "Feature", "properties": { "osm_id": "3639_start" }, "geometry": { "type": "Point", "coordinates": [ 118.0322342, 36.8532471 ] } },
{ "type": "Feature", "properties": { "osm_id": "3639_end" }, "geometry": { "type": "Point", "coordinates": [ 118.0318024, 36.8497921 ] } },
{ "type": "Feature", "properties": { "osm_id": "3640_end" }, "geometry": { "type": "Point", "coordinates": [ 118.0320196, 36.8497817 ] } },
{ "type": "Feature", "properties": { "osm_id": "3641_end" }, "geometry": { "type": "Point", "coordinates": [ 118.0317753, 36.8496127 ] } },
{ "type": "Feature", "properties": { "osm_id": "3642_end" }, "geometry": { "type": "Point", "coordinates": [ 118.0314381, 36.847154 ] } },
{ "type": "Feature", "properties": { "osm_id": "3644_start" }, "geometry": { "type": "Point", "coordinates": [ 118.0377102, 36.8136128 ] } },
{ "type": "Feature", "properties": { "osm_id": "3644_end" }, "geometry": { "type": "Point", "coordinates": [ 118.0391449, 36.810353 ] } },
{ "type": "Feature", "properties": { "osm_id": "3645_end" }, "geometry": { "type": "Point", "coordinates": [ 118.0411509, 36.8078105 ] } },
{ "type": "Feature", "properties": { "osm_id": "3646_end" }, "geometry": { "type": "Point", "coordinates": [ 118.0415933, 36.8066689 ] } },
{ "type": "Feature", "properties": { "osm_id": "3647_start" }, "geometry": { "type": "Point", "coordinates": [ 118.0434791, 36.803066 ] } },
{ "type": "Feature", "properties": { "osm_id": "3656_start" }, "geometry": { "type": "Point", "coordinates": [ 118.1588987, 36.7427542 ] } },
{ "type": "Feature", "properties": { "osm_id": "3656_end" }, "geometry": { "type": "Point", "coordinates": [ 118.1461987, 36.7429833 ] } },
{ "type": "Feature", "properties": { "osm_id": "3657_start" }, "geometry": { "type": "Point", "coordinates": [ 118.1461755, 36.7428103 ] } },
{ "type": "Feature", "properties": { "osm_id": "3657_end" }, "geometry": { "type": "Point", "coordinates": [ 118.1589554, 36.7425676 ] } },
{ "type": "Feature", "properties": { "osm_id": "3658_start" }, "geometry": { "type": "Point", "coordinates": [ 118.0376208, 36.8207563 ] } },
{ "type": "Feature", "properties": { "osm_id": "3658_end" }, "geometry": { "type": "Point", "coordinates": [ 118.037498, 36.8207572 ] } },
{ "type": "Feature", "properties": { "osm_id": "3659_start" }, "geometry": { "type": "Point", "coordinates": [ 118.0787112, 36.7335391 ] } },
{ "type": "Feature", "properties": { "osm_id": "3659_end" }, "geometry": { "type": "Point", "coordinates": [ 118.0769897, 36.7369009 ] } },
{ "type": "Feature", "properties": { "osm_id": "3660_start" }, "geometry": { "type": "Point", "coordinates": [ 118.078394, 36.7363063 ] } },
{ "type": "Feature", "properties": { "osm_id": "3661_end" }, "geometry": { "type": "Point", "coordinates": [ 118.0782982, 36.7371416 ] } },
{ "type": "Feature", "properties": { "osm_id": "3662_end" }, "geometry": { "type": "Point", "coordinates": [ 118.0823754, 36.733741 ] } },
{ "type": "Feature", "properties": { "osm_id": "3663_start" }, "geometry": { "type": "Point", "coordinates": [ 118.079366, 36.7335752 ] } },
{ "type": "Feature", "properties": { "osm_id": "3663_end" }, "geometry": { "type": "Point", "coordinates": [ 118.0794883, 36.7324978 ] } },
{ "type": "Feature", "properties": { "osm_id": "3664_end" }, "geometry": { "type": "Point", "coordinates": [ 118.0784269, 36.7322924 ] } },
{ "type": "Feature", "properties": { "osm_id": "3665_start" }, "geometry": { "type": "Point", "coordinates": [ 118.0942431, 36.7353311 ] } },
{ "type": "Feature", "properties": { "osm_id": "3666_start" }, "geometry": { "type": "Point", "coordinates": [ 118.1006295, 36.7215113 ] } },
{ "type": "Feature", "properties": { "osm_id": "3666_end" }, "geometry": { "type": "Point", "coordinates": [ 118.0867891, 36.7312003 ] } },
{ "type": "Feature", "properties": { "osm_id": "3667_end" }, "geometry": { "type": "Point", "coordinates": [ 117.9583204, 36.8004 ] } },
{ "type": "Feature", "properties": { "osm_id": "3674_start" }, "geometry": { "type": "Point", "coordinates": [ 118.018702, 36.7692096 ] } },
{ "type": "Feature", "properties": { "osm_id": "3674_end" }, "geometry": { "type": "Point", "coordinates": [ 118.0192819, 36.7777444 ] } },
{ "type": "Feature", "properties": { "osm_id": "3675_start" }, "geometry": { "type": "Point", "coordinates": [ 118.0964511, 36.7701928 ] } },
{ "type": "Feature", "properties": { "osm_id": "3675_end" }, "geometry": { "type": "Point", "coordinates": [ 118.0960657, 36.7667446 ] } },
{ "type": "Feature", "properties": { "osm_id": "3676_start" }, "geometry": { "type": "Point", "coordinates": [ 118.0863107, 36.767067 ] } },
{ "type": "Feature", "properties": { "osm_id": "3676_end" }, "geometry": { "type": "Point", "coordinates": [ 118.0893464, 36.7668787 ] } },
{ "type": "Feature", "properties": { "osm_id": "3677_start" }, "geometry": { "type": "Point", "coordinates": [ 118.0866429, 36.7685463 ] } },
{ "type": "Feature", "properties": { "osm_id": "3677_end" }, "geometry": { "type": "Point", "coordinates": [ 118.089501, 36.7683298 ] } },
{ "type": "Feature", "properties": { "osm_id": "3678_start" }, "geometry": { "type": "Point", "coordinates": [ 118.089587, 36.7691371 ] } },
{ "type": "Feature", "properties": { "osm_id": "3678_end" }, "geometry": { "type": "Point", "coordinates": [ 118.0936386, 36.7686034 ] } },
{ "type": "Feature", "properties": { "osm_id": "3679_start" }, "geometry": { "type": "Point", "coordinates": [ 118.0936646, 36.7689463 ] } },
{ "type": "Feature", "properties": { "osm_id": "3679_end" }, "geometry": { "type": "Point", "coordinates": [ 118.0942681, 36.7669611 ] } },
{ "type": "Feature", "properties": { "osm_id": "3680_start" }, "geometry": { "type": "Point", "coordinates": [ 118.0893916, 36.7673035 ] } },
{ "type": "Feature", "properties": { "osm_id": "3680_end" }, "geometry": { "type": "Point", "coordinates": [ 118.0934465, 36.7670601 ] } },
{ "type": "Feature", "properties": { "osm_id": "3681_start" }, "geometry": { "type": "Point", "coordinates": [ 118.0891813, 36.7653298 ] } },
{ "type": "Feature", "properties": { "osm_id": "3681_end" }, "geometry": { "type": "Point", "coordinates": [ 118.0917794, 36.7629614 ] } },
{ "type": "Feature", "properties": { "osm_id": "3682_start" }, "geometry": { "type": "Point", "coordinates": [ 118.0913399, 36.7648654 ] } },
{ "type": "Feature", "properties": { "osm_id": "3682_end" }, "geometry": { "type": "Point", "coordinates": [ 118.093108, 36.7646807 ] } },
{ "type": "Feature", "properties": { "osm_id": "3683_start" }, "geometry": { "type": "Point", "coordinates": [ 118.0919696, 36.7647996 ] } },
{ "type": "Feature", "properties": { "osm_id": "3683_end" }, "geometry": { "type": "Point", "coordinates": [ 118.0923834, 36.7628414 ] } },
{ "type": "Feature", "properties": { "osm_id": "3684_start" }, "geometry": { "type": "Point", "coordinates": [ 118.0951934, 36.7668497 ] } },
{ "type": "Feature", "properties": { "osm_id": "3684_end" }, "geometry": { "type": "Point", "coordinates": [ 118.0924212, 36.7526061 ] } },
{ "type": "Feature", "properties": { "osm_id": "3685_end" }, "geometry": { "type": "Point", "coordinates": [ 118.0913687, 36.7627707 ] } },
{ "type": "Feature", "properties": { "osm_id": "3686_start" }, "geometry": { "type": "Point", "coordinates": [ 118.086394, 36.7622683 ] } },
{ "type": "Feature", "properties": { "osm_id": "3686_end" }, "geometry": { "type": "Point", "coordinates": [ 118.0894637, 36.7624912 ] } },
{ "type": "Feature", "properties": { "osm_id": "3687_start" }, "geometry": { "type": "Point", "coordinates": [ 118.0867208, 36.7628846 ] } },
{ "type": "Feature", "properties": { "osm_id": "3688_start" }, "geometry": { "type": "Point", "coordinates": [ 118.0866244, 36.762558 ] } },
{ "type": "Feature", "properties": { "osm_id": "3688_end" }, "geometry": { "type": "Point", "coordinates": [ 118.0873272, 36.7624495 ] } },
{ "type": "Feature", "properties": { "osm_id": "3689_start" }, "geometry": { "type": "Point", "coordinates": [ 118.0881692, 36.7626697 ] } },
{ "type": "Feature", "properties": { "osm_id": "3689_end" }, "geometry": { "type": "Point", "coordinates": [ 118.0876694, 36.7617732 ] } },
{ "type": "Feature", "properties": { "osm_id": "3690_start" }, "geometry": { "type": "Point", "coordinates": [ 118.0886153, 36.7625554 ] } },
{ "type": "Feature", "properties": { "osm_id": "3690_end" }, "geometry": { "type": "Point", "coordinates": [ 118.0884803, 36.7622314 ] } },
{ "type": "Feature", "properties": { "osm_id": "3691_start" }, "geometry": { "type": "Point", "coordinates": [ 118.0879975, 36.7623861 ] } },
{ "type": "Feature", "properties": { "osm_id": "3691_end" }, "geometry": { "type": "Point", "coordinates": [ 118.0889631, 36.7621712 ] } },
{ "type": "Feature", "properties": { "osm_id": "3692_start" }, "geometry": { "type": "Point", "coordinates": [ 118.0891454, 36.7624732 ] } },
{ "type": "Feature", "properties": { "osm_id": "3692_end" }, "geometry": { "type": "Point", "coordinates": [ 118.0886445, 36.7613046 ] } },
{ "type": "Feature", "properties": { "osm_id": "3693_start" }, "geometry": { "type": "Point", "coordinates": [ 118.0878258, 36.7619649 ] } },
{ "type": "Feature", "properties": { "osm_id": "3693_end" }, "geometry": { "type": "Point", "coordinates": [ 118.0887592, 36.7616297 ] } },
{ "type": "Feature", "properties": { "osm_id": "3694_start" }, "geometry": { "type": "Point", "coordinates": [ 118.088255, 36.7617672 ] } },
{ "type": "Feature", "properties": { "osm_id": "3694_end" }, "geometry": { "type": "Point", "coordinates": [ 118.0881269, 36.7615533 ] } },
{ "type": "Feature", "properties": { "osm_id": "3695_start" }, "geometry": { "type": "Point", "coordinates": [ 118.0889922, 36.76193 ] } },
{ "type": "Feature", "properties": { "osm_id": "3695_end" }, "geometry": { "type": "Point", "coordinates": [ 118.0896646, 36.7618942 ] } },
{ "type": "Feature", "properties": { "osm_id": "3696_start" }, "geometry": { "type": "Point", "coordinates": [ 118.0889094, 36.7617672 ] } },
{ "type": "Feature", "properties": { "osm_id": "3696_end" }, "geometry": { "type": "Point", "coordinates": [ 118.0895161, 36.7615704 ] } },
{ "type": "Feature", "properties": { "osm_id": "3697_start" }, "geometry": { "type": "Point", "coordinates": [ 118.0953161, 36.76552 ] } },
{ "type": "Feature", "properties": { "osm_id": "3697_end" }, "geometry": { "type": "Point", "coordinates": [ 118.1113287, 36.7647362 ] } },
{ "type": "Feature", "properties": { "osm_id": "3698_start" }, "geometry": { "type": "Point", "coordinates": [ 118.0950446, 36.7638045 ] } },
{ "type": "Feature", "properties": { "osm_id": "3698_end" }, "geometry": { "type": "Point", "coordinates": [ 118.1060005, 36.7627299 ] } },
{ "type": "Feature", "properties": { "osm_id": "3699_start" }, "geometry": { "type": "Point", "coordinates": [ 118.0977944, 36.7651953 ] } },
{ "type": "Feature", "properties": { "osm_id": "3699_end" }, "geometry": { "type": "Point", "coordinates": [ 118.0975617, 36.7635057 ] } },
{ "type": "Feature", "properties": { "osm_id": "3700_start" }, "geometry": { "type": "Point", "coordinates": [ 118.1031958, 36.762962 ] } },
{ "type": "Feature", "properties": { "osm_id": "3700_end" }, "geometry": { "type": "Point", "coordinates": [ 118.1027745, 36.7608711 ] } },
{ "type": "Feature", "properties": { "osm_id": "3701_start" }, "geometry": { "type": "Point", "coordinates": [ 118.1105794, 36.762276 ] } },
{ "type": "Feature", "properties": { "osm_id": "3701_end" }, "geometry": { "type": "Point", "coordinates": [ 118.110292, 36.7612257 ] } },
{ "type": "Feature", "properties": { "osm_id": "3702_start" }, "geometry": { "type": "Point", "coordinates": [ 118.1146861, 36.7633548 ] } },
{ "type": "Feature", "properties": { "osm_id": "3702_end" }, "geometry": { "type": "Point", "coordinates": [ 118.1096376, 36.7596872 ] } },
{ "type": "Feature", "properties": { "osm_id": "3703_start" }, "geometry": { "type": "Point", "coordinates": [ 118.11409, 36.7606842 ] } },
{ "type": "Feature", "properties": { "osm_id": "3703_end" }, "geometry": { "type": "Point", "coordinates": [ 118.1093766, 36.7551975 ] } },
{ "type": "Feature", "properties": { "osm_id": "3704_start" }, "geometry": { "type": "Point", "coordinates": [ 118.1169139, 36.7631541 ] } },
{ "type": "Feature", "properties": { "osm_id": "3705_end" }, "geometry": { "type": "Point", "coordinates": [ 118.122825, 36.7585521 ] } },
{ "type": "Feature", "properties": { "osm_id": "3706_start" }, "geometry": { "type": "Point", "coordinates": [ 118.1166864, 36.7588018 ] } },
{ "type": "Feature", "properties": { "osm_id": "3706_end" }, "geometry": { "type": "Point", "coordinates": [ 118.1169769, 36.758059 ] } },
{ "type": "Feature", "properties": { "osm_id": "3707_start" }, "geometry": { "type": "Point", "coordinates": [ 118.1166116, 36.761596 ] } },
{ "type": "Feature", "properties": { "osm_id": "3707_end" }, "geometry": { "type": "Point", "coordinates": [ 118.1227567, 36.7613421 ] } },
{ "type": "Feature", "properties": { "osm_id": "3708_start" }, "geometry": { "type": "Point", "coordinates": [ 118.1143944, 36.7619788 ] } },
{ "type": "Feature", "properties": { "osm_id": "3708_end" }, "geometry": { "type": "Point", "coordinates": [ 118.116622, 36.7617071 ] } },
{ "type": "Feature", "properties": { "osm_id": "3709_start" }, "geometry": { "type": "Point", "coordinates": [ 118.1168681, 36.7576244 ] } },
{ "type": "Feature", "properties": { "osm_id": "3709_end" }, "geometry": { "type": "Point", "coordinates": [ 118.11843, 36.7535569 ] } },
{ "type": "Feature", "properties": { "osm_id": "3710_start" }, "geometry": { "type": "Point", "coordinates": [ 118.1187893, 36.7567217 ] } },
{ "type": "Feature", "properties": { "osm_id": "3710_end" }, "geometry": { "type": "Point", "coordinates": [ 118.1208814, 36.7563091 ] } },
{ "type": "Feature", "properties": { "osm_id": "3711_end" }, "geometry": { "type": "Point", "coordinates": [ 118.120302, 36.7563263 ] } },
{ "type": "Feature", "properties": { "osm_id": "3712_start" }, "geometry": { "type": "Point", "coordinates": [ 118.1170046, 36.7581698 ] } },
{ "type": "Feature", "properties": { "osm_id": "3712_end" }, "geometry": { "type": "Point", "coordinates": [ 118.1181448, 36.7587659 ] } },
{ "type": "Feature", "properties": { "osm_id": "3713_start" }, "geometry": { "type": "Point", "coordinates": [ 118.1168368, 36.7584173 ] } },
{ "type": "Feature", "properties": { "osm_id": "3713_end" }, "geometry": { "type": "Point", "coordinates": [ 118.1154064, 36.756611 ] } },
{ "type": "Feature", "properties": { "osm_id": "3714_start" }, "geometry": { "type": "Point", "coordinates": [ 118.1202591, 36.7586557 ] } },
{ "type": "Feature", "properties": { "osm_id": "3714_end" }, "geometry": { "type": "Point", "coordinates": [ 118.1193901, 36.7566701 ] } },
{ "type": "Feature", "properties": { "osm_id": "3715_start" }, "geometry": { "type": "Point", "coordinates": [ 118.1201879, 36.7574448 ] } },
{ "type": "Feature", "properties": { "osm_id": "3715_end" }, "geometry": { "type": "Point", "coordinates": [ 118.1225571, 36.7569969 ] } },
{ "type": "Feature", "properties": { "osm_id": "3716_start" }, "geometry": { "type": "Point", "coordinates": [ 118.1164317, 36.7554426 ] } },
{ "type": "Feature", "properties": { "osm_id": "3716_end" }, "geometry": { "type": "Point", "coordinates": [ 118.1186566, 36.7552761 ] } },
{ "type": "Feature", "properties": { "osm_id": "3717_start" }, "geometry": { "type": "Point", "coordinates": [ 118.1162037, 36.7538307 ] } },
{ "type": "Feature", "properties": { "osm_id": "3717_end" }, "geometry": { "type": "Point", "coordinates": [ 118.1149185, 36.7481501 ] } },
{ "type": "Feature", "properties": { "osm_id": "3718_end" }, "geometry": { "type": "Point", "coordinates": [ 118.1133605, 36.7540656 ] } },
{ "type": "Feature", "properties": { "osm_id": "3719_start" }, "geometry": { "type": "Point", "coordinates": [ 118.1134999, 36.7545985 ] } },
{ "type": "Feature", "properties": { "osm_id": "3719_end" }, "geometry": { "type": "Point", "coordinates": [ 118.1215312, 36.750576 ] } },
{ "type": "Feature", "properties": { "osm_id": "3720_start" }, "geometry": { "type": "Point", "coordinates": [ 118.1130807, 36.7520722 ] } },
{ "type": "Feature", "properties": { "osm_id": "3720_end" }, "geometry": { "type": "Point", "coordinates": [ 118.1122097, 36.7471972 ] } },
{ "type": "Feature", "properties": { "osm_id": "3721_start" }, "geometry": { "type": "Point", "coordinates": [ 118.1092986, 36.743625 ] } },
{ "type": "Feature", "properties": { "osm_id": "3721_end" }, "geometry": { "type": "Point", "coordinates": [ 118.1104194, 36.7198316 ] } },
{ "type": "Feature", "properties": { "osm_id": "3722_start" }, "geometry": { "type": "Point", "coordinates": [ 118.1101139, 36.7271447 ] } },
{ "type": "Feature", "properties": { "osm_id": "3723_start" }, "geometry": { "type": "Point", "coordinates": [ 118.1112576, 36.728832 ] } },
{ "type": "Feature", "properties": { "osm_id": "3723_end" }, "geometry": { "type": "Point", "coordinates": [ 118.1149698, 36.7287288 ] } },
{ "type": "Feature", "properties": { "osm_id": "3724_start" }, "geometry": { "type": "Point", "coordinates": [ 118.1179533, 36.6994243 ] } },
{ "type": "Feature", "properties": { "osm_id": "3724_end" }, "geometry": { "type": "Point", "coordinates": [ 118.1379252, 36.7079745 ] } },
{ "type": "Feature", "properties": { "osm_id": "3725_start" }, "geometry": { "type": "Point", "coordinates": [ 118.1364541, 36.7078558 ] } },
{ "type": "Feature", "properties": { "osm_id": "3725_end" }, "geometry": { "type": "Point", "coordinates": [ 118.1484116, 36.7051986 ] } },
{ "type": "Feature", "properties": { "osm_id": "3726_start" }, "geometry": { "type": "Point", "coordinates": [ 118.1429935, 36.7062651 ] } },
{ "type": "Feature", "properties": { "osm_id": "3726_end" }, "geometry": { "type": "Point", "coordinates": [ 118.1434227, 36.7082521 ] } },
{ "type": "Feature", "properties": { "osm_id": "3727_start" }, "geometry": { "type": "Point", "coordinates": [ 118.153143, 36.7160529 ] } },
{ "type": "Feature", "properties": { "osm_id": "3727_end" }, "geometry": { "type": "Point", "coordinates": [ 118.1396354, 36.6998224 ] } },
{ "type": "Feature", "properties": { "osm_id": "3728_start" }, "geometry": { "type": "Point", "coordinates": [ 118.1406761, 36.6984977 ] } },
{ "type": "Feature", "properties": { "osm_id": "3728_end" }, "geometry": { "type": "Point", "coordinates": [ 118.1305499, 36.7018958 ] } },
{ "type": "Feature", "properties": { "osm_id": "3729_start" }, "geometry": { "type": "Point", "coordinates": [ 118.1409658, 36.6983686 ] } },
{ "type": "Feature", "properties": { "osm_id": "3729_end" }, "geometry": { "type": "Point", "coordinates": [ 118.1405044, 36.6983514 ] } },
{ "type": "Feature", "properties": { "osm_id": "3730_start" }, "geometry": { "type": "Point", "coordinates": [ 118.1315673, 36.7007084 ] } },
{ "type": "Feature", "properties": { "osm_id": "3730_end" }, "geometry": { "type": "Point", "coordinates": [ 118.1331667, 36.7038783 ] } },
{ "type": "Feature", "properties": { "osm_id": "3731_start" }, "geometry": { "type": "Point", "coordinates": [ 118.133329, 36.704386 ] } },
{ "type": "Feature", "properties": { "osm_id": "3731_end" }, "geometry": { "type": "Point", "coordinates": [ 118.1368408, 36.7077951 ] } },
{ "type": "Feature", "properties": { "osm_id": "3732_start" }, "geometry": { "type": "Point", "coordinates": [ 118.1466512, 36.7138787 ] } },
{ "type": "Feature", "properties": { "osm_id": "3732_end" }, "geometry": { "type": "Point", "coordinates": [ 118.1435299, 36.7082521 ] } },
{ "type": "Feature", "properties": { "osm_id": "3733_start" }, "geometry": { "type": "Point", "coordinates": [ 118.1470166, 36.7124905 ] } },
{ "type": "Feature", "properties": { "osm_id": "3733_end" }, "geometry": { "type": "Point", "coordinates": [ 118.1444775, 36.7080707 ] } },
{ "type": "Feature", "properties": { "osm_id": "3734_start" }, "geometry": { "type": "Point", "coordinates": [ 118.1479556, 36.7109736 ] } },
{ "type": "Feature", "properties": { "osm_id": "3734_end" }, "geometry": { "type": "Point", "coordinates": [ 118.1470064, 36.7073645 ] } },
{ "type": "Feature", "properties": { "osm_id": "3735_start" }, "geometry": { "type": "Point", "coordinates": [ 118.1468666, 36.7101013 ] } },
{ "type": "Feature", "properties": { "osm_id": "3735_end" }, "geometry": { "type": "Point", "coordinates": [ 118.149699, 36.7095422 ] } },
{ "type": "Feature", "properties": { "osm_id": "3736_start" }, "geometry": { "type": "Point", "coordinates": [ 118.1474907, 36.7094468 ] } },
{ "type": "Feature", "properties": { "osm_id": "3736_end" }, "geometry": { "type": "Point", "coordinates": [ 118.1491527, 36.7076999 ] } },
{ "type": "Feature", "properties": { "osm_id": "3737_start" }, "geometry": { "type": "Point", "coordinates": [ 118.1567157, 36.7156143 ] } },
{ "type": "Feature", "properties": { "osm_id": "3737_end" }, "geometry": { "type": "Point", "coordinates": [ 118.1462557, 36.7175587 ] } },
{ "type": "Feature", "properties": { "osm_id": "3738_start" }, "geometry": { "type": "Point", "coordinates": [ 118.1552244, 36.7145135 ] } },
{ "type": "Feature", "properties": { "osm_id": "3738_end" }, "geometry": { "type": "Point", "coordinates": [ 118.1485832, 36.7238788 ] } },
{ "type": "Feature", "properties": { "osm_id": "3739_start" }, "geometry": { "type": "Point", "coordinates": [ 118.1375999, 36.7236663 ] } },
{ "type": "Feature", "properties": { "osm_id": "3739_end" }, "geometry": { "type": "Point", "coordinates": [ 118.1395925, 36.7319963 ] } },
{ "type": "Feature", "properties": { "osm_id": "3740_start" }, "geometry": { "type": "Point", "coordinates": [ 118.1441751, 36.7286493 ] } },
{ "type": "Feature", "properties": { "osm_id": "3740_end" }, "geometry": { "type": "Point", "coordinates": [ 118.1447316, 36.731403 ] } },
{ "type": "Feature", "properties": { "osm_id": "3741_start" }, "geometry": { "type": "Point", "coordinates": [ 118.1444218, 36.7291359 ] } },
{ "type": "Feature", "properties": { "osm_id": "3741_end" }, "geometry": { "type": "Point", "coordinates": [ 118.141461, 36.73013 ] } },
{ "type": "Feature", "properties": { "osm_id": "3742_start" }, "geometry": { "type": "Point", "coordinates": [ 118.1406829, 36.7281048 ] } },
{ "type": "Feature", "properties": { "osm_id": "3742_end" }, "geometry": { "type": "Point", "coordinates": [ 118.1392813, 36.7334236 ] } },
{ "type": "Feature", "properties": { "osm_id": "3743_start" }, "geometry": { "type": "Point", "coordinates": [ 118.1415379, 36.7303306 ] } },
{ "type": "Feature", "properties": { "osm_id": "3743_end" }, "geometry": { "type": "Point", "coordinates": [ 118.1349683, 36.7311364 ] } },
{ "type": "Feature", "properties": { "osm_id": "3744_start" }, "geometry": { "type": "Point", "coordinates": [ 118.132431, 36.7278733 ] } },
{ "type": "Feature", "properties": { "osm_id": "3744_end" }, "geometry": { "type": "Point", "coordinates": [ 118.1363524, 36.7391241 ] } },
{ "type": "Feature", "properties": { "osm_id": "3745_start" }, "geometry": { "type": "Point", "coordinates": [ 118.1358588, 36.7372842 ] } },
{ "type": "Feature", "properties": { "osm_id": "3745_end" }, "geometry": { "type": "Point", "coordinates": [ 118.1170832, 36.740706 ] } },
{ "type": "Feature", "properties": { "osm_id": "3746_start" }, "geometry": { "type": "Point", "coordinates": [ 118.1275899, 36.7316283 ] } },
{ "type": "Feature", "properties": { "osm_id": "3746_end" }, "geometry": { "type": "Point", "coordinates": [ 118.1316639, 36.7443342 ] } },
{ "type": "Feature", "properties": { "osm_id": "3747_start" }, "geometry": { "type": "Point", "coordinates": [ 118.1313919, 36.7435788 ] } },
{ "type": "Feature", "properties": { "osm_id": "3747_end" }, "geometry": { "type": "Point", "coordinates": [ 118.1208231, 36.7457265 ] } },
{ "type": "Feature", "properties": { "osm_id": "3748_start" }, "geometry": { "type": "Point", "coordinates": [ 118.144909, 36.7300233 ] } },
{ "type": "Feature", "properties": { "osm_id": "3748_end" }, "geometry": { "type": "Point", "coordinates": [ 118.1570843, 36.7287421 ] } },
{ "type": "Feature", "properties": { "osm_id": "3749_start" }, "geometry": { "type": "Point", "coordinates": [ 118.1396032, 36.7289953 ] } },
{ "type": "Feature", "properties": { "osm_id": "3749_end" }, "geometry": { "type": "Point", "coordinates": [ 118.1329734, 36.7316358 ] } },
{ "type": "Feature", "properties": { "osm_id": "3750_start" }, "geometry": { "type": "Point", "coordinates": [ 118.1317874, 36.7283725 ] } },
{ "type": "Feature", "properties": { "osm_id": "3750_end" }, "geometry": { "type": "Point", "coordinates": [ 118.1337566, 36.7342927 ] } },
{ "type": "Feature", "properties": { "osm_id": "3751_start" }, "geometry": { "type": "Point", "coordinates": [ 118.1288314, 36.7355818 ] } },
{ "type": "Feature", "properties": { "osm_id": "3751_end" }, "geometry": { "type": "Point", "coordinates": [ 118.1348668, 36.7337811 ] } },
{ "type": "Feature", "properties": { "osm_id": "3752_start" }, "geometry": { "type": "Point", "coordinates": [ 118.1326301, 36.7346452 ] } },
{ "type": "Feature", "properties": { "osm_id": "3752_end" }, "geometry": { "type": "Point", "coordinates": [ 118.1316691, 36.731097 ] } },
{ "type": "Feature", "properties": { "osm_id": "3753_start" }, "geometry": { "type": "Point", "coordinates": [ 118.1320829, 36.7332867 ] } },
{ "type": "Feature", "properties": { "osm_id": "3753_end" }, "geometry": { "type": "Point", "coordinates": [ 118.1334348, 36.7330373 ] } },
{ "type": "Feature", "properties": { "osm_id": "3754_start" }, "geometry": { "type": "Point", "coordinates": [ 118.1280581, 36.7331193 ] } },
{ "type": "Feature", "properties": { "osm_id": "3754_end" }, "geometry": { "type": "Point", "coordinates": [ 118.1303583, 36.7314276 ] } },
{ "type": "Feature", "properties": { "osm_id": "3755_start" }, "geometry": { "type": "Point", "coordinates": [ 118.1253199, 36.7335761 ] } },
{ "type": "Feature", "properties": { "osm_id": "3755_end" }, "geometry": { "type": "Point", "coordinates": [ 118.1287376, 36.7352832 ] } },
{ "type": "Feature", "properties": { "osm_id": "3756_start" }, "geometry": { "type": "Point", "coordinates": [ 118.133756, 36.737929 ] } },
{ "type": "Feature", "properties": { "osm_id": "3756_end" }, "geometry": { "type": "Point", "coordinates": [ 118.1330378, 36.7346366 ] } },
{ "type": "Feature", "properties": { "osm_id": "3757_start" }, "geometry": { "type": "Point", "coordinates": [ 118.1312997, 36.7375342 ] } },
{ "type": "Feature", "properties": { "osm_id": "3757_end" }, "geometry": { "type": "Point", "coordinates": [ 118.133652, 36.7371254 ] } },
{ "type": "Feature", "properties": { "osm_id": "3758_start" }, "geometry": { "type": "Point", "coordinates": [ 118.1324985, 36.7373258 ] } },
{ "type": "Feature", "properties": { "osm_id": "3758_end" }, "geometry": { "type": "Point", "coordinates": [ 118.1319435, 36.7350923 ] } },
{ "type": "Feature", "properties": { "osm_id": "3759_start" }, "geometry": { "type": "Point", "coordinates": [ 118.1297698, 36.7437416 ] } },
{ "type": "Feature", "properties": { "osm_id": "3759_end" }, "geometry": { "type": "Point", "coordinates": [ 118.1370858, 36.7415552 ] } },
{ "type": "Feature", "properties": { "osm_id": "3760_start" }, "geometry": { "type": "Point", "coordinates": [ 118.1348346, 36.7430669 ] } },
{ "type": "Feature", "properties": { "osm_id": "3760_end" }, "geometry": { "type": "Point", "coordinates": [ 118.1347008, 36.7415923 ] } },
{ "type": "Feature", "properties": { "osm_id": "3761_start" }, "geometry": { "type": "Point", "coordinates": [ 118.1309043, 36.7436708 ] } },
{ "type": "Feature", "properties": { "osm_id": "3761_end" }, "geometry": { "type": "Point", "coordinates": [ 118.1305119, 36.7423562 ] } },
{ "type": "Feature", "properties": { "osm_id": "3762_start" }, "geometry": { "type": "Point", "coordinates": [ 118.1342753, 36.7416248 ] } },
{ "type": "Feature", "properties": { "osm_id": "3762_end" }, "geometry": { "type": "Point", "coordinates": [ 118.1338582, 36.7394029 ] } },
{ "type": "Feature", "properties": { "osm_id": "3763_start" }, "geometry": { "type": "Point", "coordinates": [ 118.1324906, 36.7415493 ] } },
{ "type": "Feature", "properties": { "osm_id": "3763_end" }, "geometry": { "type": "Point", "coordinates": [ 118.1318071, 36.7382717 ] } },
{ "type": "Feature", "properties": { "osm_id": "3764_start" }, "geometry": { "type": "Point", "coordinates": [ 118.1320933, 36.7393878 ] } },
{ "type": "Feature", "properties": { "osm_id": "3764_end" }, "geometry": { "type": "Point", "coordinates": [ 118.1301305, 36.7396708 ] } },
{ "type": "Feature", "properties": { "osm_id": "3765_start" }, "geometry": { "type": "Point", "coordinates": [ 118.1324799, 36.7408959 ] } },
{ "type": "Feature", "properties": { "osm_id": "3765_end" }, "geometry": { "type": "Point", "coordinates": [ 118.1367508, 36.7404445 ] } },
{ "type": "Feature", "properties": { "osm_id": "3766_start" }, "geometry": { "type": "Point", "coordinates": [ 118.1349042, 36.7415796 ] } },
{ "type": "Feature", "properties": { "osm_id": "3766_end" }, "geometry": { "type": "Point", "coordinates": [ 118.1346891, 36.7394206 ] } },
{ "type": "Feature", "properties": { "osm_id": "3767_start" }, "geometry": { "type": "Point", "coordinates": [ 118.1361706, 36.7406122 ] } },
{ "type": "Feature", "properties": { "osm_id": "3767_end" }, "geometry": { "type": "Point", "coordinates": [ 118.1355805, 36.7391591 ] } },
{ "type": "Feature", "properties": { "osm_id": "3768_end" }, "geometry": { "type": "Point", "coordinates": [ 118.1459343, 36.7406299 ] } },
{ "type": "Feature", "properties": { "osm_id": "3769_start" }, "geometry": { "type": "Point", "coordinates": [ 118.1367243, 36.7403568 ] } },
{ "type": "Feature", "properties": { "osm_id": "3769_end" }, "geometry": { "type": "Point", "coordinates": [ 118.131342, 36.7434401 ] } },
{ "type": "Feature", "properties": { "osm_id": "3770_start" }, "geometry": { "type": "Point", "coordinates": [ 118.1325334, 36.738144 ] } },
{ "type": "Feature", "properties": { "osm_id": "3771_start" }, "geometry": { "type": "Point", "coordinates": [ 118.1392706, 36.7312912 ] } },
{ "type": "Feature", "properties": { "osm_id": "3771_end" }, "geometry": { "type": "Point", "coordinates": [ 118.1400537, 36.7332408 ] } },
{ "type": "Feature", "properties": { "osm_id": "3772_start" }, "geometry": { "type": "Point", "coordinates": [ 118.1350542, 36.7341287 ] } },
{ "type": "Feature", "properties": { "osm_id": "3772_end" }, "geometry": { "type": "Point", "coordinates": [ 118.1424307, 36.7327393 ] } },
{ "type": "Feature", "properties": { "osm_id": "3773_start" }, "geometry": { "type": "Point", "coordinates": [ 118.1357623, 36.7366651 ] } },
{ "type": "Feature", "properties": { "osm_id": "3773_end" }, "geometry": { "type": "Point", "coordinates": [ 118.1389842, 36.733499 ] } },
{ "type": "Feature", "properties": { "osm_id": "3774_start" }, "geometry": { "type": "Point", "coordinates": [ 118.139496, 36.7399765 ] } },
{ "type": "Feature", "properties": { "osm_id": "3774_end" }, "geometry": { "type": "Point", "coordinates": [ 118.1415238, 36.7402275 ] } },
{ "type": "Feature", "properties": { "osm_id": "3775_start" }, "geometry": { "type": "Point", "coordinates": [ 118.1415197, 36.7416438 ] } },
{ "type": "Feature", "properties": { "osm_id": "3775_end" }, "geometry": { "type": "Point", "coordinates": [ 118.1422759, 36.7439177 ] } },
{ "type": "Feature", "properties": { "osm_id": "3776_start" }, "geometry": { "type": "Point", "coordinates": [ 118.1463243, 36.7439291 ] } },
{ "type": "Feature", "properties": { "osm_id": "3776_end" }, "geometry": { "type": "Point", "coordinates": [ 118.1370802, 36.7460091 ] } },
{ "type": "Feature", "properties": { "osm_id": "3777_start" }, "geometry": { "type": "Point", "coordinates": [ 118.1307879, 36.7417161 ] } },
{ "type": "Feature", "properties": { "osm_id": "3777_end" }, "geometry": { "type": "Point", "coordinates": [ 118.1204143, 36.7438144 ] } },
{ "type": "Feature", "properties": { "osm_id": "3778_start" }, "geometry": { "type": "Point", "coordinates": [ 118.126502, 36.7425759 ] } },
{ "type": "Feature", "properties": { "osm_id": "3778_end" }, "geometry": { "type": "Point", "coordinates": [ 118.1269435, 36.7445128 ] } },
{ "type": "Feature", "properties": { "osm_id": "3779_start" }, "geometry": { "type": "Point", "coordinates": [ 118.1282792, 36.7439572 ] } },
{ "type": "Feature", "properties": { "osm_id": "3779_end" }, "geometry": { "type": "Point", "coordinates": [ 118.1279081, 36.7422939 ] } },
{ "type": "Feature", "properties": { "osm_id": "3780_start" }, "geometry": { "type": "Point", "coordinates": [ 118.1286042, 36.7525568 ] } },
{ "type": "Feature", "properties": { "osm_id": "3780_end" }, "geometry": { "type": "Point", "coordinates": [ 118.1361858, 36.7576641 ] } },
{ "type": "Feature", "properties": { "osm_id": "3781_start" }, "geometry": { "type": "Point", "coordinates": [ 118.1322017, 36.7571299 ] } },
{ "type": "Feature", "properties": { "osm_id": "3781_end" }, "geometry": { "type": "Point", "coordinates": [ 118.1292985, 36.7597263 ] } },
{ "type": "Feature", "properties": { "osm_id": "3782_start" }, "geometry": { "type": "Point", "coordinates": [ 118.1317545, 36.7575338 ] } },
{ "type": "Feature", "properties": { "osm_id": "3782_end" }, "geometry": { "type": "Point", "coordinates": [ 118.1338197, 36.7482438 ] } },
{ "type": "Feature", "properties": { "osm_id": "3783_start" }, "geometry": { "type": "Point", "coordinates": [ 118.1336444, 36.7495019 ] } },
{ "type": "Feature", "properties": { "osm_id": "3783_end" }, "geometry": { "type": "Point", "coordinates": [ 118.1340636, 36.7493644 ] } },
{ "type": "Feature", "properties": { "osm_id": "3784_start" }, "geometry": { "type": "Point", "coordinates": [ 118.1340393, 36.747247 ] } },
{ "type": "Feature", "properties": { "osm_id": "3784_end" }, "geometry": { "type": "Point", "coordinates": [ 118.1402919, 36.749612 ] } },
{ "type": "Feature", "properties": { "osm_id": "3785_start" }, "geometry": { "type": "Point", "coordinates": [ 118.1493001, 36.756902 ] } },
{ "type": "Feature", "properties": { "osm_id": "3785_end" }, "geometry": { "type": "Point", "coordinates": [ 118.150977, 36.7552278 ] } },
{ "type": "Feature", "properties": { "osm_id": "3786_start" }, "geometry": { "type": "Point", "coordinates": [ 118.1509384, 36.7525044 ] } },
{ "type": "Feature", "properties": { "osm_id": "3786_end" }, "geometry": { "type": "Point", "coordinates": [ 118.1484879, 36.7524785 ] } },
{ "type": "Feature", "properties": { "osm_id": "3787_start" }, "geometry": { "type": "Point", "coordinates": [ 118.1498779, 36.7524932 ] } },
{ "type": "Feature", "properties": { "osm_id": "3787_end" }, "geometry": { "type": "Point", "coordinates": [ 118.1534803, 36.7543482 ] } },
{ "type": "Feature", "properties": { "osm_id": "3788_start" }, "geometry": { "type": "Point", "coordinates": [ 118.1489314, 36.7534917 ] } },
{ "type": "Feature", "properties": { "osm_id": "3788_end" }, "geometry": { "type": "Point", "coordinates": [ 118.1534885, 36.7535013 ] } },
{ "type": "Feature", "properties": { "osm_id": "3789_start" }, "geometry": { "type": "Point", "coordinates": [ 118.1481299, 36.7530542 ] } },
{ "type": "Feature", "properties": { "osm_id": "3789_end" }, "geometry": { "type": "Point", "coordinates": [ 118.1471951, 36.7563873 ] } },
{ "type": "Feature", "properties": { "osm_id": "3790_start" }, "geometry": { "type": "Point", "coordinates": [ 118.1468126, 36.7549411 ] } },
{ "type": "Feature", "properties": { "osm_id": "3790_end" }, "geometry": { "type": "Point", "coordinates": [ 118.1491325, 36.7548786 ] } },
{ "type": "Feature", "properties": { "osm_id": "3791_start" }, "geometry": { "type": "Point", "coordinates": [ 118.1492914, 36.7574881 ] } },
{ "type": "Feature", "properties": { "osm_id": "3791_end" }, "geometry": { "type": "Point", "coordinates": [ 118.1506345, 36.7598594 ] } },
{ "type": "Feature", "properties": { "osm_id": "3792_start" }, "geometry": { "type": "Point", "coordinates": [ 118.1495775, 36.7574881 ] } },
{ "type": "Feature", "properties": { "osm_id": "3792_end" }, "geometry": { "type": "Point", "coordinates": [ 118.1517429, 36.7591037 ] } },
{ "type": "Feature", "properties": { "osm_id": "3794_start" }, "geometry": { "type": "Point", "coordinates": [ 118.1498946, 36.7623608 ] } },
{ "type": "Feature", "properties": { "osm_id": "3794_end" }, "geometry": { "type": "Point", "coordinates": [ 118.1516265, 36.7611622 ] } },
{ "type": "Feature", "properties": { "osm_id": "3795_start" }, "geometry": { "type": "Point", "coordinates": [ 118.1491955, 36.7601848 ] } },
{ "type": "Feature", "properties": { "osm_id": "3795_end" }, "geometry": { "type": "Point", "coordinates": [ 118.1495126, 36.7601823 ] } },
{ "type": "Feature", "properties": { "osm_id": "3796_start" }, "geometry": { "type": "Point", "coordinates": [ 118.1491651, 36.7696346 ] } },
{ "type": "Feature", "properties": { "osm_id": "3796_end" }, "geometry": { "type": "Point", "coordinates": [ 118.1495584, 36.7733076 ] } },
{ "type": "Feature", "properties": { "osm_id": "3797_start" }, "geometry": { "type": "Point", "coordinates": [ 118.1496979, 36.7729467 ] } },
{ "type": "Feature", "properties": { "osm_id": "3797_end" }, "geometry": { "type": "Point", "coordinates": [ 118.1538641, 36.7728854 ] } },
{ "type": "Feature", "properties": { "osm_id": "3798_start" }, "geometry": { "type": "Point", "coordinates": [ 118.153839, 36.7733019 ] } },
{ "type": "Feature", "properties": { "osm_id": "3798_end" }, "geometry": { "type": "Point", "coordinates": [ 118.1474127, 36.7706521 ] } },
{ "type": "Feature", "properties": { "osm_id": "3799_start" }, "geometry": { "type": "Point", "coordinates": [ 118.1538686, 36.7715459 ] } },
{ "type": "Feature", "properties": { "osm_id": "3799_end" }, "geometry": { "type": "Point", "coordinates": [ 118.1523294, 36.7700847 ] } },
{ "type": "Feature", "properties": { "osm_id": "3800_start" }, "geometry": { "type": "Point", "coordinates": [ 118.1474127, 36.7711247 ] } },
{ "type": "Feature", "properties": { "osm_id": "3800_end" }, "geometry": { "type": "Point", "coordinates": [ 118.1538701, 36.7711076 ] } },
{ "type": "Feature", "properties": { "osm_id": "3801_start" }, "geometry": { "type": "Point", "coordinates": [ 118.0908685, 36.7565015 ] } },
{ "type": "Feature", "properties": { "osm_id": "3801_end" }, "geometry": { "type": "Point", "coordinates": [ 118.0901665, 36.7526808 ] } },
{ "type": "Feature", "properties": { "osm_id": "3802_start" }, "geometry": { "type": "Point", "coordinates": [ 118.0874838, 36.7508963 ] } },
{ "type": "Feature", "properties": { "osm_id": "3802_end" }, "geometry": { "type": "Point", "coordinates": [ 118.0869982, 36.7483189 ] } },
{ "type": "Feature", "properties": { "osm_id": "3803_start" }, "geometry": { "type": "Point", "coordinates": [ 118.0821436, 36.749005 ] } },
{ "type": "Feature", "properties": { "osm_id": "3803_end" }, "geometry": { "type": "Point", "coordinates": [ 118.0875007, 36.7482956 ] } },
{ "type": "Feature", "properties": { "osm_id": "3804_start" }, "geometry": { "type": "Point", "coordinates": [ 118.0934183, 36.7521567 ] } },
{ "type": "Feature", "properties": { "osm_id": "3804_end" }, "geometry": { "type": "Point", "coordinates": [ 118.0925435, 36.7477977 ] } },
{ "type": "Feature", "properties": { "osm_id": "3805_start" }, "geometry": { "type": "Point", "coordinates": [ 118.0810762, 36.7473133 ] } },
{ "type": "Feature", "properties": { "osm_id": "3805_end" }, "geometry": { "type": "Point", "coordinates": [ 118.0794128, 36.7473435 ] } },
{ "type": "Feature", "properties": { "osm_id": "3806_end" }, "geometry": { "type": "Point", "coordinates": [ 118.0819137, 36.7440142 ] } },
{ "type": "Feature", "properties": { "osm_id": "3807_start" }, "geometry": { "type": "Point", "coordinates": [ 118.0807006, 36.742849 ] } },
{ "type": "Feature", "properties": { "osm_id": "3807_end" }, "geometry": { "type": "Point", "coordinates": [ 118.0811739, 36.7421531 ] } },
{ "type": "Feature", "properties": { "osm_id": "3808_start" }, "geometry": { "type": "Point", "coordinates": [ 118.0842044, 36.7429797 ] } },
{ "type": "Feature", "properties": { "osm_id": "3808_end" }, "geometry": { "type": "Point", "coordinates": [ 118.0852256, 36.7402398 ] } },
{ "type": "Feature", "properties": { "osm_id": "3809_start" }, "geometry": { "type": "Point", "coordinates": [ 117.8896836, 36.8642448 ] } },
{ "type": "Feature", "properties": { "osm_id": "3809_end" }, "geometry": { "type": "Point", "coordinates": [ 117.8962215, 36.846473 ] } },
{ "type": "Feature", "properties": { "osm_id": "3814_start" }, "geometry": { "type": "Point", "coordinates": [ 118.0439212, 36.7861291 ] } },
{ "type": "Feature", "properties": { "osm_id": "3814_end" }, "geometry": { "type": "Point", "coordinates": [ 118.0454633, 36.7856565 ] } },
{ "type": "Feature", "properties": { "osm_id": "3815_start" }, "geometry": { "type": "Point", "coordinates": [ 118.0465247, 36.7853908 ] } },
{ "type": "Feature", "properties": { "osm_id": "3815_end" }, "geometry": { "type": "Point", "coordinates": [ 118.0450452, 36.7858831 ] } },
{ "type": "Feature", "properties": { "osm_id": "3816_end" }, "geometry": { "type": "Point", "coordinates": [ 118.0464828, 36.7853112 ] } },
{ "type": "Feature", "properties": { "osm_id": "3817_end" }, "geometry": { "type": "Point", "coordinates": [ 118.0496304, 36.7848027 ] } },
{ "type": "Feature", "properties": { "osm_id": "3818_start" }, "geometry": { "type": "Point", "coordinates": [ 118.0508165, 36.7837902 ] } },
{ "type": "Feature", "properties": { "osm_id": "3818_end" }, "geometry": { "type": "Point", "coordinates": [ 118.0519544, 36.7833938 ] } },
{ "type": "Feature", "properties": { "osm_id": "3819_end" }, "geometry": { "type": "Point", "coordinates": [ 118.0516581, 36.7835895 ] } },
{ "type": "Feature", "properties": { "osm_id": "3821_end" }, "geometry": { "type": "Point", "coordinates": [ 118.0508555, 36.7838614 ] } },
{ "type": "Feature", "properties": { "osm_id": "3822_end" }, "geometry": { "type": "Point", "coordinates": [ 118.0523804, 36.7831878 ] } },
{ "type": "Feature", "properties": { "osm_id": "3823_start" }, "geometry": { "type": "Point", "coordinates": [ 118.0481138, 36.7848276 ] } },
{ "type": "Feature", "properties": { "osm_id": "3824_end" }, "geometry": { "type": "Point", "coordinates": [ 118.0466578, 36.7904822 ] } },
{ "type": "Feature", "properties": { "osm_id": "3825_start" }, "geometry": { "type": "Point", "coordinates": [ 118.0463513, 36.7905013 ] } },
{ "type": "Feature", "properties": { "osm_id": "3826_start" }, "geometry": { "type": "Point", "coordinates": [ 118.0341254, 36.8038323 ] } },
{ "type": "Feature", "properties": { "osm_id": "3826_end" }, "geometry": { "type": "Point", "coordinates": [ 118.0348904, 36.8038756 ] } },
{ "type": "Feature", "properties": { "osm_id": "3827_start" }, "geometry": { "type": "Point", "coordinates": [ 118.0331453, 36.8039285 ] } },
{ "type": "Feature", "properties": { "osm_id": "3828_start" }, "geometry": { "type": "Point", "coordinates": [ 118.0329964, 36.8041174 ] } },
{ "type": "Feature", "properties": { "osm_id": "3829_start" }, "geometry": { "type": "Point", "coordinates": [ 118.0328717, 36.8036842 ] } },
{ "type": "Feature", "properties": { "osm_id": "3829_end" }, "geometry": { "type": "Point", "coordinates": [ 118.0331452, 36.8036828 ] } },
{ "type": "Feature", "properties": { "osm_id": "3830_end" }, "geometry": { "type": "Point", "coordinates": [ 118.0326065, 36.8036857 ] } },
{ "type": "Feature", "properties": { "osm_id": "3831_start" }, "geometry": { "type": "Point", "coordinates": [ 118.0331436, 36.8033838 ] } },
{ "type": "Feature", "properties": { "osm_id": "3831_end" }, "geometry": { "type": "Point", "coordinates": [ 118.0331454, 36.8040241 ] } },
{ "type": "Feature", "properties": { "osm_id": "3832_start" }, "geometry": { "type": "Point", "coordinates": [ 118.0357731, 36.8039677 ] } },
{ "type": "Feature", "properties": { "osm_id": "3832_end" }, "geometry": { "type": "Point", "coordinates": [ 118.0346377, 36.8033734 ] } },
{ "type": "Feature", "properties": { "osm_id": "3833_start" }, "geometry": { "type": "Point", "coordinates": [ 118.035154, 36.803371 ] } },
{ "type": "Feature", "properties": { "osm_id": "3833_end" }, "geometry": { "type": "Point", "coordinates": [ 118.0326005, 36.8033863 ] } },
{ "type": "Feature", "properties": { "osm_id": "3834_start" }, "geometry": { "type": "Point", "coordinates": [ 118.0309105, 36.8034025 ] } },
{ "type": "Feature", "properties": { "osm_id": "3834_end" }, "geometry": { "type": "Point", "coordinates": [ 118.0316866, 36.8034041 ] } },
{ "type": "Feature", "properties": { "osm_id": "3835_start" }, "geometry": { "type": "Point", "coordinates": [ 118.0314577, 36.8029829 ] } },
{ "type": "Feature", "properties": { "osm_id": "3835_end" }, "geometry": { "type": "Point", "coordinates": [ 118.0328507, 36.8029939 ] } },
{ "type": "Feature", "properties": { "osm_id": "3836_start" }, "geometry": { "type": "Point", "coordinates": [ 118.0321388, 36.804395 ] } },
{ "type": "Feature", "properties": { "osm_id": "3836_end" }, "geometry": { "type": "Point", "coordinates": [ 118.0321419, 36.8040937 ] } },
{ "type": "Feature", "properties": { "osm_id": "3837_start" }, "geometry": { "type": "Point", "coordinates": [ 118.059484, 36.7942038 ] } },
{ "type": "Feature", "properties": { "osm_id": "3837_end" }, "geometry": { "type": "Point", "coordinates": [ 118.0597629, 36.7965402 ] } },
{ "type": "Feature", "properties": { "osm_id": "3838_start" }, "geometry": { "type": "Point", "coordinates": [ 118.0596174, 36.7956587 ] } },
{ "type": "Feature", "properties": { "osm_id": "3838_end" }, "geometry": { "type": "Point", "coordinates": [ 118.0599494, 36.7956805 ] } },
{ "type": "Feature", "properties": { "osm_id": "3839_start" }, "geometry": { "type": "Point", "coordinates": [ 118.0613819, 36.7948839 ] } },
{ "type": "Feature", "properties": { "osm_id": "3839_end" }, "geometry": { "type": "Point", "coordinates": [ 118.0622098, 36.7940903 ] } },
{ "type": "Feature", "properties": { "osm_id": "3840_start" }, "geometry": { "type": "Point", "coordinates": [ 118.060883, 36.7947802 ] } },
{ "type": "Feature", "properties": { "osm_id": "3840_end" }, "geometry": { "type": "Point", "coordinates": [ 118.0601347, 36.7949634 ] } },
{ "type": "Feature", "properties": { "osm_id": "3841_start" }, "geometry": { "type": "Point", "coordinates": [ 118.0613523, 36.7942957 ] } },
{ "type": "Feature", "properties": { "osm_id": "3841_end" }, "geometry": { "type": "Point", "coordinates": [ 118.0618915, 36.794612 ] } },
{ "type": "Feature", "properties": { "osm_id": "3842_start" }, "geometry": { "type": "Point", "coordinates": [ 118.0597891, 36.7941004 ] } },
{ "type": "Feature", "properties": { "osm_id": "3842_end" }, "geometry": { "type": "Point", "coordinates": [ 118.0605723, 36.7943668 ] } },
{ "type": "Feature", "properties": { "osm_id": "3843_start" }, "geometry": { "type": "Point", "coordinates": [ 118.0602377, 36.7943007 ] } },
{ "type": "Feature", "properties": { "osm_id": "3843_end" }, "geometry": { "type": "Point", "coordinates": [ 118.0603049, 36.7944472 ] } },
{ "type": "Feature", "properties": { "osm_id": "3844_start" }, "geometry": { "type": "Point", "coordinates": [ 118.0598365, 36.7951114 ] } },
{ "type": "Feature", "properties": { "osm_id": "3844_end" }, "geometry": { "type": "Point", "coordinates": [ 118.0598865, 36.7942557 ] } },
{ "type": "Feature", "properties": { "osm_id": "3845_start" }, "geometry": { "type": "Point", "coordinates": [ 118.0598479, 36.7948238 ] } },
{ "type": "Feature", "properties": { "osm_id": "3845_end" }, "geometry": { "type": "Point", "coordinates": [ 118.0600893, 36.7948052 ] } },
{ "type": "Feature", "properties": { "osm_id": "3846_start" }, "geometry": { "type": "Point", "coordinates": [ 118.0597483, 36.7946952 ] } },
{ "type": "Feature", "properties": { "osm_id": "3846_end" }, "geometry": { "type": "Point", "coordinates": [ 118.0599389, 36.7942882 ] } },
{ "type": "Feature", "properties": { "osm_id": "3847_start" }, "geometry": { "type": "Point", "coordinates": [ 118.0605723, 36.7940274 ] } },
{ "type": "Feature", "properties": { "osm_id": "3849_end" }, "geometry": { "type": "Point", "coordinates": [ 117.9677689, 36.7796439 ] } },
{ "type": "Feature", "properties": { "osm_id": "3868_start" }, "geometry": { "type": "Point", "coordinates": [ 118.0321894, 36.7834909 ] } },
{ "type": "Feature", "properties": { "osm_id": "3868_end" }, "geometry": { "type": "Point", "coordinates": [ 118.0332138, 36.7834666 ] } },
{ "type": "Feature", "properties": { "osm_id": "3869_end" }, "geometry": { "type": "Point", "coordinates": [ 118.0325472, 36.7836883 ] } },
{ "type": "Feature", "properties": { "osm_id": "3885_start" }, "geometry": { "type": "Point", "coordinates": [ 118.0871712, 36.7707605 ] } },
{ "type": "Feature", "properties": { "osm_id": "3885_end" }, "geometry": { "type": "Point", "coordinates": [ 118.0878074, 36.7726227 ] } },
{ "type": "Feature", "properties": { "osm_id": "3887_end" }, "geometry": { "type": "Point", "coordinates": [ 117.9938744, 36.8161385 ] } },
{ "type": "Feature", "properties": { "osm_id": "3888_start" }, "geometry": { "type": "Point", "coordinates": [ 117.9927768, 36.8176716 ] } },
{ "type": "Feature", "properties": { "osm_id": "3897_start" }, "geometry": { "type": "Point", "coordinates": [ 117.9687735, 36.8504164 ] } },
{ "type": "Feature", "properties": { "osm_id": "3900_end" }, "geometry": { "type": "Point", "coordinates": [ 117.9598421, 36.842645 ] } },
{ "type": "Feature", "properties": { "osm_id": "3901_start" }, "geometry": { "type": "Point", "coordinates": [ 118.0498147, 36.7859839 ] } },
{ "type": "Feature", "properties": { "osm_id": "3901_end" }, "geometry": { "type": "Point", "coordinates": [ 118.0495847, 36.7859365 ] } },
{ "type": "Feature", "properties": { "osm_id": "3902_end" }, "geometry": { "type": "Point", "coordinates": [ 118.0496638, 36.7842823 ] } },
{ "type": "Feature", "properties": { "osm_id": "3903_start" }, "geometry": { "type": "Point", "coordinates": [ 118.0494342, 36.7847343 ] } },
{ "type": "Feature", "properties": { "osm_id": "3904_start" }, "geometry": { "type": "Point", "coordinates": [ 118.0491096, 36.7850392 ] } },
{ "type": "Feature", "properties": { "osm_id": "3905_start" }, "geometry": { "type": "Point", "coordinates": [ 118.0490983, 36.7847961 ] } },
{ "type": "Feature", "properties": { "osm_id": "3905_end" }, "geometry": { "type": "Point", "coordinates": [ 118.0494554, 36.7846624 ] } },
{ "type": "Feature", "properties": { "osm_id": "3906_start" }, "geometry": { "type": "Point", "coordinates": [ 118.049266, 36.7847361 ] } },
{ "type": "Feature", "properties": { "osm_id": "3906_end" }, "geometry": { "type": "Point", "coordinates": [ 118.0489503, 36.7841374 ] } },
{ "type": "Feature", "properties": { "osm_id": "3907_start" }, "geometry": { "type": "Point", "coordinates": [ 118.0487053, 36.7842207 ] } },
{ "type": "Feature", "properties": { "osm_id": "3907_end" }, "geometry": { "type": "Point", "coordinates": [ 118.049192, 36.7840533 ] } },
{ "type": "Feature", "properties": { "osm_id": "3911_start" }, "geometry": { "type": "Point", "coordinates": [ 118.0494824, 36.7865876 ] } },
{ "type": "Feature", "properties": { "osm_id": "3911_end" }, "geometry": { "type": "Point", "coordinates": [ 118.0484937, 36.7851595 ] } },
{ "type": "Feature", "properties": { "osm_id": "3912_end" }, "geometry": { "type": "Point", "coordinates": [ 118.048814, 36.7852803 ] } },
{ "type": "Feature", "properties": { "osm_id": "3913_end" }, "geometry": { "type": "Point", "coordinates": [ 118.0486269, 36.786058 ] } },
{ "type": "Feature", "properties": { "osm_id": "3914_start" }, "geometry": { "type": "Point", "coordinates": [ 118.048842, 36.7853348 ] } },
{ "type": "Feature", "properties": { "osm_id": "3914_end" }, "geometry": { "type": "Point", "coordinates": [ 118.0489886, 36.7853029 ] } },
{ "type": "Feature", "properties": { "osm_id": "3915_start" }, "geometry": { "type": "Point", "coordinates": [ 118.0493624, 36.7863798 ] } },
{ "type": "Feature", "properties": { "osm_id": "3915_end" }, "geometry": { "type": "Point", "coordinates": [ 118.0476756, 36.7838469 ] } },
{ "type": "Feature", "properties": { "osm_id": "3921_start" }, "geometry": { "type": "Point", "coordinates": [ 118.0485601, 36.7731532 ] } },
{ "type": "Feature", "properties": { "osm_id": "3922_start" }, "geometry": { "type": "Point", "coordinates": [ 118.0524906, 36.7725667 ] } },
{ "type": "Feature", "properties": { "osm_id": "3931_start" }, "geometry": { "type": "Point", "coordinates": [ 117.88211, 36.8139908 ] } },
{ "type": "Feature", "properties": { "osm_id": "3932_end" }, "geometry": { "type": "Point", "coordinates": [ 118.0416936, 36.7907949 ] } },
{ "type": "Feature", "properties": { "osm_id": "3933_start" }, "geometry": { "type": "Point", "coordinates": [ 118.0381932, 36.7921871 ] } },
{ "type": "Feature", "properties": { "osm_id": "3933_end" }, "geometry": { "type": "Point", "coordinates": [ 118.0372855, 36.7877285 ] } },
{ "type": "Feature", "properties": { "osm_id": "3934_start" }, "geometry": { "type": "Point", "coordinates": [ 118.0308476, 36.793253 ] } },
{ "type": "Feature", "properties": { "osm_id": "3934_end" }, "geometry": { "type": "Point", "coordinates": [ 118.0300568, 36.7887349 ] } },
{ "type": "Feature", "properties": { "osm_id": "3935_start" }, "geometry": { "type": "Point", "coordinates": [ 118.0335442, 36.789669 ] } },
{ "type": "Feature", "properties": { "osm_id": "3935_end" }, "geometry": { "type": "Point", "coordinates": [ 118.0333313, 36.7882015 ] } },
{ "type": "Feature", "properties": { "osm_id": "3936_start" }, "geometry": { "type": "Point", "coordinates": [ 118.0350037, 36.78941 ] } },
{ "type": "Feature", "properties": { "osm_id": "3936_end" }, "geometry": { "type": "Point", "coordinates": [ 118.0375278, 36.7892115 ] } },
{ "type": "Feature", "properties": { "osm_id": "3937_start" }, "geometry": { "type": "Point", "coordinates": [ 118.028874, 36.7915587 ] } },
{ "type": "Feature", "properties": { "osm_id": "3937_end" }, "geometry": { "type": "Point", "coordinates": [ 118.0377159, 36.7903602 ] } },
{ "type": "Feature", "properties": { "osm_id": "3938_start" }, "geometry": { "type": "Point", "coordinates": [ 118.0370325, 36.7925213 ] } },
{ "type": "Feature", "properties": { "osm_id": "3938_end" }, "geometry": { "type": "Point", "coordinates": [ 118.036665, 36.7904688 ] } },
{ "type": "Feature", "properties": { "osm_id": "3940_end" }, "geometry": { "type": "Point", "coordinates": [ 118.0378266, 36.7876828 ] } },
{ "type": "Feature", "properties": { "osm_id": "3942_start" }, "geometry": { "type": "Point", "coordinates": [ 117.8750503, 36.7948008 ] } },
{ "type": "Feature", "properties": { "osm_id": "3942_end" }, "geometry": { "type": "Point", "coordinates": [ 117.8640686, 36.7948823 ] } },
{ "type": "Feature", "properties": { "osm_id": "3943_start" }, "geometry": { "type": "Point", "coordinates": [ 117.9194533, 36.848972 ] } },
{ "type": "Feature", "properties": { "osm_id": "3943_end" }, "geometry": { "type": "Point", "coordinates": [ 117.9347532, 36.8485194 ] } },
{ "type": "Feature", "properties": { "osm_id": "3944_start" }, "geometry": { "type": "Point", "coordinates": [ 117.8944209, 36.8502541 ] } },
{ "type": "Feature", "properties": { "osm_id": "3944_end" }, "geometry": { "type": "Point", "coordinates": [ 117.9085495, 36.8495255 ] } },
{ "type": "Feature", "properties": { "osm_id": "3945_end" }, "geometry": { "type": "Point", "coordinates": [ 117.9091072, 36.8495009 ] } },
{ "type": "Feature", "properties": { "osm_id": "3946_start" }, "geometry": { "type": "Point", "coordinates": [ 117.9192943, 36.849425 ] } },
{ "type": "Feature", "properties": { "osm_id": "3946_end" }, "geometry": { "type": "Point", "coordinates": [ 117.9192927, 36.8492486 ] } },
{ "type": "Feature", "properties": { "osm_id": "3948_end" }, "geometry": { "type": "Point", "coordinates": [ 117.9194619, 36.8492376 ] } },
{ "type": "Feature", "properties": { "osm_id": "3950_start" }, "geometry": { "type": "Point", "coordinates": [ 117.9347785, 36.84882 ] } },
{ "type": "Feature", "properties": { "osm_id": "3950_end" }, "geometry": { "type": "Point", "coordinates": [ 117.9349014, 36.8486687 ] } },
{ "type": "Feature", "properties": { "osm_id": "3951_end" }, "geometry": { "type": "Point", "coordinates": [ 117.9232023, 36.8529719 ] } },
{ "type": "Feature", "properties": { "osm_id": "3952_start" }, "geometry": { "type": "Point", "coordinates": [ 117.9309684, 36.8490682 ] } },
{ "type": "Feature", "properties": { "osm_id": "3952_end" }, "geometry": { "type": "Point", "coordinates": [ 117.9261551, 36.8492551 ] } },
{ "type": "Feature", "properties": { "osm_id": "3953_end" }, "geometry": { "type": "Point", "coordinates": [ 117.9252455, 36.8493061 ] } },
{ "type": "Feature", "properties": { "osm_id": "3954_start" }, "geometry": { "type": "Point", "coordinates": [ 117.9347824, 36.8489379 ] } },
{ "type": "Feature", "properties": { "osm_id": "3954_end" }, "geometry": { "type": "Point", "coordinates": [ 117.9313081, 36.8490654 ] } },
{ "type": "Feature", "properties": { "osm_id": "3956_start" }, "geometry": { "type": "Point", "coordinates": [ 117.92286, 36.8494246 ] } },
{ "type": "Feature", "properties": { "osm_id": "3957_start" }, "geometry": { "type": "Point", "coordinates": [ 117.9192383, 36.8497075 ] } },
{ "type": "Feature", "properties": { "osm_id": "3957_end" }, "geometry": { "type": "Point", "coordinates": [ 117.9091722, 36.8501199 ] } },
{ "type": "Feature", "properties": { "osm_id": "3958_end" }, "geometry": { "type": "Point", "coordinates": [ 117.922015, 36.8494586 ] } },
{ "type": "Feature", "properties": { "osm_id": "3959_start" }, "geometry": { "type": "Point", "coordinates": [ 117.9194924, 36.8496929 ] } },
{ "type": "Feature", "properties": { "osm_id": "3960_start" }, "geometry": { "type": "Point", "coordinates": [ 117.9215312, 36.8494814 ] } },
{ "type": "Feature", "properties": { "osm_id": "3962_start" }, "geometry": { "type": "Point", "coordinates": [ 117.9311335, 36.8488665 ] } },
{ "type": "Feature", "properties": { "osm_id": "3962_end" }, "geometry": { "type": "Point", "coordinates": [ 117.9311948, 36.8526007 ] } },
{ "type": "Feature", "properties": { "osm_id": "3969_end" }, "geometry": { "type": "Point", "coordinates": [ 118.0353084, 36.7947067 ] } },
{ "type": "Feature", "properties": { "osm_id": "3970_start" }, "geometry": { "type": "Point", "coordinates": [ 118.0360039, 36.8010239 ] } },
{ "type": "Feature", "properties": { "osm_id": "3971_end" }, "geometry": { "type": "Point", "coordinates": [ 118.0628423, 36.7799017 ] } },
{ "type": "Feature", "properties": { "osm_id": "3972_start" }, "geometry": { "type": "Point", "coordinates": [ 118.0509686, 36.7875696 ] } },
{ "type": "Feature", "properties": { "osm_id": "3972_end" }, "geometry": { "type": "Point", "coordinates": [ 118.0514852, 36.7885399 ] } },
{ "type": "Feature", "properties": { "osm_id": "3973_start" }, "geometry": { "type": "Point", "coordinates": [ 118.051297, 36.7869403 ] } },
{ "type": "Feature", "properties": { "osm_id": "3973_end" }, "geometry": { "type": "Point", "coordinates": [ 118.0519015, 36.7881107 ] } },
{ "type": "Feature", "properties": { "osm_id": "3974_start" }, "geometry": { "type": "Point", "coordinates": [ 118.0517467, 36.786795 ] } },
{ "type": "Feature", "properties": { "osm_id": "3974_end" }, "geometry": { "type": "Point", "coordinates": [ 118.0524682, 36.7881051 ] } },
{ "type": "Feature", "properties": { "osm_id": "3976_start" }, "geometry": { "type": "Point", "coordinates": [ 118.0480266, 36.7719371 ] } },
{ "type": "Feature", "properties": { "osm_id": "3976_end" }, "geometry": { "type": "Point", "coordinates": [ 118.0477898, 36.7690704 ] } },
{ "type": "Feature", "properties": { "osm_id": "3977_start" }, "geometry": { "type": "Point", "coordinates": [ 118.0482284, 36.7719365 ] } },
{ "type": "Feature", "properties": { "osm_id": "3978_end" }, "geometry": { "type": "Point", "coordinates": [ 118.0307257, 36.783862 ] } },
{ "type": "Feature", "properties": { "osm_id": "3979_start" }, "geometry": { "type": "Point", "coordinates": [ 118.0022101, 36.803717 ] } },
{ "type": "Feature", "properties": { "osm_id": "3979_end" }, "geometry": { "type": "Point", "coordinates": [ 118.0022708, 36.8041517 ] } },
{ "type": "Feature", "properties": { "osm_id": "3980_end" }, "geometry": { "type": "Point", "coordinates": [ 118.0016065, 36.8033227 ] } },
{ "type": "Feature", "properties": { "osm_id": "3981_start" }, "geometry": { "type": "Point", "coordinates": [ 118.0026864, 36.7998289 ] } },
{ "type": "Feature", "properties": { "osm_id": "3982_end" }, "geometry": { "type": "Point", "coordinates": [ 118.0027859, 36.8030318 ] } },
{ "type": "Feature", "properties": { "osm_id": "3983_start" }, "geometry": { "type": "Point", "coordinates": [ 118.0019209, 36.8041882 ] } },
{ "type": "Feature", "properties": { "osm_id": "3983_end" }, "geometry": { "type": "Point", "coordinates": [ 118.0018624, 36.8037552 ] } },
{ "type": "Feature", "properties": { "osm_id": "3985_start" }, "geometry": { "type": "Point", "coordinates": [ 118.0001901, 36.7993491 ] } },
{ "type": "Feature", "properties": { "osm_id": "3985_end" }, "geometry": { "type": "Point", "coordinates": [ 118.0002317, 36.799666 ] } },
{ "type": "Feature", "properties": { "osm_id": "3986_start" }, "geometry": { "type": "Point", "coordinates": [ 118.0026327, 36.7993971 ] } },
{ "type": "Feature", "properties": { "osm_id": "3986_end" }, "geometry": { "type": "Point", "coordinates": [ 118.000995, 36.7995365 ] } },
{ "type": "Feature", "properties": { "osm_id": "3987_end" }, "geometry": { "type": "Point", "coordinates": [ 118.121788, 36.8056645 ] } },
{ "type": "Feature", "properties": { "osm_id": "3989_start" }, "geometry": { "type": "Point", "coordinates": [ 118.088765, 36.8064924 ] } },
{ "type": "Feature", "properties": { "osm_id": "3989_end" }, "geometry": { "type": "Point", "coordinates": [ 118.0821217, 36.8069066 ] } },
{ "type": "Feature", "properties": { "osm_id": "3990_start" }, "geometry": { "type": "Point", "coordinates": [ 118.0821222, 36.8068175 ] } },
{ "type": "Feature", "properties": { "osm_id": "3994_start" }, "geometry": { "type": "Point", "coordinates": [ 118.0628404, 36.8094405 ] } },
{ "type": "Feature", "properties": { "osm_id": "3994_end" }, "geometry": { "type": "Point", "coordinates": [ 118.0760438, 36.8067337 ] } },
{ "type": "Feature", "properties": { "osm_id": "3995_start" }, "geometry": { "type": "Point", "coordinates": [ 118.056712, 36.810688 ] } },
{ "type": "Feature", "properties": { "osm_id": "3996_start" }, "geometry": { "type": "Point", "coordinates": [ 118.0625104, 36.80951 ] } },
{ "type": "Feature", "properties": { "osm_id": "3997_start" }, "geometry": { "type": "Point", "coordinates": [ 118.0776036, 36.8068685 ] } },
{ "type": "Feature", "properties": { "osm_id": "3997_end" }, "geometry": { "type": "Point", "coordinates": [ 118.0863454, 36.8063495 ] } },
{ "type": "Feature", "properties": { "osm_id": "3998_end" }, "geometry": { "type": "Point", "coordinates": [ 118.0771553, 36.8068311 ] } },
{ "type": "Feature", "properties": { "osm_id": "4000_end" }, "geometry": { "type": "Point", "coordinates": [ 118.0775172, 36.8070686 ] } },
{ "type": "Feature", "properties": { "osm_id": "4001_start" }, "geometry": { "type": "Point", "coordinates": [ 118.0770993, 36.8070349 ] } },
{ "type": "Feature", "properties": { "osm_id": "4001_end" }, "geometry": { "type": "Point", "coordinates": [ 118.0761168, 36.8069244 ] } },
{ "type": "Feature", "properties": { "osm_id": "4007_end" }, "geometry": { "type": "Point", "coordinates": [ 118.1024347, 36.8038634 ] } },
{ "type": "Feature", "properties": { "osm_id": "4009_start" }, "geometry": { "type": "Point", "coordinates": [ 118.0926726, 36.8061602 ] } },
{ "type": "Feature", "properties": { "osm_id": "4011_start" }, "geometry": { "type": "Point", "coordinates": [ 118.0624617, 36.8021934 ] } },
{ "type": "Feature", "properties": { "osm_id": "4013_end" }, "geometry": { "type": "Point", "coordinates": [ 118.062124, 36.8033955 ] } },
{ "type": "Feature", "properties": { "osm_id": "4015_end" }, "geometry": { "type": "Point", "coordinates": [ 118.062108, 36.8122686 ] } },
{ "type": "Feature", "properties": { "osm_id": "4016_start" }, "geometry": { "type": "Point", "coordinates": [ 118.0621626, 36.810701 ] } },
{ "type": "Feature", "properties": { "osm_id": "4019_end" }, "geometry": { "type": "Point", "coordinates": [ 118.0779, 36.8014987 ] } },
{ "type": "Feature", "properties": { "osm_id": "4020_start" }, "geometry": { "type": "Point", "coordinates": [ 118.0759323, 36.8070727 ] } },
{ "type": "Feature", "properties": { "osm_id": "4020_end" }, "geometry": { "type": "Point", "coordinates": [ 118.0628302, 36.8096998 ] } },
{ "type": "Feature", "properties": { "osm_id": "4021_start" }, "geometry": { "type": "Point", "coordinates": [ 118.062515, 36.8097615 ] } },
{ "type": "Feature", "properties": { "osm_id": "4023_start" }, "geometry": { "type": "Point", "coordinates": [ 118.0547751, 36.8111712 ] } },
{ "type": "Feature", "properties": { "osm_id": "4023_end" }, "geometry": { "type": "Point", "coordinates": [ 118.0563811, 36.8107549 ] } },
{ "type": "Feature", "properties": { "osm_id": "4024_start" }, "geometry": { "type": "Point", "coordinates": [ 118.0621546, 36.8097834 ] } },
{ "type": "Feature", "properties": { "osm_id": "4024_end" }, "geometry": { "type": "Point", "coordinates": [ 118.0566895, 36.8108729 ] } },
{ "type": "Feature", "properties": { "osm_id": "4025_start" }, "geometry": { "type": "Point", "coordinates": [ 118.0309504, 36.8110264 ] } },
{ "type": "Feature", "properties": { "osm_id": "4025_end" }, "geometry": { "type": "Point", "coordinates": [ 118.0269213, 36.8110648 ] } },
{ "type": "Feature", "properties": { "osm_id": "4026_end" }, "geometry": { "type": "Point", "coordinates": [ 118.0212645, 36.81204 ] } },
{ "type": "Feature", "properties": { "osm_id": "4027_start" }, "geometry": { "type": "Point", "coordinates": [ 118.026283, 36.8149596 ] } },
{ "type": "Feature", "properties": { "osm_id": "4028_start" }, "geometry": { "type": "Point", "coordinates": [ 118.0263745, 36.8358213 ] } },
{ "type": "Feature", "properties": { "osm_id": "4029_start" }, "geometry": { "type": "Point", "coordinates": [ 118.0261997, 36.8209756 ] } },
{ "type": "Feature", "properties": { "osm_id": "4030_start" }, "geometry": { "type": "Point", "coordinates": [ 118.0263358, 36.8067353 ] } },
{ "type": "Feature", "properties": { "osm_id": "4031_start" }, "geometry": { "type": "Point", "coordinates": [ 118.026371, 36.8075396 ] } },
{ "type": "Feature", "properties": { "osm_id": "4033_start" }, "geometry": { "type": "Point", "coordinates": [ 118.0255688, 36.8007314 ] } },
{ "type": "Feature", "properties": { "osm_id": "4033_end" }, "geometry": { "type": "Point", "coordinates": [ 118.0257749, 36.8020232 ] } },
{ "type": "Feature", "properties": { "osm_id": "4034_start" }, "geometry": { "type": "Point", "coordinates": [ 118.1072815, 36.8125451 ] } },
{ "type": "Feature", "properties": { "osm_id": "4034_end" }, "geometry": { "type": "Point", "coordinates": [ 118.1063475, 36.8036873 ] } },
{ "type": "Feature", "properties": { "osm_id": "4035_start" }, "geometry": { "type": "Point", "coordinates": [ 118.1218909, 36.8081287 ] } },
{ "type": "Feature", "properties": { "osm_id": "4035_end" }, "geometry": { "type": "Point", "coordinates": [ 118.1205025, 36.8079529 ] } },
{ "type": "Feature", "properties": { "osm_id": "4036_end" }, "geometry": { "type": "Point", "coordinates": [ 118.1080011, 36.8056866 ] } },
{ "type": "Feature", "properties": { "osm_id": "4038_start" }, "geometry": { "type": "Point", "coordinates": [ 118.1198141, 36.8117887 ] } },
{ "type": "Feature", "properties": { "osm_id": "4038_end" }, "geometry": { "type": "Point", "coordinates": [ 118.1191629, 36.811902 ] } },
{ "type": "Feature", "properties": { "osm_id": "4039_start" }, "geometry": { "type": "Point", "coordinates": [ 118.1190599, 36.8072629 ] } },
{ "type": "Feature", "properties": { "osm_id": "4039_end" }, "geometry": { "type": "Point", "coordinates": [ 118.1162077, 36.8083255 ] } },
{ "type": "Feature", "properties": { "osm_id": "4040_start" }, "geometry": { "type": "Point", "coordinates": [ 118.1168407, 36.8074923 ] } },
{ "type": "Feature", "properties": { "osm_id": "4041_start" }, "geometry": { "type": "Point", "coordinates": [ 118.1200464, 36.8102588 ] } },
{ "type": "Feature", "properties": { "osm_id": "4041_end" }, "geometry": { "type": "Point", "coordinates": [ 118.1097679, 36.8061363 ] } },
{ "type": "Feature", "properties": { "osm_id": "4042_start" }, "geometry": { "type": "Point", "coordinates": [ 118.1123469, 36.8088555 ] } },
{ "type": "Feature", "properties": { "osm_id": "4042_end" }, "geometry": { "type": "Point", "coordinates": [ 118.1100548, 36.8067523 ] } },
{ "type": "Feature", "properties": { "osm_id": "4043_start" }, "geometry": { "type": "Point", "coordinates": [ 118.1153201, 36.7944808 ] } },
{ "type": "Feature", "properties": { "osm_id": "4044_start" }, "geometry": { "type": "Point", "coordinates": [ 118.1231871, 36.7919212 ] } },
{ "type": "Feature", "properties": { "osm_id": "4045_end" }, "geometry": { "type": "Point", "coordinates": [ 118.123736, 36.7912249 ] } },
{ "type": "Feature", "properties": { "osm_id": "4047_start" }, "geometry": { "type": "Point", "coordinates": [ 118.1236477, 36.7912827 ] } },
{ "type": "Feature", "properties": { "osm_id": "4047_end" }, "geometry": { "type": "Point", "coordinates": [ 118.1237428, 36.7928376 ] } },
{ "type": "Feature", "properties": { "osm_id": "4048_start" }, "geometry": { "type": "Point", "coordinates": [ 118.1235253, 36.7905014 ] } },
{ "type": "Feature", "properties": { "osm_id": "4050_end" }, "geometry": { "type": "Point", "coordinates": [ 118.1210992, 36.8084804 ] } },
{ "type": "Feature", "properties": { "osm_id": "4055_end" }, "geometry": { "type": "Point", "coordinates": [ 118.0011095, 36.7983453 ] } },
{ "type": "Feature", "properties": { "osm_id": "4056_start" }, "geometry": { "type": "Point", "coordinates": [ 118.0014304, 36.798314 ] } },
{ "type": "Feature", "properties": { "osm_id": "4057_start" }, "geometry": { "type": "Point", "coordinates": [ 117.9997615, 36.7957406 ] } },
{ "type": "Feature", "properties": { "osm_id": "4057_end" }, "geometry": { "type": "Point", "coordinates": [ 117.9929348, 36.7988681 ] } },
{ "type": "Feature", "properties": { "osm_id": "4058_start" }, "geometry": { "type": "Point", "coordinates": [ 118.0002254, 36.7984195 ] } },
{ "type": "Feature", "properties": { "osm_id": "4073_end" }, "geometry": { "type": "Point", "coordinates": [ 118.1006619, 36.7562039 ] } },
{ "type": "Feature", "properties": { "osm_id": "4074_start" }, "geometry": { "type": "Point", "coordinates": [ 118.100676, 36.7563344 ] } },
{ "type": "Feature", "properties": { "osm_id": "4075_end" }, "geometry": { "type": "Point", "coordinates": [ 118.1010087, 36.7561472 ] } },
{ "type": "Feature", "properties": { "osm_id": "4076_start" }, "geometry": { "type": "Point", "coordinates": [ 118.1010352, 36.7562809 ] } },
{ "type": "Feature", "properties": { "osm_id": "4077_end" }, "geometry": { "type": "Point", "coordinates": [ 118.1067915, 36.7552628 ] } },
{ "type": "Feature", "properties": { "osm_id": "4078_start" }, "geometry": { "type": "Point", "coordinates": [ 118.106804, 36.7553912 ] } },
{ "type": "Feature", "properties": { "osm_id": "4079_end" }, "geometry": { "type": "Point", "coordinates": [ 118.1092314, 36.7546899 ] } },
{ "type": "Feature", "properties": { "osm_id": "4080_start" }, "geometry": { "type": "Point", "coordinates": [ 118.1075691, 36.755147 ] } },
{ "type": "Feature", "properties": { "osm_id": "4080_end" }, "geometry": { "type": "Point", "coordinates": [ 118.1353261, 36.7461207 ] } },
{ "type": "Feature", "properties": { "osm_id": "4081_start" }, "geometry": { "type": "Point", "coordinates": [ 118.1354138, 36.74627 ] } },
{ "type": "Feature", "properties": { "osm_id": "4081_end" }, "geometry": { "type": "Point", "coordinates": [ 118.1216089, 36.7509927 ] } },
{ "type": "Feature", "properties": { "osm_id": "4082_start" }, "geometry": { "type": "Point", "coordinates": [ 118.1075893, 36.7552701 ] } },
{ "type": "Feature", "properties": { "osm_id": "4099_start" }, "geometry": { "type": "Point", "coordinates": [ 118.1225292, 36.7545117 ] } },
{ "type": "Feature", "properties": { "osm_id": "4099_end" }, "geometry": { "type": "Point", "coordinates": [ 118.1278961, 36.752653 ] } },
{ "type": "Feature", "properties": { "osm_id": "4103_start" }, "geometry": { "type": "Point", "coordinates": [ 118.1281505, 36.7593051 ] } },
{ "type": "Feature", "properties": { "osm_id": "4103_end" }, "geometry": { "type": "Point", "coordinates": [ 118.1228154, 36.7571129 ] } },
{ "type": "Feature", "properties": { "osm_id": "4129_start" }, "geometry": { "type": "Point", "coordinates": [ 118.0993534, 36.7577599 ] } },
{ "type": "Feature", "properties": { "osm_id": "4133_end" }, "geometry": { "type": "Point", "coordinates": [ 118.1231432, 36.791369 ] } },
{ "type": "Feature", "properties": { "osm_id": "4134_end" }, "geometry": { "type": "Point", "coordinates": [ 118.1232251, 36.7916629 ] } },
{ "type": "Feature", "properties": { "osm_id": "4135_start" }, "geometry": { "type": "Point", "coordinates": [ 118.1237415, 36.7925237 ] } },
{ "type": "Feature", "properties": { "osm_id": "4135_end" }, "geometry": { "type": "Point", "coordinates": [ 118.1350493, 36.7993728 ] } },
{ "type": "Feature", "properties": { "osm_id": "4136_start" }, "geometry": { "type": "Point", "coordinates": [ 118.1326681, 36.7985426 ] } },
{ "type": "Feature", "properties": { "osm_id": "4136_end" }, "geometry": { "type": "Point", "coordinates": [ 118.1220493, 36.8048284 ] } },
{ "type": "Feature", "properties": { "osm_id": "4137_start" }, "geometry": { "type": "Point", "coordinates": [ 118.1225689, 36.8037707 ] } },
{ "type": "Feature", "properties": { "osm_id": "4137_end" }, "geometry": { "type": "Point", "coordinates": [ 118.122264, 36.8047889 ] } },
{ "type": "Feature", "properties": { "osm_id": "4138_start" }, "geometry": { "type": "Point", "coordinates": [ 118.1215648, 36.8055517 ] } },
{ "type": "Feature", "properties": { "osm_id": "4139_start" }, "geometry": { "type": "Point", "coordinates": [ 118.113939, 36.7945064 ] } },
{ "type": "Feature", "properties": { "osm_id": "4139_end" }, "geometry": { "type": "Point", "coordinates": [ 118.1128311, 36.7944805 ] } },
{ "type": "Feature", "properties": { "osm_id": "4140_start" }, "geometry": { "type": "Point", "coordinates": [ 118.1119375, 36.7943292 ] } },
{ "type": "Feature", "properties": { "osm_id": "4140_end" }, "geometry": { "type": "Point", "coordinates": [ 118.1116743, 36.7943863 ] } },
{ "type": "Feature", "properties": { "osm_id": "4141_start" }, "geometry": { "type": "Point", "coordinates": [ 118.1250766, 36.7948238 ] } },
{ "type": "Feature", "properties": { "osm_id": "4141_end" }, "geometry": { "type": "Point", "coordinates": [ 118.125934, 36.7964622 ] } },
{ "type": "Feature", "properties": { "osm_id": "4142_start" }, "geometry": { "type": "Point", "coordinates": [ 118.1259441, 36.7965336 ] } },
{ "type": "Feature", "properties": { "osm_id": "4142_end" }, "geometry": { "type": "Point", "coordinates": [ 118.1259595, 36.7966415 ] } },
{ "type": "Feature", "properties": { "osm_id": "4144_start" }, "geometry": { "type": "Point", "coordinates": [ 118.1251821, 36.7947497 ] } },
{ "type": "Feature", "properties": { "osm_id": "4145_start" }, "geometry": { "type": "Point", "coordinates": [ 118.1252659, 36.7946908 ] } },
{ "type": "Feature", "properties": { "osm_id": "4146_start" }, "geometry": { "type": "Point", "coordinates": [ 118.1214479, 36.7960797 ] } },
{ "type": "Feature", "properties": { "osm_id": "4146_end" }, "geometry": { "type": "Point", "coordinates": [ 118.1207309, 36.7946788 ] } },
{ "type": "Feature", "properties": { "osm_id": "4147_start" }, "geometry": { "type": "Point", "coordinates": [ 118.1206879, 36.7946157 ] } },
{ "type": "Feature", "properties": { "osm_id": "4147_end" }, "geometry": { "type": "Point", "coordinates": [ 118.1206086, 36.794499 ] } },
{ "type": "Feature", "properties": { "osm_id": "4149_start" }, "geometry": { "type": "Point", "coordinates": [ 118.1212635, 36.7962301 ] } },
{ "type": "Feature", "properties": { "osm_id": "4149_end" }, "geometry": { "type": "Point", "coordinates": [ 118.1213849, 36.7961311 ] } },
{ "type": "Feature", "properties": { "osm_id": "4151_start" }, "geometry": { "type": "Point", "coordinates": [ 118.1227678, 36.7959501 ] } },
{ "type": "Feature", "properties": { "osm_id": "4151_end" }, "geometry": { "type": "Point", "coordinates": [ 118.1230435, 36.7959849 ] } },
{ "type": "Feature", "properties": { "osm_id": "4152_start" }, "geometry": { "type": "Point", "coordinates": [ 118.122255, 36.7958757 ] } },
{ "type": "Feature", "properties": { "osm_id": "4152_end" }, "geometry": { "type": "Point", "coordinates": [ 118.1224667, 36.7959016 ] } },
{ "type": "Feature", "properties": { "osm_id": "4154_start" }, "geometry": { "type": "Point", "coordinates": [ 118.1237868, 36.79607 ] } },
{ "type": "Feature", "properties": { "osm_id": "4154_end" }, "geometry": { "type": "Point", "coordinates": [ 118.1241771, 36.7961106 ] } },
{ "type": "Feature", "properties": { "osm_id": "4156_start" }, "geometry": { "type": "Point", "coordinates": [ 118.1244129, 36.7952902 ] } },
{ "type": "Feature", "properties": { "osm_id": "4156_end" }, "geometry": { "type": "Point", "coordinates": [ 118.1241076, 36.7952016 ] } },
{ "type": "Feature", "properties": { "osm_id": "4157_start" }, "geometry": { "type": "Point", "coordinates": [ 118.1227434, 36.7950871 ] } },
{ "type": "Feature", "properties": { "osm_id": "4157_end" }, "geometry": { "type": "Point", "coordinates": [ 118.1224207, 36.7950586 ] } },
{ "type": "Feature", "properties": { "osm_id": "4160_start" }, "geometry": { "type": "Point", "coordinates": [ 118.1235341, 36.791294 ] } },
{ "type": "Feature", "properties": { "osm_id": "4161_end" }, "geometry": { "type": "Point", "coordinates": [ 118.1233428, 36.7914892 ] } },
{ "type": "Feature", "properties": { "osm_id": "4162_start" }, "geometry": { "type": "Point", "coordinates": [ 118.1255862, 36.8417958 ] } },
{ "type": "Feature", "properties": { "osm_id": "4163_end" }, "geometry": { "type": "Point", "coordinates": [ 118.1157651, 36.8379787 ] } },
{ "type": "Feature", "properties": { "osm_id": "4164_start" }, "geometry": { "type": "Point", "coordinates": [ 118.1214079, 36.8467381 ] } },
{ "type": "Feature", "properties": { "osm_id": "4165_start" }, "geometry": { "type": "Point", "coordinates": [ 118.1288028, 36.8462686 ] } },
{ "type": "Feature", "properties": { "osm_id": "4165_end" }, "geometry": { "type": "Point", "coordinates": [ 118.1214256, 36.8468118 ] } },
{ "type": "Feature", "properties": { "osm_id": "4167_start" }, "geometry": { "type": "Point", "coordinates": [ 118.1269125, 36.8574863 ] } },
{ "type": "Feature", "properties": { "osm_id": "4168_start" }, "geometry": { "type": "Point", "coordinates": [ 118.1454295, 36.8456721 ] } },
{ "type": "Feature", "properties": { "osm_id": "4168_end" }, "geometry": { "type": "Point", "coordinates": [ 118.1455515, 36.8459735 ] } },
{ "type": "Feature", "properties": { "osm_id": "4169_end" }, "geometry": { "type": "Point", "coordinates": [ 118.1141964, 36.795798 ] } },
{ "type": "Feature", "properties": { "osm_id": "4176_start" }, "geometry": { "type": "Point", "coordinates": [ 118.11442, 36.8045673 ] } },
{ "type": "Feature", "properties": { "osm_id": "4176_end" }, "geometry": { "type": "Point", "coordinates": [ 118.1149842, 36.8034442 ] } },
{ "type": "Feature", "properties": { "osm_id": "4178_start" }, "geometry": { "type": "Point", "coordinates": [ 118.0749337, 36.8123317 ] } },
{ "type": "Feature", "properties": { "osm_id": "4178_end" }, "geometry": { "type": "Point", "coordinates": [ 118.0743362, 36.8118272 ] } },
{ "type": "Feature", "properties": { "osm_id": "4182_start" }, "geometry": { "type": "Point", "coordinates": [ 118.0663472, 36.8427752 ] } },
{ "type": "Feature", "properties": { "osm_id": "4185_end" }, "geometry": { "type": "Point", "coordinates": [ 118.0723902, 36.8438725 ] } },
{ "type": "Feature", "properties": { "osm_id": "4186_start" }, "geometry": { "type": "Point", "coordinates": [ 118.0723578, 36.8437542 ] } },
{ "type": "Feature", "properties": { "osm_id": "4186_end" }, "geometry": { "type": "Point", "coordinates": [ 118.0827777, 36.8426501 ] } },
{ "type": "Feature", "properties": { "osm_id": "4208_start" }, "geometry": { "type": "Point", "coordinates": [ 118.0705047, 36.7452172 ] } },
{ "type": "Feature", "properties": { "osm_id": "4216_end" }, "geometry": { "type": "Point", "coordinates": [ 118.047796, 36.7690699 ] } },
{ "type": "Feature", "properties": { "osm_id": "4220_start" }, "geometry": { "type": "Point", "coordinates": [ 118.0302426, 36.842062 ] } },
{ "type": "Feature", "properties": { "osm_id": "4220_end" }, "geometry": { "type": "Point", "coordinates": [ 118.0302372, 36.8421515 ] } },
{ "type": "Feature", "properties": { "osm_id": "4221_start" }, "geometry": { "type": "Point", "coordinates": [ 118.0302521, 36.8420918 ] } },
{ "type": "Feature", "properties": { "osm_id": "4222_start" }, "geometry": { "type": "Point", "coordinates": [ 118.0263742, 36.8339683 ] } },
{ "type": "Feature", "properties": { "osm_id": "4222_end" }, "geometry": { "type": "Point", "coordinates": [ 118.0310696, 36.8337697 ] } },
{ "type": "Feature", "properties": { "osm_id": "4223_start" }, "geometry": { "type": "Point", "coordinates": [ 118.0380819, 36.8297344 ] } },
{ "type": "Feature", "properties": { "osm_id": "4223_end" }, "geometry": { "type": "Point", "coordinates": [ 118.0385701, 36.8297427 ] } },
{ "type": "Feature", "properties": { "osm_id": "4224_start" }, "geometry": { "type": "Point", "coordinates": [ 117.9812087, 36.8324924 ] } },
{ "type": "Feature", "properties": { "osm_id": "4224_end" }, "geometry": { "type": "Point", "coordinates": [ 117.983719, 36.8316163 ] } },
{ "type": "Feature", "properties": { "osm_id": "4225_start" }, "geometry": { "type": "Point", "coordinates": [ 117.982369, 36.830542 ] } },
{ "type": "Feature", "properties": { "osm_id": "4225_end" }, "geometry": { "type": "Point", "coordinates": [ 117.9824999, 36.8324092 ] } },
{ "type": "Feature", "properties": { "osm_id": "4226_start" }, "geometry": { "type": "Point", "coordinates": [ 117.9835821, 36.832322 ] } },
{ "type": "Feature", "properties": { "osm_id": "4226_end" }, "geometry": { "type": "Point", "coordinates": [ 117.9804181, 36.8325167 ] } },
{ "type": "Feature", "properties": { "osm_id": "4227_start" }, "geometry": { "type": "Point", "coordinates": [ 117.982365, 36.8324179 ] } },
{ "type": "Feature", "properties": { "osm_id": "4227_end" }, "geometry": { "type": "Point", "coordinates": [ 117.9822409, 36.830549 ] } },
{ "type": "Feature", "properties": { "osm_id": "4228_start" }, "geometry": { "type": "Point", "coordinates": [ 117.9827721, 36.8323872 ] } },
{ "type": "Feature", "properties": { "osm_id": "4228_end" }, "geometry": { "type": "Point", "coordinates": [ 117.9822686, 36.8324241 ] } },
{ "type": "Feature", "properties": { "osm_id": "4229_start" }, "geometry": { "type": "Point", "coordinates": [ 117.9826393, 36.8327505 ] } },
{ "type": "Feature", "properties": { "osm_id": "4229_end" }, "geometry": { "type": "Point", "coordinates": [ 117.9828762, 36.8351963 ] } },
{ "type": "Feature", "properties": { "osm_id": "4233_start" }, "geometry": { "type": "Point", "coordinates": [ 118.0450328, 36.7608219 ] } },
{ "type": "Feature", "properties": { "osm_id": "4233_end" }, "geometry": { "type": "Point", "coordinates": [ 118.0460931, 36.7605799 ] } },
{ "type": "Feature", "properties": { "osm_id": "4235_start" }, "geometry": { "type": "Point", "coordinates": [ 118.0309846, 36.8175247 ] } },
{ "type": "Feature", "properties": { "osm_id": "4235_end" }, "geometry": { "type": "Point", "coordinates": [ 118.0261785, 36.8172143 ] } },
{ "type": "Feature", "properties": { "osm_id": "4237_start" }, "geometry": { "type": "Point", "coordinates": [ 118.055895, 36.8085368 ] } },
{ "type": "Feature", "properties": { "osm_id": "4237_end" }, "geometry": { "type": "Point", "coordinates": [ 118.0623008, 36.8074123 ] } },
{ "type": "Feature", "properties": { "osm_id": "4238_end" }, "geometry": { "type": "Point", "coordinates": [ 118.0538051, 36.8007168 ] } },
{ "type": "Feature", "properties": { "osm_id": "4240_end" }, "geometry": { "type": "Point", "coordinates": [ 118.0532625, 36.799499 ] } },
{ "type": "Feature", "properties": { "osm_id": "4241_start" }, "geometry": { "type": "Point", "coordinates": [ 118.0407752, 36.7927198 ] } },
{ "type": "Feature", "properties": { "osm_id": "4241_end" }, "geometry": { "type": "Point", "coordinates": [ 118.0410484, 36.7937223 ] } },
{ "type": "Feature", "properties": { "osm_id": "4245_start" }, "geometry": { "type": "Point", "coordinates": [ 118.0283651, 36.7919436 ] } },
{ "type": "Feature", "properties": { "osm_id": "4245_end" }, "geometry": { "type": "Point", "coordinates": [ 118.0292258, 36.7960166 ] } },
{ "type": "Feature", "properties": { "osm_id": "4246_start" }, "geometry": { "type": "Point", "coordinates": [ 118.0290947, 36.7960356 ] } },
{ "type": "Feature", "properties": { "osm_id": "4246_end" }, "geometry": { "type": "Point", "coordinates": [ 118.0282513, 36.791967 ] } },
{ "type": "Feature", "properties": { "osm_id": "4248_end" }, "geometry": { "type": "Point", "coordinates": [ 118.0293404, 36.7965694 ] } },
{ "type": "Feature", "properties": { "osm_id": "4249_start" }, "geometry": { "type": "Point", "coordinates": [ 118.0778877, 36.7607803 ] } },
{ "type": "Feature", "properties": { "osm_id": "4250_start" }, "geometry": { "type": "Point", "coordinates": [ 118.0781075, 36.762475 ] } },
{ "type": "Feature", "properties": { "osm_id": "4250_end" }, "geometry": { "type": "Point", "coordinates": [ 118.077912, 36.761192 ] } },
{ "type": "Feature", "properties": { "osm_id": "4251_end" }, "geometry": { "type": "Point", "coordinates": [ 118.0380941, 36.7540323 ] } },
{ "type": "Feature", "properties": { "osm_id": "4252_start" }, "geometry": { "type": "Point", "coordinates": [ 118.0384752, 36.754197 ] } },
{ "type": "Feature", "properties": { "osm_id": "4252_end" }, "geometry": { "type": "Point", "coordinates": [ 118.0385864, 36.7542195 ] } },
{ "type": "Feature", "properties": { "osm_id": "4253_start" }, "geometry": { "type": "Point", "coordinates": [ 118.0377384, 36.7542888 ] } },
{ "type": "Feature", "properties": { "osm_id": "4253_end" }, "geometry": { "type": "Point", "coordinates": [ 118.0376465, 36.754019 ] } },
{ "type": "Feature", "properties": { "osm_id": "4254_start" }, "geometry": { "type": "Point", "coordinates": [ 118.0422267, 36.7568552 ] } },
{ "type": "Feature", "properties": { "osm_id": "4254_end" }, "geometry": { "type": "Point", "coordinates": [ 118.0428284, 36.7565195 ] } },
{ "type": "Feature", "properties": { "osm_id": "4256_start" }, "geometry": { "type": "Point", "coordinates": [ 118.0528807, 36.7420368 ] } },
{ "type": "Feature", "properties": { "osm_id": "4256_end" }, "geometry": { "type": "Point", "coordinates": [ 118.053022, 36.7420224 ] } },
{ "type": "Feature", "properties": { "osm_id": "4257_start" }, "geometry": { "type": "Point", "coordinates": [ 118.0577955, 36.7415358 ] } },
{ "type": "Feature", "properties": { "osm_id": "4257_end" }, "geometry": { "type": "Point", "coordinates": [ 118.0570632, 36.7350454 ] } },
{ "type": "Feature", "properties": { "osm_id": "4258_start" }, "geometry": { "type": "Point", "coordinates": [ 118.089295, 36.750635 ] } },
{ "type": "Feature", "properties": { "osm_id": "4258_end" }, "geometry": { "type": "Point", "coordinates": [ 118.089543, 36.7500295 ] } },
{ "type": "Feature", "properties": { "osm_id": "4259_end" }, "geometry": { "type": "Point", "coordinates": [ 117.9051282, 36.7936556 ] } },
{ "type": "Feature", "properties": { "osm_id": "4261_start" }, "geometry": { "type": "Point", "coordinates": [ 117.9042146, 36.7621157 ] } },
{ "type": "Feature", "properties": { "osm_id": "4261_end" }, "geometry": { "type": "Point", "coordinates": [ 117.9038323, 36.7620379 ] } },
{ "type": "Feature", "properties": { "osm_id": "4262_start" }, "geometry": { "type": "Point", "coordinates": [ 117.9041858, 36.7602671 ] } },
{ "type": "Feature", "properties": { "osm_id": "4262_end" }, "geometry": { "type": "Point", "coordinates": [ 117.9046006, 36.760331 ] } },
{ "type": "Feature", "properties": { "osm_id": "4281_start" }, "geometry": { "type": "Point", "coordinates": [ 118.0532819, 36.7828885 ] } },
{ "type": "Feature", "properties": { "osm_id": "4281_end" }, "geometry": { "type": "Point", "coordinates": [ 118.0533134, 36.7830015 ] } },
{ "type": "Feature", "properties": { "osm_id": "4289_start" }, "geometry": { "type": "Point", "coordinates": [ 118.0804522, 36.7889244 ] } },
{ "type": "Feature", "properties": { "osm_id": "4293_start" }, "geometry": { "type": "Point", "coordinates": [ 118.0595348, 36.7955544 ] } },
{ "type": "Feature", "properties": { "osm_id": "4293_end" }, "geometry": { "type": "Point", "coordinates": [ 118.058867, 36.7917474 ] } },
{ "type": "Feature", "properties": { "osm_id": "4297_end" }, "geometry": { "type": "Point", "coordinates": [ 118.067378, 36.8074257 ] } },
{ "type": "Feature", "properties": { "osm_id": "4299_start" }, "geometry": { "type": "Point", "coordinates": [ 118.0817249, 36.8067881 ] } },
{ "type": "Feature", "properties": { "osm_id": "4300_start" }, "geometry": { "type": "Point", "coordinates": [ 118.0862606, 36.8063428 ] } },
{ "type": "Feature", "properties": { "osm_id": "4300_end" }, "geometry": { "type": "Point", "coordinates": [ 118.082064, 36.7953152 ] } },
{ "type": "Feature", "properties": { "osm_id": "4301_start" }, "geometry": { "type": "Point", "coordinates": [ 118.0213916, 36.8138704 ] } },
{ "type": "Feature", "properties": { "osm_id": "4301_end" }, "geometry": { "type": "Point", "coordinates": [ 118.0214426, 36.8146586 ] } },
{ "type": "Feature", "properties": { "osm_id": "4303_start" }, "geometry": { "type": "Point", "coordinates": [ 117.8750704, 36.793729 ] } },
{ "type": "Feature", "properties": { "osm_id": "4303_end" }, "geometry": { "type": "Point", "coordinates": [ 117.8750691, 36.793613 ] } },
{ "type": "Feature", "properties": { "osm_id": "4304_end" }, "geometry": { "type": "Point", "coordinates": [ 117.8749859, 36.7919054 ] } },
{ "type": "Feature", "properties": { "osm_id": "4305_start" }, "geometry": { "type": "Point", "coordinates": [ 117.8750959, 36.7978126 ] } },
{ "type": "Feature", "properties": { "osm_id": "4307_start" }, "geometry": { "type": "Point", "coordinates": [ 118.1086044, 36.7956532 ] } },
{ "type": "Feature", "properties": { "osm_id": "4308_start" }, "geometry": { "type": "Point", "coordinates": [ 118.1120229, 36.7976028 ] } },
{ "type": "Feature", "properties": { "osm_id": "4308_end" }, "geometry": { "type": "Point", "coordinates": [ 118.1122509, 36.7964235 ] } },
{ "type": "Feature", "properties": { "osm_id": "4309_start" }, "geometry": { "type": "Point", "coordinates": [ 118.1124092, 36.7987295 ] } },
{ "type": "Feature", "properties": { "osm_id": "4309_end" }, "geometry": { "type": "Point", "coordinates": [ 118.1129714, 36.7987006 ] } },
{ "type": "Feature", "properties": { "osm_id": "4310_start" }, "geometry": { "type": "Point", "coordinates": [ 118.1121857, 36.818284 ] } },
{ "type": "Feature", "properties": { "osm_id": "4310_end" }, "geometry": { "type": "Point", "coordinates": [ 118.1123467, 36.8198515 ] } },
{ "type": "Feature", "properties": { "osm_id": "4311_end" }, "geometry": { "type": "Point", "coordinates": [ 118.1077838, 36.8198639 ] } },
{ "type": "Feature", "properties": { "osm_id": "4312_end" }, "geometry": { "type": "Point", "coordinates": [ 118.1162874, 36.8189146 ] } },
{ "type": "Feature", "properties": { "osm_id": "4313_start" }, "geometry": { "type": "Point", "coordinates": [ 118.1120712, 36.8194531 ] } },
{ "type": "Feature", "properties": { "osm_id": "4313_end" }, "geometry": { "type": "Point", "coordinates": [ 118.1122421, 36.8198837 ] } },
{ "type": "Feature", "properties": { "osm_id": "4314_start" }, "geometry": { "type": "Point", "coordinates": [ 118.1125355, 36.8192981 ] } },
{ "type": "Feature", "properties": { "osm_id": "4314_end" }, "geometry": { "type": "Point", "coordinates": [ 118.1125743, 36.8188159 ] } },
{ "type": "Feature", "properties": { "osm_id": "4315_end" }, "geometry": { "type": "Point", "coordinates": [ 118.1123172, 36.819757 ] } },
{ "type": "Feature", "properties": { "osm_id": "4316_end" }, "geometry": { "type": "Point", "coordinates": [ 118.1121714, 36.8189131 ] } },
{ "type": "Feature", "properties": { "osm_id": "4321_start" }, "geometry": { "type": "Point", "coordinates": [ 118.0852741, 36.8212039 ] } },
{ "type": "Feature", "properties": { "osm_id": "4322_start" }, "geometry": { "type": "Point", "coordinates": [ 118.0790527, 36.8164833 ] } },
{ "type": "Feature", "properties": { "osm_id": "4329_end" }, "geometry": { "type": "Point", "coordinates": [ 118.077682, 36.8126663 ] } },
{ "type": "Feature", "properties": { "osm_id": "4334_start" }, "geometry": { "type": "Point", "coordinates": [ 118.0749172, 36.8070456 ] } },
{ "type": "Feature", "properties": { "osm_id": "4334_end" }, "geometry": { "type": "Point", "coordinates": [ 118.0751259, 36.8069213 ] } },
{ "type": "Feature", "properties": { "osm_id": "4335_start" }, "geometry": { "type": "Point", "coordinates": [ 118.0739025, 36.8073257 ] } },
{ "type": "Feature", "properties": { "osm_id": "4335_end" }, "geometry": { "type": "Point", "coordinates": [ 118.0728243, 36.8019703 ] } },
{ "type": "Feature", "properties": { "osm_id": "4337_start" }, "geometry": { "type": "Point", "coordinates": [ 118.0647658, 36.6928914 ] } },
{ "type": "Feature", "properties": { "osm_id": "4337_end" }, "geometry": { "type": "Point", "coordinates": [ 118.0645705, 36.6927583 ] } },
{ "type": "Feature", "properties": { "osm_id": "4338_start" }, "geometry": { "type": "Point", "coordinates": [ 118.06605, 36.7208823 ] } },
{ "type": "Feature", "properties": { "osm_id": "4338_end" }, "geometry": { "type": "Point", "coordinates": [ 118.0638477, 36.6994347 ] } },
{ "type": "Feature", "properties": { "osm_id": "4339_start" }, "geometry": { "type": "Point", "coordinates": [ 118.0639702, 36.6994152 ] } },
{ "type": "Feature", "properties": { "osm_id": "4339_end" }, "geometry": { "type": "Point", "coordinates": [ 118.0662249, 36.7208696 ] } },
{ "type": "Feature", "properties": { "osm_id": "4340_end" }, "geometry": { "type": "Point", "coordinates": [ 118.0651447, 36.6921848 ] } },
{ "type": "Feature", "properties": { "osm_id": "4353_start" }, "geometry": { "type": "Point", "coordinates": [ 118.0500243, 36.7862698 ] } },
{ "type": "Feature", "properties": { "osm_id": "4353_end" }, "geometry": { "type": "Point", "coordinates": [ 118.0501025, 36.7864202 ] } },
{ "type": "Feature", "properties": { "osm_id": "4354_start" }, "geometry": { "type": "Point", "coordinates": [ 118.0506779, 36.7863222 ] } },
{ "type": "Feature", "properties": { "osm_id": "4354_end" }, "geometry": { "type": "Point", "coordinates": [ 118.0511248, 36.7861809 ] } },
{ "type": "Feature", "properties": { "osm_id": "4355_start" }, "geometry": { "type": "Point", "coordinates": [ 118.0516564, 36.7866024 ] } },
{ "type": "Feature", "properties": { "osm_id": "4356_start" }, "geometry": { "type": "Point", "coordinates": [ 118.0512322, 36.7875341 ] } },
{ "type": "Feature", "properties": { "osm_id": "4356_end" }, "geometry": { "type": "Point", "coordinates": [ 118.0507793, 36.7877215 ] } },
{ "type": "Feature", "properties": { "osm_id": "4357_start" }, "geometry": { "type": "Point", "coordinates": [ 118.0507632, 36.7876957 ] } },
{ "type": "Feature", "properties": { "osm_id": "4357_end" }, "geometry": { "type": "Point", "coordinates": [ 118.0509937, 36.7876163 ] } },
{ "type": "Feature", "properties": { "osm_id": "4358_start" }, "geometry": { "type": "Point", "coordinates": [ 117.9940813, 36.8148442 ] } },
{ "type": "Feature", "properties": { "osm_id": "4359_start" }, "geometry": { "type": "Point", "coordinates": [ 117.9942637, 36.8148335 ] } },
{ "type": "Feature", "properties": { "osm_id": "4360_start" }, "geometry": { "type": "Point", "coordinates": [ 117.9954602, 36.8143239 ] } },
{ "type": "Feature", "properties": { "osm_id": "4360_end" }, "geometry": { "type": "Point", "coordinates": [ 117.995339, 36.8143423 ] } },
{ "type": "Feature", "properties": { "osm_id": "4361_start" }, "geometry": { "type": "Point", "coordinates": [ 117.9910476, 36.8094106 ] } },
{ "type": "Feature", "properties": { "osm_id": "4361_end" }, "geometry": { "type": "Point", "coordinates": [ 117.9901438, 36.8093964 ] } },
{ "type": "Feature", "properties": { "osm_id": "4363_end" }, "geometry": { "type": "Point", "coordinates": [ 117.9910888, 36.8093231 ] } },
{ "type": "Feature", "properties": { "osm_id": "4365_start" }, "geometry": { "type": "Point", "coordinates": [ 117.9911653, 36.8093702 ] } },
{ "type": "Feature", "properties": { "osm_id": "4365_end" }, "geometry": { "type": "Point", "coordinates": [ 117.9914339, 36.8093507 ] } },
{ "type": "Feature", "properties": { "osm_id": "4367_start" }, "geometry": { "type": "Point", "coordinates": [ 117.9940637, 36.8080443 ] } },
{ "type": "Feature", "properties": { "osm_id": "4367_end" }, "geometry": { "type": "Point", "coordinates": [ 117.9940465, 36.8083055 ] } },
{ "type": "Feature", "properties": { "osm_id": "4369_start" }, "geometry": { "type": "Point", "coordinates": [ 117.9959314, 36.8064635 ] } },
{ "type": "Feature", "properties": { "osm_id": "4369_end" }, "geometry": { "type": "Point", "coordinates": [ 117.9960367, 36.8064522 ] } },
{ "type": "Feature", "properties": { "osm_id": "4370_end" }, "geometry": { "type": "Point", "coordinates": [ 118.0330679, 36.7661589 ] } },
{ "type": "Feature", "properties": { "osm_id": "4371_start" }, "geometry": { "type": "Point", "coordinates": [ 118.035363, 36.7669547 ] } },
{ "type": "Feature", "properties": { "osm_id": "4371_end" }, "geometry": { "type": "Point", "coordinates": [ 118.0354462, 36.7668715 ] } },
{ "type": "Feature", "properties": { "osm_id": "4374_end" }, "geometry": { "type": "Point", "coordinates": [ 118.0331799, 36.7661408 ] } },
{ "type": "Feature", "properties": { "osm_id": "4375_start" }, "geometry": { "type": "Point", "coordinates": [ 118.0323037, 36.7654054 ] } },
{ "type": "Feature", "properties": { "osm_id": "4375_end" }, "geometry": { "type": "Point", "coordinates": [ 118.0328199, 36.7652536 ] } },
{ "type": "Feature", "properties": { "osm_id": "4376_start" }, "geometry": { "type": "Point", "coordinates": [ 117.9920023, 36.7596495 ] } },
{ "type": "Feature", "properties": { "osm_id": "4376_end" }, "geometry": { "type": "Point", "coordinates": [ 117.9922971, 36.7618279 ] } },
{ "type": "Feature", "properties": { "osm_id": "4378_start" }, "geometry": { "type": "Point", "coordinates": [ 118.0962678, 36.7568112 ] } },
{ "type": "Feature", "properties": { "osm_id": "4378_end" }, "geometry": { "type": "Point", "coordinates": [ 118.0964171, 36.756168 ] } },
{ "type": "Feature", "properties": { "osm_id": "4379_start" }, "geometry": { "type": "Point", "coordinates": [ 118.0986042, 36.7566414 ] } },
{ "type": "Feature", "properties": { "osm_id": "4379_end" }, "geometry": { "type": "Point", "coordinates": [ 118.0983998, 36.7572799 ] } },
{ "type": "Feature", "properties": { "osm_id": "4380_end" }, "geometry": { "type": "Point", "coordinates": [ 118.0754704, 36.8128161 ] } },
{ "type": "Feature", "properties": { "osm_id": "4381_start" }, "geometry": { "type": "Point", "coordinates": [ 118.1074696, 36.8074329 ] } },
{ "type": "Feature", "properties": { "osm_id": "4381_end" }, "geometry": { "type": "Point", "coordinates": [ 118.1065211, 36.8076652 ] } },
{ "type": "Feature", "properties": { "osm_id": "4382_start" }, "geometry": { "type": "Point", "coordinates": [ 118.1078492, 36.8072735 ] } },
{ "type": "Feature", "properties": { "osm_id": "4385_start" }, "geometry": { "type": "Point", "coordinates": [ 118.0301913, 36.7792503 ] } },
{ "type": "Feature", "properties": { "osm_id": "4385_end" }, "geometry": { "type": "Point", "coordinates": [ 118.0329458, 36.7789899 ] } },
{ "type": "Feature", "properties": { "osm_id": "4386_start" }, "geometry": { "type": "Point", "coordinates": [ 118.1146381, 36.8421822 ] } },
{ "type": "Feature", "properties": { "osm_id": "4386_end" }, "geometry": { "type": "Point", "coordinates": [ 118.1145911, 36.841845 ] } },
{ "type": "Feature", "properties": { "osm_id": "4387_start" }, "geometry": { "type": "Point", "coordinates": [ 118.1152116, 36.8417912 ] } },
{ "type": "Feature", "properties": { "osm_id": "4387_end" }, "geometry": { "type": "Point", "coordinates": [ 118.1152588, 36.8421097 ] } },
{ "type": "Feature", "properties": { "osm_id": "4389_start" }, "geometry": { "type": "Point", "coordinates": [ 118.0018465, 36.8017696 ] } },
{ "type": "Feature", "properties": { "osm_id": "4389_end" }, "geometry": { "type": "Point", "coordinates": [ 118.0010714, 36.8018446 ] } },
{ "type": "Feature", "properties": { "osm_id": "4390_end" }, "geometry": { "type": "Point", "coordinates": [ 118.0937251, 36.7924741 ] } },
{ "type": "Feature", "properties": { "osm_id": "4391_start" }, "geometry": { "type": "Point", "coordinates": [ 118.0948285, 36.7923698 ] } },
{ "type": "Feature", "properties": { "osm_id": "4392_end" }, "geometry": { "type": "Point", "coordinates": [ 118.0942645, 36.7922525 ] } },
{ "type": "Feature", "properties": { "osm_id": "4393_start" }, "geometry": { "type": "Point", "coordinates": [ 118.0946389, 36.7923867 ] } },
{ "type": "Feature", "properties": { "osm_id": "4393_end" }, "geometry": { "type": "Point", "coordinates": [ 118.0946275, 36.7922165 ] } },
{ "type": "Feature", "properties": { "osm_id": "4394_start" }, "geometry": { "type": "Point", "coordinates": [ 118.0969262, 36.7923422 ] } },
{ "type": "Feature", "properties": { "osm_id": "4394_end" }, "geometry": { "type": "Point", "coordinates": [ 118.0969373, 36.7921743 ] } },
{ "type": "Feature", "properties": { "osm_id": "4401_start" }, "geometry": { "type": "Point", "coordinates": [ 118.1115861, 36.7947321 ] } },
{ "type": "Feature", "properties": { "osm_id": "4401_end" }, "geometry": { "type": "Point", "coordinates": [ 118.111476, 36.7947131 ] } },
{ "type": "Feature", "properties": { "osm_id": "4404_start" }, "geometry": { "type": "Point", "coordinates": [ 118.106064, 36.7934921 ] } },
{ "type": "Feature", "properties": { "osm_id": "4404_end" }, "geometry": { "type": "Point", "coordinates": [ 118.1060812, 36.7933449 ] } },
{ "type": "Feature", "properties": { "osm_id": "4405_start" }, "geometry": { "type": "Point", "coordinates": [ 118.1054821, 36.7934164 ] } },
{ "type": "Feature", "properties": { "osm_id": "4405_end" }, "geometry": { "type": "Point", "coordinates": [ 118.1055023, 36.7932619 ] } },
{ "type": "Feature", "properties": { "osm_id": "4406_start" }, "geometry": { "type": "Point", "coordinates": [ 118.10585, 36.7930554 ] } },
{ "type": "Feature", "properties": { "osm_id": "4406_end" }, "geometry": { "type": "Point", "coordinates": [ 118.1057383, 36.7930399 ] } },
{ "type": "Feature", "properties": { "osm_id": "4407_start" }, "geometry": { "type": "Point", "coordinates": [ 118.1054088, 36.7932499 ] } },
{ "type": "Feature", "properties": { "osm_id": "4407_end" }, "geometry": { "type": "Point", "coordinates": [ 118.1057342, 36.7929831 ] } },
{ "type": "Feature", "properties": { "osm_id": "4408_start" }, "geometry": { "type": "Point", "coordinates": [ 118.1058473, 36.7929962 ] } },
{ "type": "Feature", "properties": { "osm_id": "4408_end" }, "geometry": { "type": "Point", "coordinates": [ 118.1062154, 36.7933618 ] } },
{ "type": "Feature", "properties": { "osm_id": "4409_start" }, "geometry": { "type": "Point", "coordinates": [ 118.0968431, 36.7923381 ] } },
{ "type": "Feature", "properties": { "osm_id": "4409_end" }, "geometry": { "type": "Point", "coordinates": [ 118.096853, 36.7921707 ] } },
{ "type": "Feature", "properties": { "osm_id": "4410_start" }, "geometry": { "type": "Point", "coordinates": [ 118.0970165, 36.7921827 ] } },
{ "type": "Feature", "properties": { "osm_id": "4410_end" }, "geometry": { "type": "Point", "coordinates": [ 118.0970003, 36.7923494 ] } },
{ "type": "Feature", "properties": { "osm_id": "4411_start" }, "geometry": { "type": "Point", "coordinates": [ 118.1104687, 36.7939037 ] } },
{ "type": "Feature", "properties": { "osm_id": "4411_end" }, "geometry": { "type": "Point", "coordinates": [ 118.1104393, 36.7940529 ] } },
{ "type": "Feature", "properties": { "osm_id": "4425_start" }, "geometry": { "type": "Point", "coordinates": [ 118.108776, 36.7951673 ] } },
{ "type": "Feature", "properties": { "osm_id": "4425_end" }, "geometry": { "type": "Point", "coordinates": [ 118.1086143, 36.7951678 ] } },
{ "type": "Feature", "properties": { "osm_id": "4427_end" }, "geometry": { "type": "Point", "coordinates": [ 118.1180584, 36.7989885 ] } },
{ "type": "Feature", "properties": { "osm_id": "4428_start" }, "geometry": { "type": "Point", "coordinates": [ 118.1182736, 36.7990725 ] } },
{ "type": "Feature", "properties": { "osm_id": "4430_end" }, "geometry": { "type": "Point", "coordinates": [ 118.0660428, 36.8417775 ] } },
{ "type": "Feature", "properties": { "osm_id": "4431_start" }, "geometry": { "type": "Point", "coordinates": [ 118.0660653, 36.8418615 ] } },
{ "type": "Feature", "properties": { "osm_id": "4433_end" }, "geometry": { "type": "Point", "coordinates": [ 118.0661811, 36.8417686 ] } },
{ "type": "Feature", "properties": { "osm_id": "4438_end" }, "geometry": { "type": "Point", "coordinates": [ 118.0671876, 36.8417168 ] } },
{ "type": "Feature", "properties": { "osm_id": "4442_start" }, "geometry": { "type": "Point", "coordinates": [ 118.0199337, 36.7947763 ] } },
{ "type": "Feature", "properties": { "osm_id": "4442_end" }, "geometry": { "type": "Point", "coordinates": [ 118.020064, 36.797337 ] } },
{ "type": "Feature", "properties": { "osm_id": "4443_end" }, "geometry": { "type": "Point", "coordinates": [ 118.1179553, 36.7000199 ] } },
{ "type": "Feature", "properties": { "osm_id": "4444_end" }, "geometry": { "type": "Point", "coordinates": [ 118.1168844, 36.6999562 ] } },
{ "type": "Feature", "properties": { "osm_id": "4445_start" }, "geometry": { "type": "Point", "coordinates": [ 118.118012, 36.6998313 ] } },
{ "type": "Feature", "properties": { "osm_id": "4446_start" }, "geometry": { "type": "Point", "coordinates": [ 118.116895, 36.6997525 ] } },
{ "type": "Feature", "properties": { "osm_id": "4447_start" }, "geometry": { "type": "Point", "coordinates": [ 118.1129434, 36.7287851 ] } },
{ "type": "Feature", "properties": { "osm_id": "4447_end" }, "geometry": { "type": "Point", "coordinates": [ 118.1156672, 36.7052416 ] } },
{ "type": "Feature", "properties": { "osm_id": "4448_start" }, "geometry": { "type": "Point", "coordinates": [ 118.1153227, 36.6996538 ] } },
{ "type": "Feature", "properties": { "osm_id": "4448_end" }, "geometry": { "type": "Point", "coordinates": [ 118.1171695, 36.6994955 ] } },
{ "type": "Feature", "properties": { "osm_id": "4453_start" }, "geometry": { "type": "Point", "coordinates": [ 117.9644318, 36.7425668 ] } },
{ "type": "Feature", "properties": { "osm_id": "4453_end" }, "geometry": { "type": "Point", "coordinates": [ 117.9521352, 36.7462921 ] } },
{ "type": "Feature", "properties": { "osm_id": "4454_start" }, "geometry": { "type": "Point", "coordinates": [ 117.952411, 36.7395183 ] } },
{ "type": "Feature", "properties": { "osm_id": "4454_end" }, "geometry": { "type": "Point", "coordinates": [ 117.9588713, 36.7437256 ] } },
{ "type": "Feature", "properties": { "osm_id": "4455_start" }, "geometry": { "type": "Point", "coordinates": [ 117.9572091, 36.7353283 ] } },
{ "type": "Feature", "properties": { "osm_id": "4455_end" }, "geometry": { "type": "Point", "coordinates": [ 117.9566064, 36.732452 ] } },
{ "type": "Feature", "properties": { "osm_id": "4456_start" }, "geometry": { "type": "Point", "coordinates": [ 117.9614045, 36.729467 ] } },
{ "type": "Feature", "properties": { "osm_id": "4456_end" }, "geometry": { "type": "Point", "coordinates": [ 117.951301, 36.7311704 ] } },
{ "type": "Feature", "properties": { "osm_id": "4457_start" }, "geometry": { "type": "Point", "coordinates": [ 117.9681332, 36.7280804 ] } },
{ "type": "Feature", "properties": { "osm_id": "4457_end" }, "geometry": { "type": "Point", "coordinates": [ 117.9613184, 36.728497 ] } },
{ "type": "Feature", "properties": { "osm_id": "4458_start" }, "geometry": { "type": "Point", "coordinates": [ 117.973588, 36.7357853 ] } },
{ "type": "Feature", "properties": { "osm_id": "4458_end" }, "geometry": { "type": "Point", "coordinates": [ 117.9690569, 36.7360615 ] } },
{ "type": "Feature", "properties": { "osm_id": "4459_start" }, "geometry": { "type": "Point", "coordinates": [ 117.9644602, 36.7517026 ] } },
{ "type": "Feature", "properties": { "osm_id": "4459_end" }, "geometry": { "type": "Point", "coordinates": [ 117.963613, 36.7479528 ] } },
{ "type": "Feature", "properties": { "osm_id": "4460_start" }, "geometry": { "type": "Point", "coordinates": [ 117.962721, 36.7552913 ] } },
{ "type": "Feature", "properties": { "osm_id": "4460_end" }, "geometry": { "type": "Point", "coordinates": [ 117.9633133, 36.7550068 ] } },
{ "type": "Feature", "properties": { "osm_id": "4461_start" }, "geometry": { "type": "Point", "coordinates": [ 117.9635311, 36.756681 ] } },
{ "type": "Feature", "properties": { "osm_id": "4461_end" }, "geometry": { "type": "Point", "coordinates": [ 117.9806874, 36.7505414 ] } },
{ "type": "Feature", "properties": { "osm_id": "4462_end" }, "geometry": { "type": "Point", "coordinates": [ 117.9692866, 36.755978 ] } },
{ "type": "Feature", "properties": { "osm_id": "4463_start" }, "geometry": { "type": "Point", "coordinates": [ 118.0110104, 36.7859615 ] } },
{ "type": "Feature", "properties": { "osm_id": "4463_end" }, "geometry": { "type": "Point", "coordinates": [ 118.0088144, 36.7732165 ] } },
{ "type": "Feature", "properties": { "osm_id": "4464_start" }, "geometry": { "type": "Point", "coordinates": [ 118.0027066, 36.7791147 ] } },
{ "type": "Feature", "properties": { "osm_id": "4464_end" }, "geometry": { "type": "Point", "coordinates": [ 118.017329, 36.777829 ] } },
{ "type": "Feature", "properties": { "osm_id": "4465_start" }, "geometry": { "type": "Point", "coordinates": [ 118.0069042, 36.7786117 ] } },
{ "type": "Feature", "properties": { "osm_id": "4465_end" }, "geometry": { "type": "Point", "coordinates": [ 118.006417, 36.7759439 ] } },
{ "type": "Feature", "properties": { "osm_id": "4466_start" }, "geometry": { "type": "Point", "coordinates": [ 118.0258424, 36.7776253 ] } },
{ "type": "Feature", "properties": { "osm_id": "4466_end" }, "geometry": { "type": "Point", "coordinates": [ 118.030876, 36.7773885 ] } },
{ "type": "Feature", "properties": { "osm_id": "4469_start" }, "geometry": { "type": "Point", "coordinates": [ 118.0002804, 36.8000391 ] } },
{ "type": "Feature", "properties": { "osm_id": "4469_end" }, "geometry": { "type": "Point", "coordinates": [ 118.0000869, 36.7985878 ] } },
{ "type": "Feature", "properties": { "osm_id": "4470_start" }, "geometry": { "type": "Point", "coordinates": [ 118.0698847, 36.6870048 ] } },
{ "type": "Feature", "properties": { "osm_id": "4470_end" }, "geometry": { "type": "Point", "coordinates": [ 118.0734263, 36.6989104 ] } },
{ "type": "Feature", "properties": { "osm_id": "4471_start" }, "geometry": { "type": "Point", "coordinates": [ 118.0780794, 36.6974859 ] } },
{ "type": "Feature", "properties": { "osm_id": "4471_end" }, "geometry": { "type": "Point", "coordinates": [ 118.0634589, 36.6972768 ] } },
{ "type": "Feature", "properties": { "osm_id": "4472_start" }, "geometry": { "type": "Point", "coordinates": [ 118.0655552, 36.7026029 ] } },
{ "type": "Feature", "properties": { "osm_id": "4472_end" }, "geometry": { "type": "Point", "coordinates": [ 118.0694443, 36.6988886 ] } },
{ "type": "Feature", "properties": { "osm_id": "4473_start" }, "geometry": { "type": "Point", "coordinates": [ 118.0645626, 36.7028316 ] } },
{ "type": "Feature", "properties": { "osm_id": "4473_end" }, "geometry": { "type": "Point", "coordinates": [ 118.0650491, 36.7027227 ] } },
{ "type": "Feature", "properties": { "osm_id": "4475_start" }, "geometry": { "type": "Point", "coordinates": [ 118.0660865, 36.715192 ] } },
{ "type": "Feature", "properties": { "osm_id": "4475_end" }, "geometry": { "type": "Point", "coordinates": [ 118.0704856, 36.7185256 ] } },
{ "type": "Feature", "properties": { "osm_id": "4476_start" }, "geometry": { "type": "Point", "coordinates": [ 118.087362, 36.7315464 ] } },
{ "type": "Feature", "properties": { "osm_id": "4476_end" }, "geometry": { "type": "Point", "coordinates": [ 118.1172845, 36.7310397 ] } },
{ "type": "Feature", "properties": { "osm_id": "4477_end" }, "geometry": { "type": "Point", "coordinates": [ 118.0873339, 36.7316725 ] } },
{ "type": "Feature", "properties": { "osm_id": "4478_start" }, "geometry": { "type": "Point", "coordinates": [ 118.0909373, 36.7210809 ] } },
{ "type": "Feature", "properties": { "osm_id": "4478_end" }, "geometry": { "type": "Point", "coordinates": [ 118.0903244, 36.7240074 ] } },
{ "type": "Feature", "properties": { "osm_id": "4479_start" }, "geometry": { "type": "Point", "coordinates": [ 118.0856292, 36.7314296 ] } },
{ "type": "Feature", "properties": { "osm_id": "4479_end" }, "geometry": { "type": "Point", "coordinates": [ 118.0711147, 36.7323553 ] } },
{ "type": "Feature", "properties": { "osm_id": "4480_start" }, "geometry": { "type": "Point", "coordinates": [ 118.0712048, 36.7321496 ] } },
{ "type": "Feature", "properties": { "osm_id": "4480_end" }, "geometry": { "type": "Point", "coordinates": [ 118.0856541, 36.7313142 ] } },
{ "type": "Feature", "properties": { "osm_id": "4483_start" }, "geometry": { "type": "Point", "coordinates": [ 118.0877437, 36.7342489 ] } },
{ "type": "Feature", "properties": { "osm_id": "4483_end" }, "geometry": { "type": "Point", "coordinates": [ 118.0830714, 36.7366611 ] } },
{ "type": "Feature", "properties": { "osm_id": "4485_start" }, "geometry": { "type": "Point", "coordinates": [ 118.1063146, 36.7309739 ] } },
{ "type": "Feature", "properties": { "osm_id": "4485_end" }, "geometry": { "type": "Point", "coordinates": [ 118.1086827, 36.726364 ] } },
{ "type": "Feature", "properties": { "osm_id": "4487_start" }, "geometry": { "type": "Point", "coordinates": [ 118.1042681, 36.7281088 ] } },
{ "type": "Feature", "properties": { "osm_id": "4487_end" }, "geometry": { "type": "Point", "coordinates": [ 118.1073117, 36.7280831 ] } },
{ "type": "Feature", "properties": { "osm_id": "4488_start" }, "geometry": { "type": "Point", "coordinates": [ 118.1028876, 36.7284505 ] } },
{ "type": "Feature", "properties": { "osm_id": "4488_end" }, "geometry": { "type": "Point", "coordinates": [ 118.1066391, 36.728031 ] } },
{ "type": "Feature", "properties": { "osm_id": "4489_start" }, "geometry": { "type": "Point", "coordinates": [ 118.1079354, 36.7273671 ] } },
{ "type": "Feature", "properties": { "osm_id": "4489_end" }, "geometry": { "type": "Point", "coordinates": [ 118.1061177, 36.7267331 ] } },
{ "type": "Feature", "properties": { "osm_id": "4490_start" }, "geometry": { "type": "Point", "coordinates": [ 118.106659, 36.7269136 ] } },
{ "type": "Feature", "properties": { "osm_id": "4490_end" }, "geometry": { "type": "Point", "coordinates": [ 118.1076848, 36.7248491 ] } },
{ "type": "Feature", "properties": { "osm_id": "4491_start" }, "geometry": { "type": "Point", "coordinates": [ 118.1124286, 36.7298176 ] } },
{ "type": "Feature", "properties": { "osm_id": "4491_end" }, "geometry": { "type": "Point", "coordinates": [ 118.1066356, 36.7295082 ] } },
{ "type": "Feature", "properties": { "osm_id": "4492_end" }, "geometry": { "type": "Point", "coordinates": [ 118.1213656, 36.726595 ] } },
{ "type": "Feature", "properties": { "osm_id": "4500_start" }, "geometry": { "type": "Point", "coordinates": [ 118.1276481, 36.7469003 ] } },
{ "type": "Feature", "properties": { "osm_id": "4501_start" }, "geometry": { "type": "Point", "coordinates": [ 118.0032084, 36.8252536 ] } },
{ "type": "Feature", "properties": { "osm_id": "4501_end" }, "geometry": { "type": "Point", "coordinates": [ 118.0036437, 36.8224454 ] } },
{ "type": "Feature", "properties": { "osm_id": "4502_start" }, "geometry": { "type": "Point", "coordinates": [ 118.0026005, 36.8246345 ] } },
{ "type": "Feature", "properties": { "osm_id": "4502_end" }, "geometry": { "type": "Point", "coordinates": [ 118.0037937, 36.824279 ] } },
{ "type": "Feature", "properties": { "osm_id": "4503_start" }, "geometry": { "type": "Point", "coordinates": [ 117.9622919, 36.6686289 ] } },
{ "type": "Feature", "properties": { "osm_id": "4503_end" }, "geometry": { "type": "Point", "coordinates": [ 117.967093, 36.6827675 ] } },
{ "type": "Feature", "properties": { "osm_id": "4504_start" }, "geometry": { "type": "Point", "coordinates": [ 118.0609078, 36.7949432 ] } },
{ "type": "Feature", "properties": { "osm_id": "4505_start" }, "geometry": { "type": "Point", "coordinates": [ 118.0054188, 36.8148117 ] } },
{ "type": "Feature", "properties": { "osm_id": "4506_start" }, "geometry": { "type": "Point", "coordinates": [ 117.9832856, 36.8165493 ] } },
{ "type": "Feature", "properties": { "osm_id": "4506_end" }, "geometry": { "type": "Point", "coordinates": [ 117.9836996, 36.816517 ] } },
{ "type": "Feature", "properties": { "osm_id": "4507_start" }, "geometry": { "type": "Point", "coordinates": [ 117.9969028, 36.8156241 ] } },
{ "type": "Feature", "properties": { "osm_id": "4507_end" }, "geometry": { "type": "Point", "coordinates": [ 117.9877456, 36.8163475 ] } },
{ "type": "Feature", "properties": { "osm_id": "4508_start" }, "geometry": { "type": "Point", "coordinates": [ 117.9836728, 36.8166669 ] } },
{ "type": "Feature", "properties": { "osm_id": "4508_end" }, "geometry": { "type": "Point", "coordinates": [ 117.983267, 36.8166983 ] } },
{ "type": "Feature", "properties": { "osm_id": "4509_end" }, "geometry": { "type": "Point", "coordinates": [ 117.9593231, 36.8405766 ] } },
{ "type": "Feature", "properties": { "osm_id": "4512_start" }, "geometry": { "type": "Point", "coordinates": [ 118.0916906, 36.8210074 ] } },
{ "type": "Feature", "properties": { "osm_id": "4512_end" }, "geometry": { "type": "Point", "coordinates": [ 118.0930917, 36.8301575 ] } },
{ "type": "Feature", "properties": { "osm_id": "4513_start" }, "geometry": { "type": "Point", "coordinates": [ 118.0926998, 36.8301881 ] } },
{ "type": "Feature", "properties": { "osm_id": "4521_start" }, "geometry": { "type": "Point", "coordinates": [ 118.1436455, 36.8029742 ] } },
{ "type": "Feature", "properties": { "osm_id": "4521_end" }, "geometry": { "type": "Point", "coordinates": [ 118.1429307, 36.8033261 ] } },
{ "type": "Feature", "properties": { "osm_id": "4522_end" }, "geometry": { "type": "Point", "coordinates": [ 118.1430141, 36.8031736 ] } },
{ "type": "Feature", "properties": { "osm_id": "4523_end" }, "geometry": { "type": "Point", "coordinates": [ 118.1434593, 36.8031843 ] } },
{ "type": "Feature", "properties": { "osm_id": "4525_end" }, "geometry": { "type": "Point", "coordinates": [ 118.1423675, 36.8032127 ] } },
{ "type": "Feature", "properties": { "osm_id": "4526_start" }, "geometry": { "type": "Point", "coordinates": [ 118.1424274, 36.8034408 ] } },
{ "type": "Feature", "properties": { "osm_id": "4526_end" }, "geometry": { "type": "Point", "coordinates": [ 118.1403738, 36.8025477 ] } },
{ "type": "Feature", "properties": { "osm_id": "4527_end" }, "geometry": { "type": "Point", "coordinates": [ 118.1409218, 36.802237 ] } },
{ "type": "Feature", "properties": { "osm_id": "4529_end" }, "geometry": { "type": "Point", "coordinates": [ 118.1424451, 36.803147 ] } },
{ "type": "Feature", "properties": { "osm_id": "4530_start" }, "geometry": { "type": "Point", "coordinates": [ 118.1412637, 36.802928 ] } },
{ "type": "Feature", "properties": { "osm_id": "4530_end" }, "geometry": { "type": "Point", "coordinates": [ 118.1414261, 36.8024627 ] } },
{ "type": "Feature", "properties": { "osm_id": "4532_start" }, "geometry": { "type": "Point", "coordinates": [ 118.1412303, 36.8032996 ] } },
{ "type": "Feature", "properties": { "osm_id": "4534_end" }, "geometry": { "type": "Point", "coordinates": [ 118.1403647, 36.8033185 ] } },
{ "type": "Feature", "properties": { "osm_id": "4535_start" }, "geometry": { "type": "Point", "coordinates": [ 118.1401806, 36.8033225 ] } },
{ "type": "Feature", "properties": { "osm_id": "4535_end" }, "geometry": { "type": "Point", "coordinates": [ 118.1401766, 36.8026305 ] } },
{ "type": "Feature", "properties": { "osm_id": "4536_start" }, "geometry": { "type": "Point", "coordinates": [ 118.1399278, 36.803328 ] } },
{ "type": "Feature", "properties": { "osm_id": "4536_end" }, "geometry": { "type": "Point", "coordinates": [ 118.1399307, 36.8027338 ] } },
{ "type": "Feature", "properties": { "osm_id": "4537_start" }, "geometry": { "type": "Point", "coordinates": [ 118.1405464, 36.8033145 ] } },
{ "type": "Feature", "properties": { "osm_id": "4537_end" }, "geometry": { "type": "Point", "coordinates": [ 118.1405528, 36.8026242 ] } },
{ "type": "Feature", "properties": { "osm_id": "4538_start" }, "geometry": { "type": "Point", "coordinates": [ 118.1407369, 36.8027029 ] } },
{ "type": "Feature", "properties": { "osm_id": "4538_end" }, "geometry": { "type": "Point", "coordinates": [ 118.1407254, 36.8033106 ] } },
{ "type": "Feature", "properties": { "osm_id": "4539_start" }, "geometry": { "type": "Point", "coordinates": [ 118.1408812, 36.8033072 ] } },
{ "type": "Feature", "properties": { "osm_id": "4539_end" }, "geometry": { "type": "Point", "coordinates": [ 118.1409047, 36.8027746 ] } },
{ "type": "Feature", "properties": { "osm_id": "4540_start" }, "geometry": { "type": "Point", "coordinates": [ 118.1410798, 36.8028494 ] } },
{ "type": "Feature", "properties": { "osm_id": "4540_end" }, "geometry": { "type": "Point", "coordinates": [ 118.1410534, 36.8033035 ] } },
{ "type": "Feature", "properties": { "osm_id": "4541_start" }, "geometry": { "type": "Point", "coordinates": [ 118.1413886, 36.8035185 ] } },
{ "type": "Feature", "properties": { "osm_id": "4541_end" }, "geometry": { "type": "Point", "coordinates": [ 118.1414516, 36.8030108 ] } },
{ "type": "Feature", "properties": { "osm_id": "4542_start" }, "geometry": { "type": "Point", "coordinates": [ 118.1416504, 36.8030984 ] } },
{ "type": "Feature", "properties": { "osm_id": "4542_end" }, "geometry": { "type": "Point", "coordinates": [ 118.1415748, 36.8035082 ] } },
{ "type": "Feature", "properties": { "osm_id": "4543_start" }, "geometry": { "type": "Point", "coordinates": [ 118.1417707, 36.8034975 ] } },
{ "type": "Feature", "properties": { "osm_id": "4543_end" }, "geometry": { "type": "Point", "coordinates": [ 118.1418277, 36.8031765 ] } },
{ "type": "Feature", "properties": { "osm_id": "4544_start" }, "geometry": { "type": "Point", "coordinates": [ 118.1420022, 36.8032534 ] } },
{ "type": "Feature", "properties": { "osm_id": "4544_end" }, "geometry": { "type": "Point", "coordinates": [ 118.1398028, 36.8037474 ] } },
{ "type": "Feature", "properties": { "osm_id": "4545_start" }, "geometry": { "type": "Point", "coordinates": [ 118.1421668, 36.8033259 ] } },
{ "type": "Feature", "properties": { "osm_id": "4545_end" }, "geometry": { "type": "Point", "coordinates": [ 118.1421217, 36.8034782 ] } },
{ "type": "Feature", "properties": { "osm_id": "4546_end" }, "geometry": { "type": "Point", "coordinates": [ 118.1419074, 36.8037984 ] } },
{ "type": "Feature", "properties": { "osm_id": "4547_end" }, "geometry": { "type": "Point", "coordinates": [ 118.1420631, 36.8036699 ] } },
{ "type": "Feature", "properties": { "osm_id": "4548_start" }, "geometry": { "type": "Point", "coordinates": [ 118.1423958, 36.8040572 ] } },
{ "type": "Feature", "properties": { "osm_id": "4548_end" }, "geometry": { "type": "Point", "coordinates": [ 118.1422917, 36.8049116 ] } },
{ "type": "Feature", "properties": { "osm_id": "4549_start" }, "geometry": { "type": "Point", "coordinates": [ 118.1423944, 36.8047833 ] } },
{ "type": "Feature", "properties": { "osm_id": "4549_end" }, "geometry": { "type": "Point", "coordinates": [ 118.1426766, 36.8040704 ] } },
{ "type": "Feature", "properties": { "osm_id": "4550_end" }, "geometry": { "type": "Point", "coordinates": [ 118.1424006, 36.8054066 ] } },
{ "type": "Feature", "properties": { "osm_id": "4551_end" }, "geometry": { "type": "Point", "coordinates": [ 118.142206, 36.8037451 ] } },
{ "type": "Feature", "properties": { "osm_id": "4552_end" }, "geometry": { "type": "Point", "coordinates": [ 118.1423638, 36.8056859 ] } },
{ "type": "Feature", "properties": { "osm_id": "4553_start" }, "geometry": { "type": "Point", "coordinates": [ 118.1423964, 36.8054703 ] } },
{ "type": "Feature", "properties": { "osm_id": "4553_end" }, "geometry": { "type": "Point", "coordinates": [ 118.142148, 36.8055197 ] } },
{ "type": "Feature", "properties": { "osm_id": "4554_start" }, "geometry": { "type": "Point", "coordinates": [ 118.1423048, 36.8056811 ] } },
{ "type": "Feature", "properties": { "osm_id": "4555_start" }, "geometry": { "type": "Point", "coordinates": [ 118.1421962, 36.8057162 ] } },
{ "type": "Feature", "properties": { "osm_id": "4555_end" }, "geometry": { "type": "Point", "coordinates": [ 118.1369317, 36.8068741 ] } },
{ "type": "Feature", "properties": { "osm_id": "4556_start" }, "geometry": { "type": "Point", "coordinates": [ 118.1389117, 36.8011233 ] } },
{ "type": "Feature", "properties": { "osm_id": "4556_end" }, "geometry": { "type": "Point", "coordinates": [ 118.1377268, 36.8052041 ] } },
{ "type": "Feature", "properties": { "osm_id": "4557_start" }, "geometry": { "type": "Point", "coordinates": [ 118.1390481, 36.8054554 ] } },
{ "type": "Feature", "properties": { "osm_id": "4557_end" }, "geometry": { "type": "Point", "coordinates": [ 118.1389939, 36.8046808 ] } },
{ "type": "Feature", "properties": { "osm_id": "4558_start" }, "geometry": { "type": "Point", "coordinates": [ 118.1368467, 36.8072432 ] } },
{ "type": "Feature", "properties": { "osm_id": "4559_start" }, "geometry": { "type": "Point", "coordinates": [ 118.1232182, 36.8084434 ] } },
{ "type": "Feature", "properties": { "osm_id": "4560_start" }, "geometry": { "type": "Point", "coordinates": [ 118.1369057, 36.8068763 ] } },
{ "type": "Feature", "properties": { "osm_id": "4560_end" }, "geometry": { "type": "Point", "coordinates": [ 118.1368559, 36.8069856 ] } },
{ "type": "Feature", "properties": { "osm_id": "4561_start" }, "geometry": { "type": "Point", "coordinates": [ 118.136768, 36.8070011 ] } },
{ "type": "Feature", "properties": { "osm_id": "4561_end" }, "geometry": { "type": "Point", "coordinates": [ 118.1366719, 36.8068955 ] } },
{ "type": "Feature", "properties": { "osm_id": "4562_start" }, "geometry": { "type": "Point", "coordinates": [ 118.1258051, 36.8071204 ] } },
{ "type": "Feature", "properties": { "osm_id": "4562_end" }, "geometry": { "type": "Point", "coordinates": [ 118.1296591, 36.8085916 ] } },
{ "type": "Feature", "properties": { "osm_id": "4563_start" }, "geometry": { "type": "Point", "coordinates": [ 118.1304409, 36.817877 ] } },
{ "type": "Feature", "properties": { "osm_id": "4563_end" }, "geometry": { "type": "Point", "coordinates": [ 118.1293935, 36.8087566 ] } },
{ "type": "Feature", "properties": { "osm_id": "4564_start" }, "geometry": { "type": "Point", "coordinates": [ 118.1231201, 36.8088771 ] } },
{ "type": "Feature", "properties": { "osm_id": "4564_end" }, "geometry": { "type": "Point", "coordinates": [ 118.1269486, 36.8166942 ] } },
{ "type": "Feature", "properties": { "osm_id": "4565_start" }, "geometry": { "type": "Point", "coordinates": [ 118.1306675, 36.8172579 ] } },
{ "type": "Feature", "properties": { "osm_id": "4565_end" }, "geometry": { "type": "Point", "coordinates": [ 118.1309889, 36.8162429 ] } },
{ "type": "Feature", "properties": { "osm_id": "4566_start" }, "geometry": { "type": "Point", "coordinates": [ 118.1309679, 36.8150991 ] } },
{ "type": "Feature", "properties": { "osm_id": "4566_end" }, "geometry": { "type": "Point", "coordinates": [ 118.1266808, 36.8137706 ] } },
{ "type": "Feature", "properties": { "osm_id": "4567_start" }, "geometry": { "type": "Point", "coordinates": [ 118.1271006, 36.8092296 ] } },
{ "type": "Feature", "properties": { "osm_id": "4567_end" }, "geometry": { "type": "Point", "coordinates": [ 118.1229717, 36.8095891 ] } },
{ "type": "Feature", "properties": { "osm_id": "4568_start" }, "geometry": { "type": "Point", "coordinates": [ 118.126029, 36.8100126 ] } },
{ "type": "Feature", "properties": { "osm_id": "4568_end" }, "geometry": { "type": "Point", "coordinates": [ 118.130641, 36.8120981 ] } },
{ "type": "Feature", "properties": { "osm_id": "4569_start" }, "geometry": { "type": "Point", "coordinates": [ 118.123559, 36.8007124 ] } },
{ "type": "Feature", "properties": { "osm_id": "4569_end" }, "geometry": { "type": "Point", "coordinates": [ 118.1305651, 36.8082056 ] } },
{ "type": "Feature", "properties": { "osm_id": "4570_start" }, "geometry": { "type": "Point", "coordinates": [ 118.1292932, 36.8053474 ] } },
{ "type": "Feature", "properties": { "osm_id": "4570_end" }, "geometry": { "type": "Point", "coordinates": [ 118.1294184, 36.8041381 ] } },
{ "type": "Feature", "properties": { "osm_id": "4571_start" }, "geometry": { "type": "Point", "coordinates": [ 118.1271711, 36.8054082 ] } },
{ "type": "Feature", "properties": { "osm_id": "4571_end" }, "geometry": { "type": "Point", "coordinates": [ 118.12755, 36.8039963 ] } },
{ "type": "Feature", "properties": { "osm_id": "4572_start" }, "geometry": { "type": "Point", "coordinates": [ 118.1279782, 36.8044487 ] } },
{ "type": "Feature", "properties": { "osm_id": "4572_end" }, "geometry": { "type": "Point", "coordinates": [ 118.1284858, 36.8040673 ] } },
{ "type": "Feature", "properties": { "osm_id": "4573_start" }, "geometry": { "type": "Point", "coordinates": [ 118.1307803, 36.8042415 ] } },
{ "type": "Feature", "properties": { "osm_id": "4573_end" }, "geometry": { "type": "Point", "coordinates": [ 118.1313236, 36.7980838 ] } },
{ "type": "Feature", "properties": { "osm_id": "4574_start" }, "geometry": { "type": "Point", "coordinates": [ 118.1350304, 36.7996 ] } },
{ "type": "Feature", "properties": { "osm_id": "4574_end" }, "geometry": { "type": "Point", "coordinates": [ 118.132565, 36.8043769 ] } },
{ "type": "Feature", "properties": { "osm_id": "4575_start" }, "geometry": { "type": "Point", "coordinates": [ 118.1267343, 36.806756 ] } },
{ "type": "Feature", "properties": { "osm_id": "4575_end" }, "geometry": { "type": "Point", "coordinates": [ 118.1295019, 36.8076976 ] } },
{ "type": "Feature", "properties": { "osm_id": "4576_start" }, "geometry": { "type": "Point", "coordinates": [ 118.1277893, 36.8067846 ] } },
{ "type": "Feature", "properties": { "osm_id": "4576_end" }, "geometry": { "type": "Point", "coordinates": [ 118.1280548, 36.8053166 ] } },
{ "type": "Feature", "properties": { "osm_id": "4577_start" }, "geometry": { "type": "Point", "coordinates": [ 118.1452289, 36.8188183 ] } },
{ "type": "Feature", "properties": { "osm_id": "4578_start" }, "geometry": { "type": "Point", "coordinates": [ 118.1313917, 36.8171866 ] } },
{ "type": "Feature", "properties": { "osm_id": "4578_end" }, "geometry": { "type": "Point", "coordinates": [ 118.1325856, 36.8179572 ] } },
{ "type": "Feature", "properties": { "osm_id": "4579_end" }, "geometry": { "type": "Point", "coordinates": [ 118.1331566, 36.8177495 ] } },
{ "type": "Feature", "properties": { "osm_id": "4580_start" }, "geometry": { "type": "Point", "coordinates": [ 118.1307251, 36.8171005 ] } },
{ "type": "Feature", "properties": { "osm_id": "4581_end" }, "geometry": { "type": "Point", "coordinates": [ 118.1334392, 36.8169438 ] } },
{ "type": "Feature", "properties": { "osm_id": "4582_start" }, "geometry": { "type": "Point", "coordinates": [ 118.1351794, 36.8165828 ] } },
{ "type": "Feature", "properties": { "osm_id": "4582_end" }, "geometry": { "type": "Point", "coordinates": [ 118.1428999, 36.8214193 ] } },
{ "type": "Feature", "properties": { "osm_id": "4583_start" }, "geometry": { "type": "Point", "coordinates": [ 118.1350387, 36.818258 ] } },
{ "type": "Feature", "properties": { "osm_id": "4584_start" }, "geometry": { "type": "Point", "coordinates": [ 118.1344955, 36.8187598 ] } },
{ "type": "Feature", "properties": { "osm_id": "4584_end" }, "geometry": { "type": "Point", "coordinates": [ 118.1436684, 36.8344903 ] } },
{ "type": "Feature", "properties": { "osm_id": "4585_start" }, "geometry": { "type": "Point", "coordinates": [ 118.1525701, 36.8329536 ] } },
{ "type": "Feature", "properties": { "osm_id": "4585_end" }, "geometry": { "type": "Point", "coordinates": [ 118.1487513, 36.8334229 ] } },
{ "type": "Feature", "properties": { "osm_id": "4586_start" }, "geometry": { "type": "Point", "coordinates": [ 118.1488573, 36.8338028 ] } },
{ "type": "Feature", "properties": { "osm_id": "4586_end" }, "geometry": { "type": "Point", "coordinates": [ 118.1427193, 36.8348793 ] } },
{ "type": "Feature", "properties": { "osm_id": "4587_start" }, "geometry": { "type": "Point", "coordinates": [ 118.1406845, 36.8352107 ] } },
{ "type": "Feature", "properties": { "osm_id": "4587_end" }, "geometry": { "type": "Point", "coordinates": [ 118.1343615, 36.8351881 ] } },
{ "type": "Feature", "properties": { "osm_id": "4589_start" }, "geometry": { "type": "Point", "coordinates": [ 118.1460145, 36.811375 ] } },
{ "type": "Feature", "properties": { "osm_id": "4589_end" }, "geometry": { "type": "Point", "coordinates": [ 118.1371993, 36.8121835 ] } },
{ "type": "Feature", "properties": { "osm_id": "4590_start" }, "geometry": { "type": "Point", "coordinates": [ 118.1388695, 36.8070554 ] } },
{ "type": "Feature", "properties": { "osm_id": "4590_end" }, "geometry": { "type": "Point", "coordinates": [ 118.1384081, 36.806855 ] } },
{ "type": "Feature", "properties": { "osm_id": "4591_start" }, "geometry": { "type": "Point", "coordinates": [ 118.1379769, 36.8061695 ] } },
{ "type": "Feature", "properties": { "osm_id": "4592_start" }, "geometry": { "type": "Point", "coordinates": [ 118.1401901, 36.8062507 ] } },
{ "type": "Feature", "properties": { "osm_id": "4592_end" }, "geometry": { "type": "Point", "coordinates": [ 118.1418517, 36.8070874 ] } },
{ "type": "Feature", "properties": { "osm_id": "4593_start" }, "geometry": { "type": "Point", "coordinates": [ 118.1401463, 36.8071437 ] } },
{ "type": "Feature", "properties": { "osm_id": "4593_end" }, "geometry": { "type": "Point", "coordinates": [ 118.1424902, 36.8057789 ] } },
{ "type": "Feature", "properties": { "osm_id": "4594_start" }, "geometry": { "type": "Point", "coordinates": [ 118.1423088, 36.805977 ] } },
{ "type": "Feature", "properties": { "osm_id": "4594_end" }, "geometry": { "type": "Point", "coordinates": [ 118.1421709, 36.8070769 ] } },
{ "type": "Feature", "properties": { "osm_id": "4595_start" }, "geometry": { "type": "Point", "coordinates": [ 118.1420122, 36.8070821 ] } },
{ "type": "Feature", "properties": { "osm_id": "4595_end" }, "geometry": { "type": "Point", "coordinates": [ 118.1421531, 36.8058992 ] } },
{ "type": "Feature", "properties": { "osm_id": "4596_start" }, "geometry": { "type": "Point", "coordinates": [ 118.1411858, 36.8058446 ] } },
{ "type": "Feature", "properties": { "osm_id": "4597_start" }, "geometry": { "type": "Point", "coordinates": [ 118.141004, 36.8061235 ] } },
{ "type": "Feature", "properties": { "osm_id": "4597_end" }, "geometry": { "type": "Point", "coordinates": [ 118.1410982, 36.8071123 ] } },
{ "type": "Feature", "properties": { "osm_id": "4598_start" }, "geometry": { "type": "Point", "coordinates": [ 118.1411798, 36.806036 ] } },
{ "type": "Feature", "properties": { "osm_id": "4598_end" }, "geometry": { "type": "Point", "coordinates": [ 118.1417448, 36.8060618 ] } },
{ "type": "Feature", "properties": { "osm_id": "4599_start" }, "geometry": { "type": "Point", "coordinates": [ 118.1422567, 36.8061583 ] } },
{ "type": "Feature", "properties": { "osm_id": "4599_end" }, "geometry": { "type": "Point", "coordinates": [ 118.1432826, 36.8063081 ] } },
{ "type": "Feature", "properties": { "osm_id": "4600_start" }, "geometry": { "type": "Point", "coordinates": [ 118.1407112, 36.8082358 ] } },
{ "type": "Feature", "properties": { "osm_id": "4600_end" }, "geometry": { "type": "Point", "coordinates": [ 118.1408782, 36.8071196 ] } },
{ "type": "Feature", "properties": { "osm_id": "4601_start" }, "geometry": { "type": "Point", "coordinates": [ 118.1412436, 36.8071075 ] } },
{ "type": "Feature", "properties": { "osm_id": "4601_end" }, "geometry": { "type": "Point", "coordinates": [ 118.1412262, 36.808234 ] } },
{ "type": "Feature", "properties": { "osm_id": "4604_start" }, "geometry": { "type": "Point", "coordinates": [ 118.1060678, 36.8162157 ] } },
{ "type": "Feature", "properties": { "osm_id": "4604_end" }, "geometry": { "type": "Point", "coordinates": [ 118.1051185, 36.8196552 ] } },
{ "type": "Feature", "properties": { "osm_id": "4605_start" }, "geometry": { "type": "Point", "coordinates": [ 118.107111, 36.8142266 ] } },
{ "type": "Feature", "properties": { "osm_id": "4605_end" }, "geometry": { "type": "Point", "coordinates": [ 118.1071971, 36.8142447 ] } },
{ "type": "Feature", "properties": { "osm_id": "4606_start" }, "geometry": { "type": "Point", "coordinates": [ 118.1059807, 36.8161275 ] } },
{ "type": "Feature", "properties": { "osm_id": "4627_start" }, "geometry": { "type": "Point", "coordinates": [ 117.9882191, 36.7622761 ] } },
{ "type": "Feature", "properties": { "osm_id": "4627_end" }, "geometry": { "type": "Point", "coordinates": [ 117.982182, 36.7666487 ] } },
{ "type": "Feature", "properties": { "osm_id": "4628_start" }, "geometry": { "type": "Point", "coordinates": [ 117.9724223, 36.8013656 ] } },
{ "type": "Feature", "properties": { "osm_id": "4628_end" }, "geometry": { "type": "Point", "coordinates": [ 117.9644969, 36.8024054 ] } },
{ "type": "Feature", "properties": { "osm_id": "4629_end" }, "geometry": { "type": "Point", "coordinates": [ 117.9729464, 36.8012564 ] } },
{ "type": "Feature", "properties": { "osm_id": "4630_start" }, "geometry": { "type": "Point", "coordinates": [ 117.973246, 36.8011038 ] } },
{ "type": "Feature", "properties": { "osm_id": "4630_end" }, "geometry": { "type": "Point", "coordinates": [ 117.985372, 36.7995335 ] } },
{ "type": "Feature", "properties": { "osm_id": "4631_start" }, "geometry": { "type": "Point", "coordinates": [ 117.9729154, 36.8011643 ] } },
{ "type": "Feature", "properties": { "osm_id": "4632_start" }, "geometry": { "type": "Point", "coordinates": [ 117.9723641, 36.8006449 ] } },
{ "type": "Feature", "properties": { "osm_id": "4633_start" }, "geometry": { "type": "Point", "coordinates": [ 117.9724608, 36.8004852 ] } },
{ "type": "Feature", "properties": { "osm_id": "4635_start" }, "geometry": { "type": "Point", "coordinates": [ 117.9773007, 36.8498276 ] } },
{ "type": "Feature", "properties": { "osm_id": "4635_end" }, "geometry": { "type": "Point", "coordinates": [ 117.9778377, 36.8498001 ] } },
{ "type": "Feature", "properties": { "osm_id": "4637_start" }, "geometry": { "type": "Point", "coordinates": [ 117.9770062, 36.8470323 ] } },
{ "type": "Feature", "properties": { "osm_id": "4638_start" }, "geometry": { "type": "Point", "coordinates": [ 117.9768069, 36.8470458 ] } },
{ "type": "Feature", "properties": { "osm_id": "4639_start" }, "geometry": { "type": "Point", "coordinates": [ 117.9763664, 36.8445482 ] } },
{ "type": "Feature", "properties": { "osm_id": "4639_end" }, "geometry": { "type": "Point", "coordinates": [ 117.968159, 36.844983 ] } },
{ "type": "Feature", "properties": { "osm_id": "4640_start" }, "geometry": { "type": "Point", "coordinates": [ 117.9773321, 36.8445062 ] } },
{ "type": "Feature", "properties": { "osm_id": "4640_end" }, "geometry": { "type": "Point", "coordinates": [ 117.9767729, 36.8445443 ] } },
{ "type": "Feature", "properties": { "osm_id": "4641_start" }, "geometry": { "type": "Point", "coordinates": [ 117.9683177, 36.8448469 ] } },
{ "type": "Feature", "properties": { "osm_id": "4641_end" }, "geometry": { "type": "Point", "coordinates": [ 117.9763552, 36.8444586 ] } },
{ "type": "Feature", "properties": { "osm_id": "4642_start" }, "geometry": { "type": "Point", "coordinates": [ 117.9767603, 36.8444105 ] } },
{ "type": "Feature", "properties": { "osm_id": "4642_end" }, "geometry": { "type": "Point", "coordinates": [ 117.9773199, 36.8443757 ] } },
{ "type": "Feature", "properties": { "osm_id": "4643_end" }, "geometry": { "type": "Point", "coordinates": [ 117.976791, 36.838737 ] } },
{ "type": "Feature", "properties": { "osm_id": "4644_end" }, "geometry": { "type": "Point", "coordinates": [ 117.9763869, 36.8387483 ] } },
{ "type": "Feature", "properties": { "osm_id": "4645_start" }, "geometry": { "type": "Point", "coordinates": [ 117.9767673, 36.8384839 ] } },
{ "type": "Feature", "properties": { "osm_id": "4646_start" }, "geometry": { "type": "Point", "coordinates": [ 117.9763767, 36.838496 ] } },
{ "type": "Feature", "properties": { "osm_id": "4648_start" }, "geometry": { "type": "Point", "coordinates": [ 117.9756887, 36.8347823 ] } },
{ "type": "Feature", "properties": { "osm_id": "4648_end" }, "geometry": { "type": "Point", "coordinates": [ 117.9754858, 36.8347727 ] } },
{ "type": "Feature", "properties": { "osm_id": "4649_start" }, "geometry": { "type": "Point", "coordinates": [ 117.9762109, 36.8347771 ] } },
{ "type": "Feature", "properties": { "osm_id": "4649_end" }, "geometry": { "type": "Point", "coordinates": [ 117.975962, 36.8347808 ] } },
{ "type": "Feature", "properties": { "osm_id": "4650_end" }, "geometry": { "type": "Point", "coordinates": [ 117.9850345, 36.8303895 ] } },
{ "type": "Feature", "properties": { "osm_id": "4651_start" }, "geometry": { "type": "Point", "coordinates": [ 117.9760555, 36.8308908 ] } },
{ "type": "Feature", "properties": { "osm_id": "4651_end" }, "geometry": { "type": "Point", "coordinates": [ 117.9756474, 36.8309129 ] } },
{ "type": "Feature", "properties": { "osm_id": "4652_start" }, "geometry": { "type": "Point", "coordinates": [ 118.0064118, 36.8289982 ] } },
{ "type": "Feature", "properties": { "osm_id": "4652_end" }, "geometry": { "type": "Point", "coordinates": [ 118.0131379, 36.829031 ] } },
{ "type": "Feature", "properties": { "osm_id": "4653_start" }, "geometry": { "type": "Point", "coordinates": [ 117.9756213, 36.8306864 ] } },
{ "type": "Feature", "properties": { "osm_id": "4653_end" }, "geometry": { "type": "Point", "coordinates": [ 117.9760344, 36.8306664 ] } },
{ "type": "Feature", "properties": { "osm_id": "4654_start" }, "geometry": { "type": "Point", "coordinates": [ 117.9748866, 36.8244228 ] } },
{ "type": "Feature", "properties": { "osm_id": "4654_end" }, "geometry": { "type": "Point", "coordinates": [ 117.974734, 36.8244299 ] } },
{ "type": "Feature", "properties": { "osm_id": "4655_start" }, "geometry": { "type": "Point", "coordinates": [ 117.9754467, 36.8243969 ] } },
{ "type": "Feature", "properties": { "osm_id": "4656_start" }, "geometry": { "type": "Point", "coordinates": [ 117.9748547, 36.8241134 ] } },
{ "type": "Feature", "properties": { "osm_id": "4656_end" }, "geometry": { "type": "Point", "coordinates": [ 117.9754175, 36.8240837 ] } },
{ "type": "Feature", "properties": { "osm_id": "4657_start" }, "geometry": { "type": "Point", "coordinates": [ 117.9747058, 36.8241212 ] } },
{ "type": "Feature", "properties": { "osm_id": "4658_end" }, "geometry": { "type": "Point", "coordinates": [ 117.9747881, 36.8173537 ] } },
{ "type": "Feature", "properties": { "osm_id": "4659_end" }, "geometry": { "type": "Point", "coordinates": [ 117.9742294, 36.8173951 ] } },
{ "type": "Feature", "properties": { "osm_id": "4660_start" }, "geometry": { "type": "Point", "coordinates": [ 117.9751154, 36.8171824 ] } },
{ "type": "Feature", "properties": { "osm_id": "4661_start" }, "geometry": { "type": "Point", "coordinates": [ 117.974216, 36.8172512 ] } },
{ "type": "Feature", "properties": { "osm_id": "4661_end" }, "geometry": { "type": "Point", "coordinates": [ 117.9747745, 36.8172085 ] } },
{ "type": "Feature", "properties": { "osm_id": "4662_start" }, "geometry": { "type": "Point", "coordinates": [ 117.9737607, 36.8123817 ] } },
{ "type": "Feature", "properties": { "osm_id": "4662_end" }, "geometry": { "type": "Point", "coordinates": [ 117.9736323, 36.812392 ] } },
{ "type": "Feature", "properties": { "osm_id": "4666_start" }, "geometry": { "type": "Point", "coordinates": [ 118.0485372, 36.7824447 ] } },
{ "type": "Feature", "properties": { "osm_id": "4666_end" }, "geometry": { "type": "Point", "coordinates": [ 118.0478031, 36.7830844 ] } },
{ "type": "Feature", "properties": { "osm_id": "4667_start" }, "geometry": { "type": "Point", "coordinates": [ 118.0480382, 36.7822797 ] } },
{ "type": "Feature", "properties": { "osm_id": "4667_end" }, "geometry": { "type": "Point", "coordinates": [ 118.0481406, 36.7824935 ] } },
{ "type": "Feature", "properties": { "osm_id": "4668_start" }, "geometry": { "type": "Point", "coordinates": [ 118.0482178, 36.7832669 ] } },
{ "type": "Feature", "properties": { "osm_id": "4668_end" }, "geometry": { "type": "Point", "coordinates": [ 118.0489256, 36.7833292 ] } },
{ "type": "Feature", "properties": { "osm_id": "4669_start" }, "geometry": { "type": "Point", "coordinates": [ 118.0488103, 36.7835797 ] } },
{ "type": "Feature", "properties": { "osm_id": "4669_end" }, "geometry": { "type": "Point", "coordinates": [ 118.0490166, 36.7840144 ] } },
{ "type": "Feature", "properties": { "osm_id": "4670_start" }, "geometry": { "type": "Point", "coordinates": [ 118.0488294, 36.7840782 ] } },
{ "type": "Feature", "properties": { "osm_id": "4670_end" }, "geometry": { "type": "Point", "coordinates": [ 118.0486054, 36.7836469 ] } },
{ "type": "Feature", "properties": { "osm_id": "4671_start" }, "geometry": { "type": "Point", "coordinates": [ 118.0483391, 36.7845004 ] } },
{ "type": "Feature", "properties": { "osm_id": "4671_end" }, "geometry": { "type": "Point", "coordinates": [ 118.0497172, 36.7840175 ] } },
{ "type": "Feature", "properties": { "osm_id": "4673_start" }, "geometry": { "type": "Point", "coordinates": [ 118.0494902, 36.784993 ] } },
{ "type": "Feature", "properties": { "osm_id": "4673_end" }, "geometry": { "type": "Point", "coordinates": [ 118.0501092, 36.7861545 ] } },
{ "type": "Feature", "properties": { "osm_id": "4674_start" }, "geometry": { "type": "Point", "coordinates": [ 118.0499426, 36.7862044 ] } },
{ "type": "Feature", "properties": { "osm_id": "4674_end" }, "geometry": { "type": "Point", "coordinates": [ 118.0493303, 36.7850517 ] } },
{ "type": "Feature", "properties": { "osm_id": "4675_end" }, "geometry": { "type": "Point", "coordinates": [ 118.0486627, 36.7858696 ] } },
{ "type": "Feature", "properties": { "osm_id": "4676_start" }, "geometry": { "type": "Point", "coordinates": [ 118.0484217, 36.7856365 ] } },
{ "type": "Feature", "properties": { "osm_id": "4676_end" }, "geometry": { "type": "Point", "coordinates": [ 118.0484253, 36.7854222 ] } },
{ "type": "Feature", "properties": { "osm_id": "4677_start" }, "geometry": { "type": "Point", "coordinates": [ 118.0491126, 36.7842244 ] } },
{ "type": "Feature", "properties": { "osm_id": "4677_end" }, "geometry": { "type": "Point", "coordinates": [ 118.049294, 36.7845649 ] } },
{ "type": "Feature", "properties": { "osm_id": "4678_start" }, "geometry": { "type": "Point", "coordinates": [ 118.0486818, 36.7843744 ] } },
{ "type": "Feature", "properties": { "osm_id": "4679_end" }, "geometry": { "type": "Point", "coordinates": [ 118.0493859, 36.7841293 ] } },
{ "type": "Feature", "properties": { "osm_id": "4681_start" }, "geometry": { "type": "Point", "coordinates": [ 118.0489408, 36.7848843 ] } },
{ "type": "Feature", "properties": { "osm_id": "4681_end" }, "geometry": { "type": "Point", "coordinates": [ 118.0496559, 36.7846429 ] } },
{ "type": "Feature", "properties": { "osm_id": "4684_start" }, "geometry": { "type": "Point", "coordinates": [ 118.0496286, 36.7831243 ] } },
{ "type": "Feature", "properties": { "osm_id": "4684_end" }, "geometry": { "type": "Point", "coordinates": [ 118.0482101, 36.7841019 ] } },
{ "type": "Feature", "properties": { "osm_id": "4685_end" }, "geometry": { "type": "Point", "coordinates": [ 118.041778, 36.7909489 ] } },
{ "type": "Feature", "properties": { "osm_id": "4686_end" }, "geometry": { "type": "Point", "coordinates": [ 118.0420895, 36.791427 ] } },
{ "type": "Feature", "properties": { "osm_id": "4687_start" }, "geometry": { "type": "Point", "coordinates": [ 118.0779219, 36.8014312 ] } },
{ "type": "Feature", "properties": { "osm_id": "4687_end" }, "geometry": { "type": "Point", "coordinates": [ 118.0776648, 36.8022123 ] } },
{ "type": "Feature", "properties": { "osm_id": "4688_start" }, "geometry": { "type": "Point", "coordinates": [ 118.0779782, 36.8018503 ] } },
{ "type": "Feature", "properties": { "osm_id": "4688_end" }, "geometry": { "type": "Point", "coordinates": [ 118.0784049, 36.8025711 ] } },
{ "type": "Feature", "properties": { "osm_id": "4689_start" }, "geometry": { "type": "Point", "coordinates": [ 118.0781206, 36.801881 ] } },
{ "type": "Feature", "properties": { "osm_id": "4689_end" }, "geometry": { "type": "Point", "coordinates": [ 118.0786821, 36.8002144 ] } },
{ "type": "Feature", "properties": { "osm_id": "4690_end" }, "geometry": { "type": "Point", "coordinates": [ 118.057705, 36.803856 ] } },
{ "type": "Feature", "properties": { "osm_id": "4691_end" }, "geometry": { "type": "Point", "coordinates": [ 118.0565172, 36.7970991 ] } },
{ "type": "Feature", "properties": { "osm_id": "4694_start" }, "geometry": { "type": "Point", "coordinates": [ 118.0621744, 36.8095283 ] } },
{ "type": "Feature", "properties": { "osm_id": "4695_start" }, "geometry": { "type": "Point", "coordinates": [ 118.0622384, 36.809652 ] } },
{ "type": "Feature", "properties": { "osm_id": "4696_start" }, "geometry": { "type": "Point", "coordinates": [ 118.0620327, 36.8098663 ] } },
{ "type": "Feature", "properties": { "osm_id": "4696_end" }, "geometry": { "type": "Point", "coordinates": [ 118.0623742, 36.8097929 ] } },
{ "type": "Feature", "properties": { "osm_id": "4697_start" }, "geometry": { "type": "Point", "coordinates": [ 118.0620395, 36.8096128 ] } },
{ "type": "Feature", "properties": { "osm_id": "4697_end" }, "geometry": { "type": "Point", "coordinates": [ 118.0623756, 36.80954 ] } },
{ "type": "Feature", "properties": { "osm_id": "4700_start" }, "geometry": { "type": "Point", "coordinates": [ 118.0511315, 36.7878727 ] } },
{ "type": "Feature", "properties": { "osm_id": "4700_end" }, "geometry": { "type": "Point", "coordinates": [ 118.0508908, 36.7879521 ] } },
{ "type": "Feature", "properties": { "osm_id": "4702_start" }, "geometry": { "type": "Point", "coordinates": [ 118.0515504, 36.7874231 ] } },
{ "type": "Feature", "properties": { "osm_id": "4703_start" }, "geometry": { "type": "Point", "coordinates": [ 118.0512217, 36.7880404 ] } },
{ "type": "Feature", "properties": { "osm_id": "4703_end" }, "geometry": { "type": "Point", "coordinates": [ 118.0509795, 36.7881216 ] } },
{ "type": "Feature", "properties": { "osm_id": "4704_end" }, "geometry": { "type": "Point", "coordinates": [ 118.0515859, 36.7882185 ] } },
{ "type": "Feature", "properties": { "osm_id": "4705_end" }, "geometry": { "type": "Point", "coordinates": [ 118.0522079, 36.7880101 ] } },
{ "type": "Feature", "properties": { "osm_id": "4706_start" }, "geometry": { "type": "Point", "coordinates": [ 118.0517685, 36.7878503 ] } },
{ "type": "Feature", "properties": { "osm_id": "4706_end" }, "geometry": { "type": "Point", "coordinates": [ 118.0514524, 36.787957 ] } },
{ "type": "Feature", "properties": { "osm_id": "4707_end" }, "geometry": { "type": "Point", "coordinates": [ 118.0520744, 36.7877486 ] } },
{ "type": "Feature", "properties": { "osm_id": "4708_start" }, "geometry": { "type": "Point", "coordinates": [ 118.0516875, 36.7876917 ] } },
{ "type": "Feature", "properties": { "osm_id": "4708_end" }, "geometry": { "type": "Point", "coordinates": [ 118.0513806, 36.7877974 ] } },
{ "type": "Feature", "properties": { "osm_id": "4709_end" }, "geometry": { "type": "Point", "coordinates": [ 118.0520026, 36.787589 ] } },
{ "type": "Feature", "properties": { "osm_id": "4710_start" }, "geometry": { "type": "Point", "coordinates": [ 118.0518425, 36.7873306 ] } },
{ "type": "Feature", "properties": { "osm_id": "4715_start" }, "geometry": { "type": "Point", "coordinates": [ 118.0477868, 36.7829918 ] } },
{ "type": "Feature", "properties": { "osm_id": "4715_end" }, "geometry": { "type": "Point", "coordinates": [ 118.0481728, 36.7825615 ] } },
{ "type": "Feature", "properties": { "osm_id": "4717_end" }, "geometry": { "type": "Point", "coordinates": [ 118.0483628, 36.7824975 ] } },
{ "type": "Feature", "properties": { "osm_id": "4719_start" }, "geometry": { "type": "Point", "coordinates": [ 118.1056923, 36.7896404 ] } },
{ "type": "Feature", "properties": { "osm_id": "4719_end" }, "geometry": { "type": "Point", "coordinates": [ 118.1059454, 36.7931736 ] } },
{ "type": "Feature", "properties": { "osm_id": "4720_start" }, "geometry": { "type": "Point", "coordinates": [ 118.1056342, 36.7931612 ] } },
{ "type": "Feature", "properties": { "osm_id": "4720_end" }, "geometry": { "type": "Point", "coordinates": [ 118.1055754, 36.7896471 ] } },
{ "type": "Feature", "properties": { "osm_id": "4721_start" }, "geometry": { "type": "Point", "coordinates": [ 118.1055388, 36.7898329 ] } },
{ "type": "Feature", "properties": { "osm_id": "4722_end" }, "geometry": { "type": "Point", "coordinates": [ 118.1292006, 36.8285467 ] } },
{ "type": "Feature", "properties": { "osm_id": "4750_start" }, "geometry": { "type": "Point", "coordinates": [ 117.9805985, 36.8496298 ] } },
{ "type": "Feature", "properties": { "osm_id": "4750_end" }, "geometry": { "type": "Point", "coordinates": [ 117.9804126, 36.8476793 ] } },
{ "type": "Feature", "properties": { "osm_id": "4751_start" }, "geometry": { "type": "Point", "coordinates": [ 118.0265197, 36.8491581 ] } },
{ "type": "Feature", "properties": { "osm_id": "4751_end" }, "geometry": { "type": "Point", "coordinates": [ 118.0266893, 36.8491385 ] } },
{ "type": "Feature", "properties": { "osm_id": "4773_start" }, "geometry": { "type": "Point", "coordinates": [ 118.0309209, 36.8053813 ] } },
{ "type": "Feature", "properties": { "osm_id": "4773_end" }, "geometry": { "type": "Point", "coordinates": [ 118.0361093, 36.8053668 ] } },
{ "type": "Feature", "properties": { "osm_id": "4774_start" }, "geometry": { "type": "Point", "coordinates": [ 118.045246, 36.8058103 ] } },
{ "type": "Feature", "properties": { "osm_id": "4774_end" }, "geometry": { "type": "Point", "coordinates": [ 118.045169, 36.8054888 ] } },
{ "type": "Feature", "properties": { "osm_id": "4777_start" }, "geometry": { "type": "Point", "coordinates": [ 118.07304, 36.7768924 ] } },
{ "type": "Feature", "properties": { "osm_id": "4778_start" }, "geometry": { "type": "Point", "coordinates": [ 118.0740539, 36.7835843 ] } },
{ "type": "Feature", "properties": { "osm_id": "4778_end" }, "geometry": { "type": "Point", "coordinates": [ 118.0729045, 36.7769473 ] } },
{ "type": "Feature", "properties": { "osm_id": "4781_start" }, "geometry": { "type": "Point", "coordinates": [ 117.99919, 36.7451954 ] } },
{ "type": "Feature", "properties": { "osm_id": "4781_end" }, "geometry": { "type": "Point", "coordinates": [ 117.9994428, 36.7451838 ] } },
{ "type": "Feature", "properties": { "osm_id": "4782_start" }, "geometry": { "type": "Point", "coordinates": [ 117.9994047, 36.7474286 ] } },
{ "type": "Feature", "properties": { "osm_id": "4782_end" }, "geometry": { "type": "Point", "coordinates": [ 117.9996567, 36.7474076 ] } },
{ "type": "Feature", "properties": { "osm_id": "4783_start" }, "geometry": { "type": "Point", "coordinates": [ 117.9996568, 36.7500507 ] } },
{ "type": "Feature", "properties": { "osm_id": "4783_end" }, "geometry": { "type": "Point", "coordinates": [ 117.9999089, 36.7500294 ] } },
{ "type": "Feature", "properties": { "osm_id": "4784_start" }, "geometry": { "type": "Point", "coordinates": [ 118.0000554, 36.7541969 ] } },
{ "type": "Feature", "properties": { "osm_id": "4784_end" }, "geometry": { "type": "Point", "coordinates": [ 118.0003081, 36.7541804 ] } },
{ "type": "Feature", "properties": { "osm_id": "4785_start" }, "geometry": { "type": "Point", "coordinates": [ 118.0002534, 36.756257 ] } },
{ "type": "Feature", "properties": { "osm_id": "4785_end" }, "geometry": { "type": "Point", "coordinates": [ 118.0005055, 36.7562325 ] } },
{ "type": "Feature", "properties": { "osm_id": "4786_start" }, "geometry": { "type": "Point", "coordinates": [ 118.0004862, 36.7586784 ] } },
{ "type": "Feature", "properties": { "osm_id": "4786_end" }, "geometry": { "type": "Point", "coordinates": [ 118.0007397, 36.7586663 ] } },
{ "type": "Feature", "properties": { "osm_id": "4787_start" }, "geometry": { "type": "Point", "coordinates": [ 118.0008993, 36.7603254 ] } },
{ "type": "Feature", "properties": { "osm_id": "4787_end" }, "geometry": { "type": "Point", "coordinates": [ 118.0006466, 36.7603471 ] } },
{ "type": "Feature", "properties": { "osm_id": "4788_start" }, "geometry": { "type": "Point", "coordinates": [ 118.0008337, 36.7622782 ] } },
{ "type": "Feature", "properties": { "osm_id": "4788_end" }, "geometry": { "type": "Point", "coordinates": [ 118.0010858, 36.7622634 ] } },
{ "type": "Feature", "properties": { "osm_id": "4789_start" }, "geometry": { "type": "Point", "coordinates": [ 118.0009799, 36.763792 ] } },
{ "type": "Feature", "properties": { "osm_id": "4789_end" }, "geometry": { "type": "Point", "coordinates": [ 118.0012315, 36.7637781 ] } },
{ "type": "Feature", "properties": { "osm_id": "4790_start" }, "geometry": { "type": "Point", "coordinates": [ 118.0012463, 36.7665482 ] } },
{ "type": "Feature", "properties": { "osm_id": "4790_end" }, "geometry": { "type": "Point", "coordinates": [ 118.0014962, 36.7665288 ] } },
{ "type": "Feature", "properties": { "osm_id": "4791_start" }, "geometry": { "type": "Point", "coordinates": [ 118.0018402, 36.7701366 ] } },
{ "type": "Feature", "properties": { "osm_id": "4791_end" }, "geometry": { "type": "Point", "coordinates": [ 118.0015952, 36.7701587 ] } },
{ "type": "Feature", "properties": { "osm_id": "4792_start" }, "geometry": { "type": "Point", "coordinates": [ 118.0017689, 36.7719978 ] } },
{ "type": "Feature", "properties": { "osm_id": "4792_end" }, "geometry": { "type": "Point", "coordinates": [ 118.0020204, 36.7719768 ] } },
{ "type": "Feature", "properties": { "osm_id": "4793_start" }, "geometry": { "type": "Point", "coordinates": [ 118.001992, 36.7742968 ] } },
{ "type": "Feature", "properties": { "osm_id": "4793_end" }, "geometry": { "type": "Point", "coordinates": [ 118.0022419, 36.7742798 ] } },
{ "type": "Feature", "properties": { "osm_id": "4794_start" }, "geometry": { "type": "Point", "coordinates": [ 118.0023428, 36.7753291 ] } },
{ "type": "Feature", "properties": { "osm_id": "4794_end" }, "geometry": { "type": "Point", "coordinates": [ 118.0020948, 36.7753551 ] } },
{ "type": "Feature", "properties": { "osm_id": "4795_start" }, "geometry": { "type": "Point", "coordinates": [ 118.0022969, 36.777437 ] } },
{ "type": "Feature", "properties": { "osm_id": "4795_end" }, "geometry": { "type": "Point", "coordinates": [ 118.0025429, 36.7774097 ] } },
{ "type": "Feature", "properties": { "osm_id": "4796_start" }, "geometry": { "type": "Point", "coordinates": [ 118.0024418, 36.7789302 ] } },
{ "type": "Feature", "properties": { "osm_id": "4796_end" }, "geometry": { "type": "Point", "coordinates": [ 118.0026869, 36.77891 ] } },
{ "type": "Feature", "properties": { "osm_id": "4797_start" }, "geometry": { "type": "Point", "coordinates": [ 118.0028535, 36.7806446 ] } },
{ "type": "Feature", "properties": { "osm_id": "4797_end" }, "geometry": { "type": "Point", "coordinates": [ 118.0026114, 36.7806785 ] } },
{ "type": "Feature", "properties": { "osm_id": "4798_start" }, "geometry": { "type": "Point", "coordinates": [ 118.0027761, 36.7823986 ] } },
{ "type": "Feature", "properties": { "osm_id": "4798_end" }, "geometry": { "type": "Point", "coordinates": [ 118.0030205, 36.78238 ] } },
{ "type": "Feature", "properties": { "osm_id": "4799_start" }, "geometry": { "type": "Point", "coordinates": [ 118.0029016, 36.7837233 ] } },
{ "type": "Feature", "properties": { "osm_id": "4799_end" }, "geometry": { "type": "Point", "coordinates": [ 118.0031498, 36.7837201 ] } },
{ "type": "Feature", "properties": { "osm_id": "4800_start" }, "geometry": { "type": "Point", "coordinates": [ 118.0033182, 36.7854664 ] } },
{ "type": "Feature", "properties": { "osm_id": "4800_end" }, "geometry": { "type": "Point", "coordinates": [ 118.0030681, 36.7854825 ] } },
{ "type": "Feature", "properties": { "osm_id": "4801_start" }, "geometry": { "type": "Point", "coordinates": [ 118.003261, 36.7877181 ] } },
{ "type": "Feature", "properties": { "osm_id": "4801_end" }, "geometry": { "type": "Point", "coordinates": [ 118.0035135, 36.7876967 ] } },
{ "type": "Feature", "properties": { "osm_id": "4802_start" }, "geometry": { "type": "Point", "coordinates": [ 118.0036951, 36.790265 ] } },
{ "type": "Feature", "properties": { "osm_id": "4802_end" }, "geometry": { "type": "Point", "coordinates": [ 118.0034427, 36.7902885 ] } },
{ "type": "Feature", "properties": { "osm_id": "4805_start" }, "geometry": { "type": "Point", "coordinates": [ 118.0042963, 36.8024107 ] } },
{ "type": "Feature", "properties": { "osm_id": "4805_end" }, "geometry": { "type": "Point", "coordinates": [ 118.0040877, 36.7996044 ] } },
{ "type": "Feature", "properties": { "osm_id": "4808_start" }, "geometry": { "type": "Point", "coordinates": [ 118.0316644, 36.7964976 ] } },
{ "type": "Feature", "properties": { "osm_id": "4808_end" }, "geometry": { "type": "Point", "coordinates": [ 118.030596, 36.7972695 ] } },
{ "type": "Feature", "properties": { "osm_id": "4809_start" }, "geometry": { "type": "Point", "coordinates": [ 118.030228, 36.7973078 ] } },
{ "type": "Feature", "properties": { "osm_id": "4809_end" }, "geometry": { "type": "Point", "coordinates": [ 118.0291332, 36.796722 ] } },
{ "type": "Feature", "properties": { "osm_id": "4811_end" }, "geometry": { "type": "Point", "coordinates": [ 118.0294392, 36.7966839 ] } },
{ "type": "Feature", "properties": { "osm_id": "4812_start" }, "geometry": { "type": "Point", "coordinates": [ 118.0294445, 36.7964677 ] } },
{ "type": "Feature", "properties": { "osm_id": "4812_end" }, "geometry": { "type": "Point", "coordinates": [ 118.0295036, 36.7966474 ] } },
{ "type": "Feature", "properties": { "osm_id": "4813_end" }, "geometry": { "type": "Point", "coordinates": [ 118.0293841, 36.796406 ] } },
{ "type": "Feature", "properties": { "osm_id": "4815_start" }, "geometry": { "type": "Point", "coordinates": [ 118.0311693, 36.7965164 ] } },
{ "type": "Feature", "properties": { "osm_id": "4815_end" }, "geometry": { "type": "Point", "coordinates": [ 118.03114, 36.7963234 ] } },
{ "type": "Feature", "properties": { "osm_id": "4816_start" }, "geometry": { "type": "Point", "coordinates": [ 118.0312658, 36.7965808 ] } },
{ "type": "Feature", "properties": { "osm_id": "4816_end" }, "geometry": { "type": "Point", "coordinates": [ 118.0315414, 36.7965612 ] } },
{ "type": "Feature", "properties": { "osm_id": "4828_start" }, "geometry": { "type": "Point", "coordinates": [ 118.0475885, 36.8358688 ] } },
{ "type": "Feature", "properties": { "osm_id": "4828_end" }, "geometry": { "type": "Point", "coordinates": [ 118.0475968, 36.8360585 ] } },
{ "type": "Feature", "properties": { "osm_id": "4829_end" }, "geometry": { "type": "Point", "coordinates": [ 118.045768, 36.8358341 ] } },
{ "type": "Feature", "properties": { "osm_id": "4837_start" }, "geometry": { "type": "Point", "coordinates": [ 118.0263436, 36.8368185 ] } },
{ "type": "Feature", "properties": { "osm_id": "4837_end" }, "geometry": { "type": "Point", "coordinates": [ 118.0256338, 36.8368583 ] } },
{ "type": "Feature", "properties": { "osm_id": "4840_start" }, "geometry": { "type": "Point", "coordinates": [ 118.0333268, 36.836198 ] } },
{ "type": "Feature", "properties": { "osm_id": "4840_end" }, "geometry": { "type": "Point", "coordinates": [ 118.0333346, 36.8365707 ] } },
{ "type": "Feature", "properties": { "osm_id": "4845_start" }, "geometry": { "type": "Point", "coordinates": [ 118.0361444, 36.8364711 ] } },
{ "type": "Feature", "properties": { "osm_id": "4845_end" }, "geometry": { "type": "Point", "coordinates": [ 118.0361211, 36.836115 ] } },
{ "type": "Feature", "properties": { "osm_id": "4846_start" }, "geometry": { "type": "Point", "coordinates": [ 118.0259132, 36.8368427 ] } },
{ "type": "Feature", "properties": { "osm_id": "4846_end" }, "geometry": { "type": "Point", "coordinates": [ 118.0258967, 36.8364186 ] } },
{ "type": "Feature", "properties": { "osm_id": "4847_start" }, "geometry": { "type": "Point", "coordinates": [ 118.0265498, 36.8363993 ] } },
{ "type": "Feature", "properties": { "osm_id": "4847_end" }, "geometry": { "type": "Point", "coordinates": [ 118.0265651, 36.8368106 ] } },
{ "type": "Feature", "properties": { "osm_id": "4848_start" }, "geometry": { "type": "Point", "coordinates": [ 118.0241222, 36.8369128 ] } },
{ "type": "Feature", "properties": { "osm_id": "4848_end" }, "geometry": { "type": "Point", "coordinates": [ 118.0241153, 36.8364716 ] } },
{ "type": "Feature", "properties": { "osm_id": "4851_start" }, "geometry": { "type": "Point", "coordinates": [ 118.030958, 36.8344974 ] } },
{ "type": "Feature", "properties": { "osm_id": "4851_end" }, "geometry": { "type": "Point", "coordinates": [ 118.0310734, 36.8345002 ] } },
{ "type": "Feature", "properties": { "osm_id": "4860_start" }, "geometry": { "type": "Point", "coordinates": [ 118.0331537, 36.8465914 ] } },
{ "type": "Feature", "properties": { "osm_id": "4860_end" }, "geometry": { "type": "Point", "coordinates": [ 118.0331506, 36.8463779 ] } },
{ "type": "Feature", "properties": { "osm_id": "4861_start" }, "geometry": { "type": "Point", "coordinates": [ 118.0308874, 36.8346877 ] } },
{ "type": "Feature", "properties": { "osm_id": "4861_end" }, "geometry": { "type": "Point", "coordinates": [ 118.0308628, 36.8289601 ] } },
{ "type": "Feature", "properties": { "osm_id": "4866_start" }, "geometry": { "type": "Point", "coordinates": [ 118.0311059, 36.8289547 ] } },
{ "type": "Feature", "properties": { "osm_id": "4866_end" }, "geometry": { "type": "Point", "coordinates": [ 118.0311395, 36.8346906 ] } },
{ "type": "Feature", "properties": { "osm_id": "4867_start" }, "geometry": { "type": "Point", "coordinates": [ 118.030872, 36.8275143 ] } },
{ "type": "Feature", "properties": { "osm_id": "4867_end" }, "geometry": { "type": "Point", "coordinates": [ 118.0308328, 36.8220417 ] } },
{ "type": "Feature", "properties": { "osm_id": "4872_start" }, "geometry": { "type": "Point", "coordinates": [ 118.0310544, 36.821867 ] } },
{ "type": "Feature", "properties": { "osm_id": "4872_end" }, "geometry": { "type": "Point", "coordinates": [ 118.0310903, 36.8274158 ] } },
{ "type": "Feature", "properties": { "osm_id": "4874_start" }, "geometry": { "type": "Point", "coordinates": [ 118.0308092, 36.8198092 ] } },
{ "type": "Feature", "properties": { "osm_id": "4874_end" }, "geometry": { "type": "Point", "coordinates": [ 118.0307969, 36.8139101 ] } },
{ "type": "Feature", "properties": { "osm_id": "4877_start" }, "geometry": { "type": "Point", "coordinates": [ 118.0310448, 36.815055 ] } },
{ "type": "Feature", "properties": { "osm_id": "4877_end" }, "geometry": { "type": "Point", "coordinates": [ 118.0310658, 36.820057 ] } },
{ "type": "Feature", "properties": { "osm_id": "4879_start" }, "geometry": { "type": "Point", "coordinates": [ 118.0308199, 36.8135433 ] } },
{ "type": "Feature", "properties": { "osm_id": "4879_end" }, "geometry": { "type": "Point", "coordinates": [ 118.0307634, 36.8084706 ] } },
{ "type": "Feature", "properties": { "osm_id": "4883_start" }, "geometry": { "type": "Point", "coordinates": [ 118.0309931, 36.8084417 ] } },
{ "type": "Feature", "properties": { "osm_id": "4883_end" }, "geometry": { "type": "Point", "coordinates": [ 118.0310078, 36.8128186 ] } },
{ "type": "Feature", "properties": { "osm_id": "4889_start" }, "geometry": { "type": "Point", "coordinates": [ 118.0306297, 36.800686 ] } },
{ "type": "Feature", "properties": { "osm_id": "4890_end" }, "geometry": { "type": "Point", "coordinates": [ 118.0309068, 36.8006688 ] } },
{ "type": "Feature", "properties": { "osm_id": "4892_start" }, "geometry": { "type": "Point", "coordinates": [ 118.0269463, 36.7845591 ] } },
{ "type": "Feature", "properties": { "osm_id": "4893_start" }, "geometry": { "type": "Point", "coordinates": [ 118.0266387, 36.7845906 ] } },
{ "type": "Feature", "properties": { "osm_id": "4914_start" }, "geometry": { "type": "Point", "coordinates": [ 117.9842589, 36.8304341 ] } },
{ "type": "Feature", "properties": { "osm_id": "4914_end" }, "geometry": { "type": "Point", "coordinates": [ 117.9796045, 36.8306939 ] } },
{ "type": "Feature", "properties": { "osm_id": "4915_start" }, "geometry": { "type": "Point", "coordinates": [ 117.9847077, 36.830409 ] } },
{ "type": "Feature", "properties": { "osm_id": "4916_start" }, "geometry": { "type": "Point", "coordinates": [ 117.9794217, 36.8304673 ] } },
{ "type": "Feature", "properties": { "osm_id": "4916_end" }, "geometry": { "type": "Point", "coordinates": [ 117.9842483, 36.8301836 ] } },
{ "type": "Feature", "properties": { "osm_id": "4917_end" }, "geometry": { "type": "Point", "coordinates": [ 117.984808, 36.8301508 ] } },
{ "type": "Feature", "properties": { "osm_id": "4918_start" }, "geometry": { "type": "Point", "coordinates": [ 117.9835059, 36.8238903 ] } },
{ "type": "Feature", "properties": { "osm_id": "4919_start" }, "geometry": { "type": "Point", "coordinates": [ 117.984013, 36.823865 ] } },
{ "type": "Feature", "properties": { "osm_id": "4920_end" }, "geometry": { "type": "Point", "coordinates": [ 117.9834394, 36.8235639 ] } },
{ "type": "Feature", "properties": { "osm_id": "4921_end" }, "geometry": { "type": "Point", "coordinates": [ 117.9839982, 36.8235229 ] } },
{ "type": "Feature", "properties": { "osm_id": "4922_start" }, "geometry": { "type": "Point", "coordinates": [ 118.0190812, 36.8237484 ] } },
{ "type": "Feature", "properties": { "osm_id": "4922_end" }, "geometry": { "type": "Point", "coordinates": [ 118.0124076, 36.8240958 ] } },
{ "type": "Feature", "properties": { "osm_id": "4923_start" }, "geometry": { "type": "Point", "coordinates": [ 118.0196412, 36.8237192 ] } },
{ "type": "Feature", "properties": { "osm_id": "4924_start" }, "geometry": { "type": "Point", "coordinates": [ 118.0197449, 36.8237138 ] } },
{ "type": "Feature", "properties": { "osm_id": "4925_start" }, "geometry": { "type": "Point", "coordinates": [ 118.0192382, 36.8273601 ] } },
{ "type": "Feature", "properties": { "osm_id": "4925_end" }, "geometry": { "type": "Point", "coordinates": [ 118.0197987, 36.8273392 ] } },
{ "type": "Feature", "properties": { "osm_id": "4926_end" }, "geometry": { "type": "Point", "coordinates": [ 118.0199031, 36.8273353 ] } },
{ "type": "Feature", "properties": { "osm_id": "4927_start" }, "geometry": { "type": "Point", "coordinates": [ 118.0188743, 36.8273737 ] } },
{ "type": "Feature", "properties": { "osm_id": "4928_start" }, "geometry": { "type": "Point", "coordinates": [ 118.0190555, 36.8326494 ] } },
{ "type": "Feature", "properties": { "osm_id": "4928_end" }, "geometry": { "type": "Point", "coordinates": [ 118.0186856, 36.8328389 ] } },
{ "type": "Feature", "properties": { "osm_id": "4929_start" }, "geometry": { "type": "Point", "coordinates": [ 118.0186871, 36.8322573 ] } },
{ "type": "Feature", "properties": { "osm_id": "4929_end" }, "geometry": { "type": "Point", "coordinates": [ 118.0190487, 36.8323967 ] } },
{ "type": "Feature", "properties": { "osm_id": "4930_start" }, "geometry": { "type": "Point", "coordinates": [ 117.9857303, 36.8390469 ] } },
{ "type": "Feature", "properties": { "osm_id": "4930_end" }, "geometry": { "type": "Point", "coordinates": [ 117.9862282, 36.838911 ] } },
{ "type": "Feature", "properties": { "osm_id": "4931_end" }, "geometry": { "type": "Point", "coordinates": [ 117.9899295, 36.8408616 ] } },
{ "type": "Feature", "properties": { "osm_id": "4932_start" }, "geometry": { "type": "Point", "coordinates": [ 117.9899566, 36.8411653 ] } },
{ "type": "Feature", "properties": { "osm_id": "4932_end" }, "geometry": { "type": "Point", "coordinates": [ 117.9803621, 36.8436423 ] } },
{ "type": "Feature", "properties": { "osm_id": "4933_start" }, "geometry": { "type": "Point", "coordinates": [ 117.9799955, 36.8436444 ] } },
{ "type": "Feature", "properties": { "osm_id": "4933_end" }, "geometry": { "type": "Point", "coordinates": [ 117.9787793, 36.8434883 ] } },
{ "type": "Feature", "properties": { "osm_id": "4934_end" }, "geometry": { "type": "Point", "coordinates": [ 117.9785706, 36.8433083 ] } },
{ "type": "Feature", "properties": { "osm_id": "4936_end" }, "geometry": { "type": "Point", "coordinates": [ 117.977436, 36.8415655 ] } },
{ "type": "Feature", "properties": { "osm_id": "4937_start" }, "geometry": { "type": "Point", "coordinates": [ 117.9774215, 36.841305 ] } },
{ "type": "Feature", "properties": { "osm_id": "4937_end" }, "geometry": { "type": "Point", "coordinates": [ 117.9842009, 36.839084 ] } },
{ "type": "Feature", "properties": { "osm_id": "4938_end" }, "geometry": { "type": "Point", "coordinates": [ 117.9828187, 36.8393682 ] } },
{ "type": "Feature", "properties": { "osm_id": "4939_end" }, "geometry": { "type": "Point", "coordinates": [ 117.9855452, 36.8390775 ] } },
{ "type": "Feature", "properties": { "osm_id": "4940_start" }, "geometry": { "type": "Point", "coordinates": [ 117.9828607, 36.8406007 ] } },
{ "type": "Feature", "properties": { "osm_id": "4940_end" }, "geometry": { "type": "Point", "coordinates": [ 117.9828577, 36.8408086 ] } },
{ "type": "Feature", "properties": { "osm_id": "4941_start" }, "geometry": { "type": "Point", "coordinates": [ 117.983247, 36.8413345 ] } },
{ "type": "Feature", "properties": { "osm_id": "4941_end" }, "geometry": { "type": "Point", "coordinates": [ 117.9832282, 36.8410027 ] } },
{ "type": "Feature", "properties": { "osm_id": "4942_start" }, "geometry": { "type": "Point", "coordinates": [ 117.9832923, 36.8411801 ] } },
{ "type": "Feature", "properties": { "osm_id": "4942_end" }, "geometry": { "type": "Point", "coordinates": [ 117.983414, 36.8411743 ] } },
{ "type": "Feature", "properties": { "osm_id": "4943_start" }, "geometry": { "type": "Point", "coordinates": [ 117.9830981, 36.8405291 ] } },
{ "type": "Feature", "properties": { "osm_id": "4943_end" }, "geometry": { "type": "Point", "coordinates": [ 117.9824708, 36.8414114 ] } },
{ "type": "Feature", "properties": { "osm_id": "4944_end" }, "geometry": { "type": "Point", "coordinates": [ 117.9824613, 36.8409828 ] } },
{ "type": "Feature", "properties": { "osm_id": "4945_end" }, "geometry": { "type": "Point", "coordinates": [ 117.9827358, 36.8406099 ] } },
{ "type": "Feature", "properties": { "osm_id": "4946_start" }, "geometry": { "type": "Point", "coordinates": [ 117.9827303, 36.8407732 ] } },
{ "type": "Feature", "properties": { "osm_id": "4946_end" }, "geometry": { "type": "Point", "coordinates": [ 117.9829969, 36.84076 ] } },
{ "type": "Feature", "properties": { "osm_id": "4947_end" }, "geometry": { "type": "Point", "coordinates": [ 117.9833785, 36.8407537 ] } },
{ "type": "Feature", "properties": { "osm_id": "4948_start" }, "geometry": { "type": "Point", "coordinates": [ 117.9828094, 36.8430154 ] } },
{ "type": "Feature", "properties": { "osm_id": "4948_end" }, "geometry": { "type": "Point", "coordinates": [ 117.9868804, 36.8425968 ] } },
{ "type": "Feature", "properties": { "osm_id": "4949_start" }, "geometry": { "type": "Point", "coordinates": [ 117.9826293, 36.8405379 ] } },
{ "type": "Feature", "properties": { "osm_id": "4949_end" }, "geometry": { "type": "Point", "coordinates": [ 117.9826008, 36.8428336 ] } },
{ "type": "Feature", "properties": { "osm_id": "4951_start" }, "geometry": { "type": "Point", "coordinates": [ 117.9816543, 36.8417223 ] } },
{ "type": "Feature", "properties": { "osm_id": "4951_end" }, "geometry": { "type": "Point", "coordinates": [ 117.9831297, 36.8416027 ] } },
{ "type": "Feature", "properties": { "osm_id": "4952_start" }, "geometry": { "type": "Point", "coordinates": [ 117.9802416, 36.8440572 ] } },
{ "type": "Feature", "properties": { "osm_id": "4952_end" }, "geometry": { "type": "Point", "coordinates": [ 117.9802438, 36.8442045 ] } },
{ "type": "Feature", "properties": { "osm_id": "4953_start" }, "geometry": { "type": "Point", "coordinates": [ 117.977127, 36.841466 ] } },
{ "type": "Feature", "properties": { "osm_id": "4953_end" }, "geometry": { "type": "Point", "coordinates": [ 117.9765904, 36.8414732 ] } },
{ "type": "Feature", "properties": { "osm_id": "4954_start" }, "geometry": { "type": "Point", "coordinates": [ 117.9772738, 36.8414592 ] } },
{ "type": "Feature", "properties": { "osm_id": "4955_end" }, "geometry": { "type": "Point", "coordinates": [ 117.9763239, 36.8414866 ] } },
{ "type": "Feature", "properties": { "osm_id": "4956_start" }, "geometry": { "type": "Point", "coordinates": [ 117.9849145, 36.8386603 ] } },
{ "type": "Feature", "properties": { "osm_id": "4956_end" }, "geometry": { "type": "Point", "coordinates": [ 117.9849059, 36.8384934 ] } },
{ "type": "Feature", "properties": { "osm_id": "4957_start" }, "geometry": { "type": "Point", "coordinates": [ 117.9903419, 36.8411213 ] } },
{ "type": "Feature", "properties": { "osm_id": "4957_end" }, "geometry": { "type": "Point", "coordinates": [ 117.990798, 36.8411083 ] } },
{ "type": "Feature", "properties": { "osm_id": "4958_start" }, "geometry": { "type": "Point", "coordinates": [ 117.9812453, 36.8424087 ] } },
{ "type": "Feature", "properties": { "osm_id": "4958_end" }, "geometry": { "type": "Point", "coordinates": [ 117.980763, 36.8423479 ] } },
{ "type": "Feature", "properties": { "osm_id": "4959_start" }, "geometry": { "type": "Point", "coordinates": [ 117.9776338, 36.8406154 ] } },
{ "type": "Feature", "properties": { "osm_id": "4959_end" }, "geometry": { "type": "Point", "coordinates": [ 117.9783035, 36.8414683 ] } },
{ "type": "Feature", "properties": { "osm_id": "4960_start" }, "geometry": { "type": "Point", "coordinates": [ 117.9775146, 36.842021 ] } },
{ "type": "Feature", "properties": { "osm_id": "4960_end" }, "geometry": { "type": "Point", "coordinates": [ 117.9781603, 36.841715 ] } },
{ "type": "Feature", "properties": { "osm_id": "4961_start" }, "geometry": { "type": "Point", "coordinates": [ 117.9784685, 36.8417125 ] } },
{ "type": "Feature", "properties": { "osm_id": "4961_end" }, "geometry": { "type": "Point", "coordinates": [ 117.9784595, 36.8432113 ] } },
{ "type": "Feature", "properties": { "osm_id": "4962_start" }, "geometry": { "type": "Point", "coordinates": [ 117.9784578, 36.8391599 ] } },
{ "type": "Feature", "properties": { "osm_id": "4962_end" }, "geometry": { "type": "Point", "coordinates": [ 117.979872, 36.8391889 ] } },
{ "type": "Feature", "properties": { "osm_id": "4963_start" }, "geometry": { "type": "Point", "coordinates": [ 117.9810087, 36.8396133 ] } },
{ "type": "Feature", "properties": { "osm_id": "4963_end" }, "geometry": { "type": "Point", "coordinates": [ 117.9825059, 36.8395459 ] } },
{ "type": "Feature", "properties": { "osm_id": "4964_start" }, "geometry": { "type": "Point", "coordinates": [ 117.9232375, 36.8490848 ] } },
{ "type": "Feature", "properties": { "osm_id": "4964_end" }, "geometry": { "type": "Point", "coordinates": [ 117.9294657, 36.8423925 ] } },
{ "type": "Feature", "properties": { "osm_id": "4965_start" }, "geometry": { "type": "Point", "coordinates": [ 117.9265771, 36.8424945 ] } },
{ "type": "Feature", "properties": { "osm_id": "4965_end" }, "geometry": { "type": "Point", "coordinates": [ 117.9264428, 36.8396908 ] } },
{ "type": "Feature", "properties": { "osm_id": "4966_start" }, "geometry": { "type": "Point", "coordinates": [ 117.9191032, 36.8374124 ] } },
{ "type": "Feature", "properties": { "osm_id": "4966_end" }, "geometry": { "type": "Point", "coordinates": [ 117.9229944, 36.8372742 ] } },
{ "type": "Feature", "properties": { "osm_id": "4967_start" }, "geometry": { "type": "Point", "coordinates": [ 117.9340603, 36.8460501 ] } },
{ "type": "Feature", "properties": { "osm_id": "4967_end" }, "geometry": { "type": "Point", "coordinates": [ 117.9247906, 36.8446142 ] } },
{ "type": "Feature", "properties": { "osm_id": "4968_start" }, "geometry": { "type": "Point", "coordinates": [ 117.9304661, 36.844065 ] } },
{ "type": "Feature", "properties": { "osm_id": "4968_end" }, "geometry": { "type": "Point", "coordinates": [ 117.9248469, 36.8484984 ] } },
{ "type": "Feature", "properties": { "osm_id": "4969_start" }, "geometry": { "type": "Point", "coordinates": [ 117.9340501, 36.8449361 ] } },
{ "type": "Feature", "properties": { "osm_id": "4969_end" }, "geometry": { "type": "Point", "coordinates": [ 117.9346692, 36.8449295 ] } },
{ "type": "Feature", "properties": { "osm_id": "4970_start" }, "geometry": { "type": "Point", "coordinates": [ 117.9346807, 36.8451936 ] } },
{ "type": "Feature", "properties": { "osm_id": "4970_end" }, "geometry": { "type": "Point", "coordinates": [ 117.9340526, 36.8452066 ] } },
{ "type": "Feature", "properties": { "osm_id": "4971_start" }, "geometry": { "type": "Point", "coordinates": [ 117.9293047, 36.8423982 ] } },
{ "type": "Feature", "properties": { "osm_id": "4971_end" }, "geometry": { "type": "Point", "coordinates": [ 117.9293129, 36.8426606 ] } },
{ "type": "Feature", "properties": { "osm_id": "4972_start" }, "geometry": { "type": "Point", "coordinates": [ 117.9235155, 36.847587 ] } },
{ "type": "Feature", "properties": { "osm_id": "4972_end" }, "geometry": { "type": "Point", "coordinates": [ 117.9232188, 36.8475891 ] } },
{ "type": "Feature", "properties": { "osm_id": "4973_start" }, "geometry": { "type": "Point", "coordinates": [ 117.92953, 36.8482589 ] } },
{ "type": "Feature", "properties": { "osm_id": "4973_end" }, "geometry": { "type": "Point", "coordinates": [ 117.9295406, 36.8488164 ] } },
{ "type": "Feature", "properties": { "osm_id": "4974_start" }, "geometry": { "type": "Point", "coordinates": [ 117.9292558, 36.8488306 ] } },
{ "type": "Feature", "properties": { "osm_id": "4974_end" }, "geometry": { "type": "Point", "coordinates": [ 117.9292564, 36.848261 ] } },
{ "type": "Feature", "properties": { "osm_id": "4975_start" }, "geometry": { "type": "Point", "coordinates": [ 117.9200233, 36.8498821 ] } },
{ "type": "Feature", "properties": { "osm_id": "4976_start" }, "geometry": { "type": "Point", "coordinates": [ 117.9217723, 36.8492931 ] } },
{ "type": "Feature", "properties": { "osm_id": "4976_end" }, "geometry": { "type": "Point", "coordinates": [ 117.921832, 36.8527687 ] } },
{ "type": "Feature", "properties": { "osm_id": "4977_start" }, "geometry": { "type": "Point", "coordinates": [ 117.9249317, 36.8498134 ] } },
{ "type": "Feature", "properties": { "osm_id": "4977_end" }, "geometry": { "type": "Point", "coordinates": [ 117.9249537, 36.8526057 ] } },
{ "type": "Feature", "properties": { "osm_id": "4978_start" }, "geometry": { "type": "Point", "coordinates": [ 117.923242, 36.8498371 ] } },
{ "type": "Feature", "properties": { "osm_id": "4978_end" }, "geometry": { "type": "Point", "coordinates": [ 117.9232791, 36.8526931 ] } },
{ "type": "Feature", "properties": { "osm_id": "4979_start" }, "geometry": { "type": "Point", "coordinates": [ 117.9266376, 36.8525178 ] } },
{ "type": "Feature", "properties": { "osm_id": "4979_end" }, "geometry": { "type": "Point", "coordinates": [ 117.9265894, 36.8497963 ] } },
{ "type": "Feature", "properties": { "osm_id": "4980_start" }, "geometry": { "type": "Point", "coordinates": [ 117.92581, 36.84911 ] } },
{ "type": "Feature", "properties": { "osm_id": "4980_end" }, "geometry": { "type": "Point", "coordinates": [ 117.925833, 36.8498041 ] } },
{ "type": "Feature", "properties": { "osm_id": "4981_start" }, "geometry": { "type": "Point", "coordinates": [ 117.9257096, 36.8498054 ] } },
{ "type": "Feature", "properties": { "osm_id": "4981_end" }, "geometry": { "type": "Point", "coordinates": [ 117.9256614, 36.8491157 ] } },
{ "type": "Feature", "properties": { "osm_id": "4994_start" }, "geometry": { "type": "Point", "coordinates": [ 118.0943491, 36.7622807 ] } },
{ "type": "Feature", "properties": { "osm_id": "4996_end" }, "geometry": { "type": "Point", "coordinates": [ 118.0947187, 36.7669069 ] } },
{ "type": "Feature", "properties": { "osm_id": "4998_end" }, "geometry": { "type": "Point", "coordinates": [ 118.0156207, 36.7059328 ] } },
{ "type": "Feature", "properties": { "osm_id": "4999_start" }, "geometry": { "type": "Point", "coordinates": [ 118.0197551, 36.6729342 ] } },
{ "type": "Feature", "properties": { "osm_id": "5000_start" }, "geometry": { "type": "Point", "coordinates": [ 118.0409231, 36.7508715 ] } },
{ "type": "Feature", "properties": { "osm_id": "5001_end" }, "geometry": { "type": "Point", "coordinates": [ 117.9454454, 36.747601 ] } },
{ "type": "Feature", "properties": { "osm_id": "5002_start" }, "geometry": { "type": "Point", "coordinates": [ 117.9460301, 36.7370059 ] } },
{ "type": "Feature", "properties": { "osm_id": "5002_end" }, "geometry": { "type": "Point", "coordinates": [ 117.9518928, 36.7322288 ] } },
{ "type": "Feature", "properties": { "osm_id": "5003_start" }, "geometry": { "type": "Point", "coordinates": [ 117.9444105, 36.7372129 ] } },
{ "type": "Feature", "properties": { "osm_id": "5003_end" }, "geometry": { "type": "Point", "coordinates": [ 117.9453936, 36.7338844 ] } },
{ "type": "Feature", "properties": { "osm_id": "5004_end" }, "geometry": { "type": "Point", "coordinates": [ 118.0109501, 36.705588 ] } },
{ "type": "Feature", "properties": { "osm_id": "5005_start" }, "geometry": { "type": "Point", "coordinates": [ 118.0190822, 36.7188513 ] } },
{ "type": "Feature", "properties": { "osm_id": "5005_end" }, "geometry": { "type": "Point", "coordinates": [ 118.0222957, 36.7184551 ] } },
{ "type": "Feature", "properties": { "osm_id": "5008_start" }, "geometry": { "type": "Point", "coordinates": [ 117.9898849, 36.7072834 ] } },
{ "type": "Feature", "properties": { "osm_id": "5008_end" }, "geometry": { "type": "Point", "coordinates": [ 117.9870987, 36.7076679 ] } },
{ "type": "Feature", "properties": { "osm_id": "5009_start" }, "geometry": { "type": "Point", "coordinates": [ 117.9913029, 36.7070175 ] } },
{ "type": "Feature", "properties": { "osm_id": "5010_start" }, "geometry": { "type": "Point", "coordinates": [ 117.9869611, 36.7075233 ] } },
{ "type": "Feature", "properties": { "osm_id": "5010_end" }, "geometry": { "type": "Point", "coordinates": [ 117.9897569, 36.7069088 ] } },
{ "type": "Feature", "properties": { "osm_id": "5011_end" }, "geometry": { "type": "Point", "coordinates": [ 117.9912091, 36.7066708 ] } },
{ "type": "Feature", "properties": { "osm_id": "5012_start" }, "geometry": { "type": "Point", "coordinates": [ 117.9843, 36.7081105 ] } },
{ "type": "Feature", "properties": { "osm_id": "5012_end" }, "geometry": { "type": "Point", "coordinates": [ 117.9835331, 36.7008124 ] } },
{ "type": "Feature", "properties": { "osm_id": "5013_start" }, "geometry": { "type": "Point", "coordinates": [ 117.9770075, 36.7049525 ] } },
{ "type": "Feature", "properties": { "osm_id": "5013_end" }, "geometry": { "type": "Point", "coordinates": [ 117.9891529, 36.7042608 ] } },
{ "type": "Feature", "properties": { "osm_id": "5014_start" }, "geometry": { "type": "Point", "coordinates": [ 117.9769585, 36.6942678 ] } },
{ "type": "Feature", "properties": { "osm_id": "5014_end" }, "geometry": { "type": "Point", "coordinates": [ 117.9760361, 36.6946058 ] } },
{ "type": "Feature", "properties": { "osm_id": "5016_end" }, "geometry": { "type": "Point", "coordinates": [ 117.973314, 36.6957385 ] } },
{ "type": "Feature", "properties": { "osm_id": "5018_start" }, "geometry": { "type": "Point", "coordinates": [ 117.9245016, 36.6773826 ] } },
{ "type": "Feature", "properties": { "osm_id": "5018_end" }, "geometry": { "type": "Point", "coordinates": [ 117.9046165, 36.6859998 ] } },
{ "type": "Feature", "properties": { "osm_id": "5019_start" }, "geometry": { "type": "Point", "coordinates": [ 117.9559462, 36.6741203 ] } },
{ "type": "Feature", "properties": { "osm_id": "5019_end" }, "geometry": { "type": "Point", "coordinates": [ 117.9326634, 36.686509 ] } },
{ "type": "Feature", "properties": { "osm_id": "5020_start" }, "geometry": { "type": "Point", "coordinates": [ 118.0834781, 36.7868176 ] } },
{ "type": "Feature", "properties": { "osm_id": "5020_end" }, "geometry": { "type": "Point", "coordinates": [ 118.0811423, 36.7797309 ] } },
{ "type": "Feature", "properties": { "osm_id": "5021_end" }, "geometry": { "type": "Point", "coordinates": [ 118.0833722, 36.7872454 ] } },
{ "type": "Feature", "properties": { "osm_id": "5023_start" }, "geometry": { "type": "Point", "coordinates": [ 117.9920953, 36.8122375 ] } },
{ "type": "Feature", "properties": { "osm_id": "5024_start" }, "geometry": { "type": "Point", "coordinates": [ 117.9893657, 36.81204 ] } },
{ "type": "Feature", "properties": { "osm_id": "5024_end" }, "geometry": { "type": "Point", "coordinates": [ 117.9918668, 36.8118095 ] } },
{ "type": "Feature", "properties": { "osm_id": "5025_start" }, "geometry": { "type": "Point", "coordinates": [ 117.9906016, 36.811927 ] } },
{ "type": "Feature", "properties": { "osm_id": "5025_end" }, "geometry": { "type": "Point", "coordinates": [ 117.9906649, 36.8123608 ] } },
{ "type": "Feature", "properties": { "osm_id": "5026_start" }, "geometry": { "type": "Point", "coordinates": [ 117.9914549, 36.8136028 ] } },
{ "type": "Feature", "properties": { "osm_id": "5026_end" }, "geometry": { "type": "Point", "coordinates": [ 117.9932173, 36.8133116 ] } },
{ "type": "Feature", "properties": { "osm_id": "5027_start" }, "geometry": { "type": "Point", "coordinates": [ 117.9929268, 36.8141177 ] } },
{ "type": "Feature", "properties": { "osm_id": "5027_end" }, "geometry": { "type": "Point", "coordinates": [ 117.9928478, 36.8134928 ] } },
{ "type": "Feature", "properties": { "osm_id": "5028_start" }, "geometry": { "type": "Point", "coordinates": [ 117.9928733, 36.8136949 ] } },
{ "type": "Feature", "properties": { "osm_id": "5028_end" }, "geometry": { "type": "Point", "coordinates": [ 117.9939028, 36.8136253 ] } },
{ "type": "Feature", "properties": { "osm_id": "5029_start" }, "geometry": { "type": "Point", "coordinates": [ 117.992253, 36.813537 ] } },
{ "type": "Feature", "properties": { "osm_id": "5030_start" }, "geometry": { "type": "Point", "coordinates": [ 117.9921418, 36.8141701 ] } },
{ "type": "Feature", "properties": { "osm_id": "5030_end" }, "geometry": { "type": "Point", "coordinates": [ 117.9915294, 36.8142157 ] } },
{ "type": "Feature", "properties": { "osm_id": "5031_start" }, "geometry": { "type": "Point", "coordinates": [ 117.9921472, 36.8137903 ] } },
{ "type": "Feature", "properties": { "osm_id": "5031_end" }, "geometry": { "type": "Point", "coordinates": [ 117.9921223, 36.8135478 ] } },
{ "type": "Feature", "properties": { "osm_id": "5032_start" }, "geometry": { "type": "Point", "coordinates": [ 117.9922744, 36.8137419 ] } },
{ "type": "Feature", "properties": { "osm_id": "5032_end" }, "geometry": { "type": "Point", "coordinates": [ 117.9921434, 36.8137529 ] } },
{ "type": "Feature", "properties": { "osm_id": "5033_start" }, "geometry": { "type": "Point", "coordinates": [ 117.9910891, 36.8155796 ] } },
{ "type": "Feature", "properties": { "osm_id": "5033_end" }, "geometry": { "type": "Point", "coordinates": [ 117.9909317, 36.8143133 ] } },
{ "type": "Feature", "properties": { "osm_id": "5034_start" }, "geometry": { "type": "Point", "coordinates": [ 117.9904551, 36.8156303 ] } },
{ "type": "Feature", "properties": { "osm_id": "5034_end" }, "geometry": { "type": "Point", "coordinates": [ 117.990286, 36.8143688 ] } },
{ "type": "Feature", "properties": { "osm_id": "5035_start" }, "geometry": { "type": "Point", "coordinates": [ 118.0440971, 36.8313718 ] } },
{ "type": "Feature", "properties": { "osm_id": "5035_end" }, "geometry": { "type": "Point", "coordinates": [ 118.0440194, 36.8308329 ] } },
{ "type": "Feature", "properties": { "osm_id": "5037_start" }, "geometry": { "type": "Point", "coordinates": [ 117.9137791, 36.7789063 ] } },
{ "type": "Feature", "properties": { "osm_id": "5037_end" }, "geometry": { "type": "Point", "coordinates": [ 117.9047747, 36.7782389 ] } },
{ "type": "Feature", "properties": { "osm_id": "5038_end" }, "geometry": { "type": "Point", "coordinates": [ 117.9140978, 36.7788284 ] } },
{ "type": "Feature", "properties": { "osm_id": "5040_end" }, "geometry": { "type": "Point", "coordinates": [ 117.9259538, 36.7397556 ] } },
{ "type": "Feature", "properties": { "osm_id": "5042_start" }, "geometry": { "type": "Point", "coordinates": [ 117.9544965, 36.7158053 ] } },
{ "type": "Feature", "properties": { "osm_id": "5042_end" }, "geometry": { "type": "Point", "coordinates": [ 117.9551314, 36.7207692 ] } },
{ "type": "Feature", "properties": { "osm_id": "5043_start" }, "geometry": { "type": "Point", "coordinates": [ 117.9534828, 36.7159914 ] } },
{ "type": "Feature", "properties": { "osm_id": "5043_end" }, "geometry": { "type": "Point", "coordinates": [ 117.9528293, 36.7155875 ] } },
{ "type": "Feature", "properties": { "osm_id": "5044_end" }, "geometry": { "type": "Point", "coordinates": [ 118.1450312, 36.860528 ] } },
{ "type": "Feature", "properties": { "osm_id": "5045_start" }, "geometry": { "type": "Point", "coordinates": [ 117.9098403, 36.7676836 ] } },
{ "type": "Feature", "properties": { "osm_id": "5045_end" }, "geometry": { "type": "Point", "coordinates": [ 117.9094286, 36.7665101 ] } },
{ "type": "Feature", "properties": { "osm_id": "5046_start" }, "geometry": { "type": "Point", "coordinates": [ 117.9097614, 36.7664897 ] } },
{ "type": "Feature", "properties": { "osm_id": "5046_end" }, "geometry": { "type": "Point", "coordinates": [ 117.910245, 36.7676554 ] } },
{ "type": "Feature", "properties": { "osm_id": "5048_start" }, "geometry": { "type": "Point", "coordinates": [ 117.9099132, 36.7676785 ] } },
{ "type": "Feature", "properties": { "osm_id": "5050_start" }, "geometry": { "type": "Point", "coordinates": [ 117.9044652, 36.7655868 ] } },
{ "type": "Feature", "properties": { "osm_id": "5050_end" }, "geometry": { "type": "Point", "coordinates": [ 117.9092971, 36.7653851 ] } },
{ "type": "Feature", "properties": { "osm_id": "5051_start" }, "geometry": { "type": "Point", "coordinates": [ 117.909569, 36.7653735 ] } },
{ "type": "Feature", "properties": { "osm_id": "5054_end" }, "geometry": { "type": "Point", "coordinates": [ 117.9169528, 36.7652672 ] } },
{ "type": "Feature", "properties": { "osm_id": "5056_end" }, "geometry": { "type": "Point", "coordinates": [ 117.9113545, 36.7704408 ] } },
{ "type": "Feature", "properties": { "osm_id": "5057_end" }, "geometry": { "type": "Point", "coordinates": [ 117.9339332, 36.7707323 ] } },
{ "type": "Feature", "properties": { "osm_id": "5058_start" }, "geometry": { "type": "Point", "coordinates": [ 117.9125992, 36.7736569 ] } },
{ "type": "Feature", "properties": { "osm_id": "5059_end" }, "geometry": { "type": "Point", "coordinates": [ 117.9223513, 36.7732301 ] } },
{ "type": "Feature", "properties": { "osm_id": "5060_start" }, "geometry": { "type": "Point", "coordinates": [ 117.9223986, 36.7783676 ] } },
{ "type": "Feature", "properties": { "osm_id": "5060_end" }, "geometry": { "type": "Point", "coordinates": [ 117.9222919, 36.7707802 ] } },
{ "type": "Feature", "properties": { "osm_id": "5061_end" }, "geometry": { "type": "Point", "coordinates": [ 117.9424459, 36.794509 ] } },
{ "type": "Feature", "properties": { "osm_id": "5062_end" }, "geometry": { "type": "Point", "coordinates": [ 117.9425149, 36.795638 ] } },
{ "type": "Feature", "properties": { "osm_id": "5063_end" }, "geometry": { "type": "Point", "coordinates": [ 117.9428845, 36.8004168 ] } },
{ "type": "Feature", "properties": { "osm_id": "5064_start" }, "geometry": { "type": "Point", "coordinates": [ 118.0134512, 36.8474573 ] } },
{ "type": "Feature", "properties": { "osm_id": "5065_start" }, "geometry": { "type": "Point", "coordinates": [ 118.0559061, 36.8085706 ] } },
{ "type": "Feature", "properties": { "osm_id": "5065_end" }, "geometry": { "type": "Point", "coordinates": [ 118.0565958, 36.8106728 ] } },
{ "type": "Feature", "properties": { "osm_id": "5067_start" }, "geometry": { "type": "Point", "coordinates": [ 117.9809605, 36.8431634 ] } },
{ "type": "Feature", "properties": { "osm_id": "5067_end" }, "geometry": { "type": "Point", "coordinates": [ 117.9809906, 36.8433729 ] } },
{ "type": "Feature", "properties": { "osm_id": "5068_start" }, "geometry": { "type": "Point", "coordinates": [ 117.9802237, 36.8429989 ] } },
{ "type": "Feature", "properties": { "osm_id": "5069_end" }, "geometry": { "type": "Point", "coordinates": [ 117.9801287, 36.8428371 ] } },
{ "type": "Feature", "properties": { "osm_id": "5070_end" }, "geometry": { "type": "Point", "coordinates": [ 117.98088, 36.843543 ] } },
{ "type": "Feature", "properties": { "osm_id": "5071_start" }, "geometry": { "type": "Point", "coordinates": [ 118.0201796, 36.846874 ] } },
{ "type": "Feature", "properties": { "osm_id": "5071_end" }, "geometry": { "type": "Point", "coordinates": [ 118.020158, 36.8468074 ] } },
{ "type": "Feature", "properties": { "osm_id": "5072_start" }, "geometry": { "type": "Point", "coordinates": [ 118.0201657, 36.8466878 ] } },
{ "type": "Feature", "properties": { "osm_id": "5072_end" }, "geometry": { "type": "Point", "coordinates": [ 118.0199706, 36.8417341 ] } },
{ "type": "Feature", "properties": { "osm_id": "5073_start" }, "geometry": { "type": "Point", "coordinates": [ 118.0266869, 36.7968429 ] } },
{ "type": "Feature", "properties": { "osm_id": "5073_end" }, "geometry": { "type": "Point", "coordinates": [ 118.0274869, 36.8017122 ] } },
{ "type": "Feature", "properties": { "osm_id": "5074_start" }, "geometry": { "type": "Point", "coordinates": [ 118.0262684, 36.8364076 ] } },
{ "type": "Feature", "properties": { "osm_id": "5074_end" }, "geometry": { "type": "Point", "coordinates": [ 118.0262876, 36.83385 ] } },
{ "type": "Feature", "properties": { "osm_id": "5075_end" }, "geometry": { "type": "Point", "coordinates": [ 118.0262043, 36.8211435 ] } },
{ "type": "Feature", "properties": { "osm_id": "5076_start" }, "geometry": { "type": "Point", "coordinates": [ 117.982914, 36.8323758 ] } },
{ "type": "Feature", "properties": { "osm_id": "5076_end" }, "geometry": { "type": "Point", "coordinates": [ 117.9832077, 36.8333073 ] } },
{ "type": "Feature", "properties": { "osm_id": "5077_start" }, "geometry": { "type": "Point", "coordinates": [ 117.9856035, 36.8349973 ] } },
{ "type": "Feature", "properties": { "osm_id": "5079_start" }, "geometry": { "type": "Point", "coordinates": [ 118.0063994, 36.8354902 ] } },
{ "type": "Feature", "properties": { "osm_id": "5079_end" }, "geometry": { "type": "Point", "coordinates": [ 118.0060156, 36.8355099 ] } },
{ "type": "Feature", "properties": { "osm_id": "5080_start" }, "geometry": { "type": "Point", "coordinates": [ 118.0066148, 36.8355347 ] } },
{ "type": "Feature", "properties": { "osm_id": "5081_end" }, "geometry": { "type": "Point", "coordinates": [ 118.0066029, 36.8353653 ] } },
{ "type": "Feature", "properties": { "osm_id": "5082_start" }, "geometry": { "type": "Point", "coordinates": [ 118.0199308, 36.7896796 ] } },
{ "type": "Feature", "properties": { "osm_id": "5082_end" }, "geometry": { "type": "Point", "coordinates": [ 118.0207349, 36.7876074 ] } },
{ "type": "Feature", "properties": { "osm_id": "5083_start" }, "geometry": { "type": "Point", "coordinates": [ 118.0228711, 36.7871123 ] } },
{ "type": "Feature", "properties": { "osm_id": "5083_end" }, "geometry": { "type": "Point", "coordinates": [ 118.0204218, 36.7851342 ] } },
{ "type": "Feature", "properties": { "osm_id": "5084_start" }, "geometry": { "type": "Point", "coordinates": [ 117.9813702, 36.8441424 ] } },
{ "type": "Feature", "properties": { "osm_id": "5084_end" }, "geometry": { "type": "Point", "coordinates": [ 117.9813703, 36.8440398 ] } },
{ "type": "Feature", "properties": { "osm_id": "5091_start" }, "geometry": { "type": "Point", "coordinates": [ 118.0278886, 36.839362 ] } },
{ "type": "Feature", "properties": { "osm_id": "5091_end" }, "geometry": { "type": "Point", "coordinates": [ 118.0257053, 36.8379151 ] } },
{ "type": "Feature", "properties": { "osm_id": "5093_start" }, "geometry": { "type": "Point", "coordinates": [ 118.0275721, 36.8427578 ] } },
{ "type": "Feature", "properties": { "osm_id": "5093_end" }, "geometry": { "type": "Point", "coordinates": [ 118.0255175, 36.8424917 ] } },
{ "type": "Feature", "properties": { "osm_id": "5102_start" }, "geometry": { "type": "Point", "coordinates": [ 118.132286, 36.8359098 ] } },
{ "type": "Feature", "properties": { "osm_id": "5105_start" }, "geometry": { "type": "Point", "coordinates": [ 118.0209046, 36.7840787 ] } },
{ "type": "Feature", "properties": { "osm_id": "5105_end" }, "geometry": { "type": "Point", "coordinates": [ 118.0185126, 36.7819613 ] } },
{ "type": "Feature", "properties": { "osm_id": "5106_start" }, "geometry": { "type": "Point", "coordinates": [ 118.0196467, 36.7818619 ] } },
{ "type": "Feature", "properties": { "osm_id": "5106_end" }, "geometry": { "type": "Point", "coordinates": [ 118.0179861, 36.7820074 ] } },
{ "type": "Feature", "properties": { "osm_id": "5107_start" }, "geometry": { "type": "Point", "coordinates": [ 118.0192182, 36.7818994 ] } },
{ "type": "Feature", "properties": { "osm_id": "5107_end" }, "geometry": { "type": "Point", "coordinates": [ 118.0191821, 36.7816622 ] } },
{ "type": "Feature", "properties": { "osm_id": "5108_start" }, "geometry": { "type": "Point", "coordinates": [ 118.0179648, 36.7817507 ] } },
{ "type": "Feature", "properties": { "osm_id": "5108_end" }, "geometry": { "type": "Point", "coordinates": [ 118.0261313, 36.780891 ] } },
{ "type": "Feature", "properties": { "osm_id": "5109_start" }, "geometry": { "type": "Point", "coordinates": [ 118.0210013, 36.7845406 ] } },
{ "type": "Feature", "properties": { "osm_id": "5109_end" }, "geometry": { "type": "Point", "coordinates": [ 118.0207406, 36.7831004 ] } },
{ "type": "Feature", "properties": { "osm_id": "5110_start" }, "geometry": { "type": "Point", "coordinates": [ 118.0291185, 36.7400118 ] } },
{ "type": "Feature", "properties": { "osm_id": "5110_end" }, "geometry": { "type": "Point", "coordinates": [ 118.0284933, 36.7384003 ] } },
{ "type": "Feature", "properties": { "osm_id": "5111_start" }, "geometry": { "type": "Point", "coordinates": [ 118.0285547, 36.7385932 ] } },
{ "type": "Feature", "properties": { "osm_id": "5111_end" }, "geometry": { "type": "Point", "coordinates": [ 118.0294097, 36.7384191 ] } },
{ "type": "Feature", "properties": { "osm_id": "5112_start" }, "geometry": { "type": "Point", "coordinates": [ 118.0294867, 36.7386643 ] } },
{ "type": "Feature", "properties": { "osm_id": "5112_end" }, "geometry": { "type": "Point", "coordinates": [ 118.0293368, 36.738184 ] } },
{ "type": "Feature", "properties": { "osm_id": "5113_start" }, "geometry": { "type": "Point", "coordinates": [ 118.0302687, 36.7381956 ] } },
{ "type": "Feature", "properties": { "osm_id": "5113_end" }, "geometry": { "type": "Point", "coordinates": [ 118.0171236, 36.7418815 ] } },
{ "type": "Feature", "properties": { "osm_id": "5114_start" }, "geometry": { "type": "Point", "coordinates": [ 118.0145344, 36.7480646 ] } },
{ "type": "Feature", "properties": { "osm_id": "5114_end" }, "geometry": { "type": "Point", "coordinates": [ 118.0170077, 36.7506359 ] } },
{ "type": "Feature", "properties": { "osm_id": "5115_start" }, "geometry": { "type": "Point", "coordinates": [ 118.0180249, 36.754131 ] } },
{ "type": "Feature", "properties": { "osm_id": "5115_end" }, "geometry": { "type": "Point", "coordinates": [ 118.0231545, 36.7516803 ] } },
{ "type": "Feature", "properties": { "osm_id": "5117_end" }, "geometry": { "type": "Point", "coordinates": [ 118.0108763, 36.7533875 ] } },
{ "type": "Feature", "properties": { "osm_id": "5120_start" }, "geometry": { "type": "Point", "coordinates": [ 118.0227271, 36.7399743 ] } },
{ "type": "Feature", "properties": { "osm_id": "5120_end" }, "geometry": { "type": "Point", "coordinates": [ 118.0348401, 36.7464147 ] } },
{ "type": "Feature", "properties": { "osm_id": "5121_start" }, "geometry": { "type": "Point", "coordinates": [ 118.0308296, 36.7504281 ] } },
{ "type": "Feature", "properties": { "osm_id": "5121_end" }, "geometry": { "type": "Point", "coordinates": [ 118.0362136, 36.7514104 ] } },
{ "type": "Feature", "properties": { "osm_id": "5122_end" }, "geometry": { "type": "Point", "coordinates": [ 118.0355654, 36.7535609 ] } },
{ "type": "Feature", "properties": { "osm_id": "5123_start" }, "geometry": { "type": "Point", "coordinates": [ 118.0343223, 36.7510653 ] } },
{ "type": "Feature", "properties": { "osm_id": "5123_end" }, "geometry": { "type": "Point", "coordinates": [ 118.0343483, 36.7468125 ] } },
{ "type": "Feature", "properties": { "osm_id": "5124_start" }, "geometry": { "type": "Point", "coordinates": [ 118.0359208, 36.752382 ] } },
{ "type": "Feature", "properties": { "osm_id": "5124_end" }, "geometry": { "type": "Point", "coordinates": [ 118.0387334, 36.7525952 ] } },
{ "type": "Feature", "properties": { "osm_id": "5126_start" }, "geometry": { "type": "Point", "coordinates": [ 117.9971458, 36.7644483 ] } },
{ "type": "Feature", "properties": { "osm_id": "5126_end" }, "geometry": { "type": "Point", "coordinates": [ 117.9968287, 36.7616236 ] } },
{ "type": "Feature", "properties": { "osm_id": "5129_start" }, "geometry": { "type": "Point", "coordinates": [ 117.9950883, 36.7646528 ] } },
{ "type": "Feature", "properties": { "osm_id": "5129_end" }, "geometry": { "type": "Point", "coordinates": [ 117.9946588, 36.7617673 ] } },
{ "type": "Feature", "properties": { "osm_id": "5130_start" }, "geometry": { "type": "Point", "coordinates": [ 118.0639085, 36.7408977 ] } },
{ "type": "Feature", "properties": { "osm_id": "5130_end" }, "geometry": { "type": "Point", "coordinates": [ 118.0491641, 36.7424416 ] } },
{ "type": "Feature", "properties": { "osm_id": "5131_start" }, "geometry": { "type": "Point", "coordinates": [ 118.0385713, 36.7437301 ] } },
{ "type": "Feature", "properties": { "osm_id": "5132_end" }, "geometry": { "type": "Point", "coordinates": [ 118.0386028, 36.743835 ] } },
{ "type": "Feature", "properties": { "osm_id": "5135_start" }, "geometry": { "type": "Point", "coordinates": [ 118.0445093, 36.7503603 ] } },
{ "type": "Feature", "properties": { "osm_id": "5135_end" }, "geometry": { "type": "Point", "coordinates": [ 118.0431467, 36.7460488 ] } },
{ "type": "Feature", "properties": { "osm_id": "5136_start" }, "geometry": { "type": "Point", "coordinates": [ 118.0436872, 36.7501737 ] } },
{ "type": "Feature", "properties": { "osm_id": "5136_end" }, "geometry": { "type": "Point", "coordinates": [ 118.0429066, 36.7476304 ] } },
{ "type": "Feature", "properties": { "osm_id": "5137_start" }, "geometry": { "type": "Point", "coordinates": [ 118.0424533, 36.7461901 ] } },
{ "type": "Feature", "properties": { "osm_id": "5137_end" }, "geometry": { "type": "Point", "coordinates": [ 118.0420527, 36.7450202 ] } },
{ "type": "Feature", "properties": { "osm_id": "5138_start" }, "geometry": { "type": "Point", "coordinates": [ 118.0436228, 36.7474827 ] } },
{ "type": "Feature", "properties": { "osm_id": "5138_end" }, "geometry": { "type": "Point", "coordinates": [ 118.0401084, 36.7482077 ] } },
{ "type": "Feature", "properties": { "osm_id": "5139_start" }, "geometry": { "type": "Point", "coordinates": [ 118.0396728, 36.7467569 ] } },
{ "type": "Feature", "properties": { "osm_id": "5140_start" }, "geometry": { "type": "Point", "coordinates": [ 118.0413577, 36.7452481 ] } },
{ "type": "Feature", "properties": { "osm_id": "5140_end" }, "geometry": { "type": "Point", "coordinates": [ 118.0430002, 36.7502996 ] } },
{ "type": "Feature", "properties": { "osm_id": "5141_start" }, "geometry": { "type": "Point", "coordinates": [ 118.0403107, 36.7495229 ] } },
{ "type": "Feature", "properties": { "osm_id": "5141_end" }, "geometry": { "type": "Point", "coordinates": [ 118.0331757, 36.7438588 ] } },
{ "type": "Feature", "properties": { "osm_id": "5142_start" }, "geometry": { "type": "Point", "coordinates": [ 118.0431773, 36.753221 ] } },
{ "type": "Feature", "properties": { "osm_id": "5142_end" }, "geometry": { "type": "Point", "coordinates": [ 118.0426451, 36.751585 ] } },
{ "type": "Feature", "properties": { "osm_id": "5143_start" }, "geometry": { "type": "Point", "coordinates": [ 118.0425767, 36.7513747 ] } },
{ "type": "Feature", "properties": { "osm_id": "5143_end" }, "geometry": { "type": "Point", "coordinates": [ 118.0422847, 36.750477 ] } },
{ "type": "Feature", "properties": { "osm_id": "5145_end" }, "geometry": { "type": "Point", "coordinates": [ 118.0410045, 36.7464854 ] } },
{ "type": "Feature", "properties": { "osm_id": "5146_end" }, "geometry": { "type": "Point", "coordinates": [ 118.040631, 36.7453209 ] } },
{ "type": "Feature", "properties": { "osm_id": "5147_end" }, "geometry": { "type": "Point", "coordinates": [ 118.0427624, 36.7448987 ] } },
{ "type": "Feature", "properties": { "osm_id": "5148_start" }, "geometry": { "type": "Point", "coordinates": [ 118.0440292, 36.7487994 ] } },
{ "type": "Feature", "properties": { "osm_id": "5150_end" }, "geometry": { "type": "Point", "coordinates": [ 117.9031914, 36.7471962 ] } },
{ "type": "Feature", "properties": { "osm_id": "5152_end" }, "geometry": { "type": "Point", "coordinates": [ 118.1384663, 36.7084735 ] } },
{ "type": "Feature", "properties": { "osm_id": "5153_end" }, "geometry": { "type": "Point", "coordinates": [ 118.1489695, 36.7068414 ] } },
{ "type": "Feature", "properties": { "osm_id": "5178_start" }, "geometry": { "type": "Point", "coordinates": [ 118.0090957, 36.7450279 ] } },
{ "type": "Feature", "properties": { "osm_id": "5178_end" }, "geometry": { "type": "Point", "coordinates": [ 118.0177955, 36.7444244 ] } },
{ "type": "Feature", "properties": { "osm_id": "5185_start" }, "geometry": { "type": "Point", "coordinates": [ 118.0827727, 36.7371379 ] } },
{ "type": "Feature", "properties": { "osm_id": "5185_end" }, "geometry": { "type": "Point", "coordinates": [ 118.0821795, 36.7368907 ] } },
{ "type": "Feature", "properties": { "osm_id": "5186_end" }, "geometry": { "type": "Point", "coordinates": [ 118.0823143, 36.7351424 ] } },
{ "type": "Feature", "properties": { "osm_id": "5187_start" }, "geometry": { "type": "Point", "coordinates": [ 118.0801254, 36.7366644 ] } },
{ "type": "Feature", "properties": { "osm_id": "5187_end" }, "geometry": { "type": "Point", "coordinates": [ 118.0797899, 36.7383014 ] } },
{ "type": "Feature", "properties": { "osm_id": "5188_start" }, "geometry": { "type": "Point", "coordinates": [ 118.0819621, 36.7368668 ] } },
{ "type": "Feature", "properties": { "osm_id": "5188_end" }, "geometry": { "type": "Point", "coordinates": [ 118.0837869, 36.731692 ] } },
{ "type": "Feature", "properties": { "osm_id": "5189_start" }, "geometry": { "type": "Point", "coordinates": [ 118.0801977, 36.733621 ] } },
{ "type": "Feature", "properties": { "osm_id": "5189_end" }, "geometry": { "type": "Point", "coordinates": [ 118.0803253, 36.7325646 ] } },
{ "type": "Feature", "properties": { "osm_id": "5190_start" }, "geometry": { "type": "Point", "coordinates": [ 118.0774027, 36.7334617 ] } },
{ "type": "Feature", "properties": { "osm_id": "5190_end" }, "geometry": { "type": "Point", "coordinates": [ 118.0775327, 36.7324224 ] } },
{ "type": "Feature", "properties": { "osm_id": "5191_start" }, "geometry": { "type": "Point", "coordinates": [ 118.0788444, 36.7324464 ] } },
{ "type": "Feature", "properties": { "osm_id": "5191_end" }, "geometry": { "type": "Point", "coordinates": [ 118.0814286, 36.7326526 ] } },
{ "type": "Feature", "properties": { "osm_id": "5192_start" }, "geometry": { "type": "Point", "coordinates": [ 118.0812727, 36.7336803 ] } },
{ "type": "Feature", "properties": { "osm_id": "5194_start" }, "geometry": { "type": "Point", "coordinates": [ 118.0763007, 36.7361358 ] } },
{ "type": "Feature", "properties": { "osm_id": "5194_end" }, "geometry": { "type": "Point", "coordinates": [ 118.0765444, 36.7343769 ] } },
{ "type": "Feature", "properties": { "osm_id": "5195_start" }, "geometry": { "type": "Point", "coordinates": [ 118.0814225, 36.7350394 ] } },
{ "type": "Feature", "properties": { "osm_id": "5195_end" }, "geometry": { "type": "Point", "coordinates": [ 118.0810755, 36.7367691 ] } },
{ "type": "Feature", "properties": { "osm_id": "5197_start" }, "geometry": { "type": "Point", "coordinates": [ 117.8808631, 36.8138957 ] } },
{ "type": "Feature", "properties": { "osm_id": "5197_end" }, "geometry": { "type": "Point", "coordinates": [ 117.8831364, 36.8148976 ] } },
{ "type": "Feature", "properties": { "osm_id": "5198_start" }, "geometry": { "type": "Point", "coordinates": [ 117.8812548, 36.813924 ] } },
{ "type": "Feature", "properties": { "osm_id": "5198_end" }, "geometry": { "type": "Point", "coordinates": [ 117.8776771, 36.8094987 ] } },
{ "type": "Feature", "properties": { "osm_id": "5199_start" }, "geometry": { "type": "Point", "coordinates": [ 117.8796349, 36.8096364 ] } },
{ "type": "Feature", "properties": { "osm_id": "5200_start" }, "geometry": { "type": "Point", "coordinates": [ 117.8791672, 36.8096035 ] } },
{ "type": "Feature", "properties": { "osm_id": "5200_end" }, "geometry": { "type": "Point", "coordinates": [ 117.8788674, 36.8122618 ] } },
{ "type": "Feature", "properties": { "osm_id": "5201_start" }, "geometry": { "type": "Point", "coordinates": [ 117.8772824, 36.8121386 ] } },
{ "type": "Feature", "properties": { "osm_id": "5201_end" }, "geometry": { "type": "Point", "coordinates": [ 117.882293, 36.812528 ] } },
{ "type": "Feature", "properties": { "osm_id": "5202_start" }, "geometry": { "type": "Point", "coordinates": [ 117.8823771, 36.8118561 ] } },
{ "type": "Feature", "properties": { "osm_id": "5202_end" }, "geometry": { "type": "Point", "coordinates": [ 117.8800512, 36.8116689 ] } },
{ "type": "Feature", "properties": { "osm_id": "5204_start" }, "geometry": { "type": "Point", "coordinates": [ 117.8799346, 36.8129567 ] } },
{ "type": "Feature", "properties": { "osm_id": "5204_end" }, "geometry": { "type": "Point", "coordinates": [ 117.8800888, 36.8112312 ] } },
{ "type": "Feature", "properties": { "osm_id": "5206_start" }, "geometry": { "type": "Point", "coordinates": [ 117.8804419, 36.812996 ] } },
{ "type": "Feature", "properties": { "osm_id": "5206_end" }, "geometry": { "type": "Point", "coordinates": [ 117.8802856, 36.8143651 ] } },
{ "type": "Feature", "properties": { "osm_id": "5209_start" }, "geometry": { "type": "Point", "coordinates": [ 117.8780307, 36.8121968 ] } },
{ "type": "Feature", "properties": { "osm_id": "5209_end" }, "geometry": { "type": "Point", "coordinates": [ 117.8781214, 36.8114703 ] } },
{ "type": "Feature", "properties": { "osm_id": "5210_start" }, "geometry": { "type": "Point", "coordinates": [ 117.8773446, 36.811413 ] } },
{ "type": "Feature", "properties": { "osm_id": "5210_end" }, "geometry": { "type": "Point", "coordinates": [ 117.8789459, 36.8115311 ] } },
{ "type": "Feature", "properties": { "osm_id": "5211_start" }, "geometry": { "type": "Point", "coordinates": [ 117.8790243, 36.8108284 ] } },
{ "type": "Feature", "properties": { "osm_id": "5211_end" }, "geometry": { "type": "Point", "coordinates": [ 117.8772387, 36.8106787 ] } },
{ "type": "Feature", "properties": { "osm_id": "5212_start" }, "geometry": { "type": "Point", "coordinates": [ 117.8777319, 36.8107201 ] } },
{ "type": "Feature", "properties": { "osm_id": "5212_end" }, "geometry": { "type": "Point", "coordinates": [ 117.8778843, 36.8095133 ] } },
{ "type": "Feature", "properties": { "osm_id": "5214_start" }, "geometry": { "type": "Point", "coordinates": [ 117.8790902, 36.8102637 ] } },
{ "type": "Feature", "properties": { "osm_id": "5214_end" }, "geometry": { "type": "Point", "coordinates": [ 117.8800253, 36.8103238 ] } },
{ "type": "Feature", "properties": { "osm_id": "5215_start" }, "geometry": { "type": "Point", "coordinates": [ 118.1131521, 36.7942393 ] } },
{ "type": "Feature", "properties": { "osm_id": "5216_start" }, "geometry": { "type": "Point", "coordinates": [ 117.9607262, 36.8177506 ] } },
{ "type": "Feature", "properties": { "osm_id": "5217_start" }, "geometry": { "type": "Point", "coordinates": [ 117.9590737, 36.8023284 ] } },
{ "type": "Feature", "properties": { "osm_id": "5217_end" }, "geometry": { "type": "Point", "coordinates": [ 117.955693, 36.8041564 ] } },
{ "type": "Feature", "properties": { "osm_id": "5218_start" }, "geometry": { "type": "Point", "coordinates": [ 117.9574793, 36.8032288 ] } },
{ "type": "Feature", "properties": { "osm_id": "5218_end" }, "geometry": { "type": "Point", "coordinates": [ 117.9465069, 36.8060026 ] } },
{ "type": "Feature", "properties": { "osm_id": "5219_start" }, "geometry": { "type": "Point", "coordinates": [ 117.9393101, 36.8049397 ] } },
{ "type": "Feature", "properties": { "osm_id": "5219_end" }, "geometry": { "type": "Point", "coordinates": [ 117.9465484, 36.8053668 ] } },
{ "type": "Feature", "properties": { "osm_id": "5220_start" }, "geometry": { "type": "Point", "coordinates": [ 117.9352691, 36.8008748 ] } },
{ "type": "Feature", "properties": { "osm_id": "5220_end" }, "geometry": { "type": "Point", "coordinates": [ 117.9351746, 36.8008807 ] } },
{ "type": "Feature", "properties": { "osm_id": "5221_start" }, "geometry": { "type": "Point", "coordinates": [ 117.9357042, 36.8042762 ] } },
{ "type": "Feature", "properties": { "osm_id": "5221_end" }, "geometry": { "type": "Point", "coordinates": [ 117.9485886, 36.8026262 ] } },
{ "type": "Feature", "properties": { "osm_id": "5222_start" }, "geometry": { "type": "Point", "coordinates": [ 117.9479192, 36.8042187 ] } },
{ "type": "Feature", "properties": { "osm_id": "5222_end" }, "geometry": { "type": "Point", "coordinates": [ 117.9485639, 36.803034 ] } },
{ "type": "Feature", "properties": { "osm_id": "5223_end" }, "geometry": { "type": "Point", "coordinates": [ 117.9486666, 36.802067 ] } },
{ "type": "Feature", "properties": { "osm_id": "5224_start" }, "geometry": { "type": "Point", "coordinates": [ 117.9477644, 36.8047912 ] } },
{ "type": "Feature", "properties": { "osm_id": "5225_start" }, "geometry": { "type": "Point", "coordinates": [ 117.9478888, 36.8012912 ] } },
{ "type": "Feature", "properties": { "osm_id": "5225_end" }, "geometry": { "type": "Point", "coordinates": [ 117.948605, 36.8018663 ] } },
{ "type": "Feature", "properties": { "osm_id": "5227_start" }, "geometry": { "type": "Point", "coordinates": [ 117.9488679, 36.8019091 ] } },
{ "type": "Feature", "properties": { "osm_id": "5227_end" }, "geometry": { "type": "Point", "coordinates": [ 117.9576226, 36.8011472 ] } },
{ "type": "Feature", "properties": { "osm_id": "5228_start" }, "geometry": { "type": "Point", "coordinates": [ 117.9555686, 36.8010139 ] } },
{ "type": "Feature", "properties": { "osm_id": "5228_end" }, "geometry": { "type": "Point", "coordinates": [ 117.9596626, 36.8000691 ] } },
{ "type": "Feature", "properties": { "osm_id": "5229_start" }, "geometry": { "type": "Point", "coordinates": [ 117.9597031, 36.7996378 ] } },
{ "type": "Feature", "properties": { "osm_id": "5229_end" }, "geometry": { "type": "Point", "coordinates": [ 117.9594868, 36.7991841 ] } },
{ "type": "Feature", "properties": { "osm_id": "5231_end" }, "geometry": { "type": "Point", "coordinates": [ 117.9171152, 36.8179821 ] } },
{ "type": "Feature", "properties": { "osm_id": "5233_start" }, "geometry": { "type": "Point", "coordinates": [ 117.9171899, 36.8163232 ] } },
{ "type": "Feature", "properties": { "osm_id": "5235_start" }, "geometry": { "type": "Point", "coordinates": [ 117.8592106, 36.7480409 ] } },
{ "type": "Feature", "properties": { "osm_id": "5235_end" }, "geometry": { "type": "Point", "coordinates": [ 117.9023425, 36.7508451 ] } },
{ "type": "Feature", "properties": { "osm_id": "5238_start" }, "geometry": { "type": "Point", "coordinates": [ 117.9023479, 36.7510275 ] } },
{ "type": "Feature", "properties": { "osm_id": "5238_end" }, "geometry": { "type": "Point", "coordinates": [ 117.8591572, 36.7482088 ] } },
{ "type": "Feature", "properties": { "osm_id": "5240_end" }, "geometry": { "type": "Point", "coordinates": [ 117.9064212, 36.7566967 ] } },
{ "type": "Feature", "properties": { "osm_id": "5242_start" }, "geometry": { "type": "Point", "coordinates": [ 117.9068376, 36.755095 ] } },
{ "type": "Feature", "properties": { "osm_id": "5242_end" }, "geometry": { "type": "Point", "coordinates": [ 117.9072918, 36.7541494 ] } },
{ "type": "Feature", "properties": { "osm_id": "5246_start" }, "geometry": { "type": "Point", "coordinates": [ 117.9140556, 36.7503344 ] } },
{ "type": "Feature", "properties": { "osm_id": "5246_end" }, "geometry": { "type": "Point", "coordinates": [ 117.940462, 36.7491944 ] } },
{ "type": "Feature", "properties": { "osm_id": "5247_start" }, "geometry": { "type": "Point", "coordinates": [ 117.9405071, 36.7492865 ] } },
{ "type": "Feature", "properties": { "osm_id": "5247_end" }, "geometry": { "type": "Point", "coordinates": [ 117.9140502, 36.7504561 ] } },
{ "type": "Feature", "properties": { "osm_id": "5248_end" }, "geometry": { "type": "Point", "coordinates": [ 117.9415723, 36.749128 ] } },
{ "type": "Feature", "properties": { "osm_id": "5249_start" }, "geometry": { "type": "Point", "coordinates": [ 117.9416006, 36.7492263 ] } },
{ "type": "Feature", "properties": { "osm_id": "5250_end" }, "geometry": { "type": "Point", "coordinates": [ 117.9528096, 36.7489624 ] } },
{ "type": "Feature", "properties": { "osm_id": "5251_start" }, "geometry": { "type": "Point", "coordinates": [ 117.9527156, 36.7490886 ] } },
{ "type": "Feature", "properties": { "osm_id": "5253_start" }, "geometry": { "type": "Point", "coordinates": [ 117.8743288, 36.6862509 ] } },
{ "type": "Feature", "properties": { "osm_id": "5253_end" }, "geometry": { "type": "Point", "coordinates": [ 117.8722949, 36.6789017 ] } },
{ "type": "Feature", "properties": { "osm_id": "5254_start" }, "geometry": { "type": "Point", "coordinates": [ 117.8735974, 36.6862623 ] } },
{ "type": "Feature", "properties": { "osm_id": "5255_end" }, "geometry": { "type": "Point", "coordinates": [ 117.8826294, 36.7035451 ] } },
{ "type": "Feature", "properties": { "osm_id": "5256_end" }, "geometry": { "type": "Point", "coordinates": [ 117.8823049, 36.7027283 ] } },
{ "type": "Feature", "properties": { "osm_id": "5257_end" }, "geometry": { "type": "Point", "coordinates": [ 117.8777211, 36.6974787 ] } },
{ "type": "Feature", "properties": { "osm_id": "5258_end" }, "geometry": { "type": "Point", "coordinates": [ 117.877183, 36.6968232 ] } },
{ "type": "Feature", "properties": { "osm_id": "5259_end" }, "geometry": { "type": "Point", "coordinates": [ 117.8732939, 36.6924798 ] } },
{ "type": "Feature", "properties": { "osm_id": "5260_start" }, "geometry": { "type": "Point", "coordinates": [ 117.8730995, 36.691533 ] } },
{ "type": "Feature", "properties": { "osm_id": "5260_end" }, "geometry": { "type": "Point", "coordinates": [ 117.8726595, 36.6905885 ] } },
{ "type": "Feature", "properties": { "osm_id": "5262_start" }, "geometry": { "type": "Point", "coordinates": [ 117.8702753, 36.6855444 ] } },
{ "type": "Feature", "properties": { "osm_id": "5263_start" }, "geometry": { "type": "Point", "coordinates": [ 117.8733815, 36.6924479 ] } },
{ "type": "Feature", "properties": { "osm_id": "5266_start" }, "geometry": { "type": "Point", "coordinates": [ 118.0154316, 36.8217825 ] } },
{ "type": "Feature", "properties": { "osm_id": "5266_end" }, "geometry": { "type": "Point", "coordinates": [ 118.0154145, 36.8214746 ] } },
{ "type": "Feature", "properties": { "osm_id": "5267_start" }, "geometry": { "type": "Point", "coordinates": [ 117.9322723, 36.6760764 ] } },
{ "type": "Feature", "properties": { "osm_id": "5267_end" }, "geometry": { "type": "Point", "coordinates": [ 117.9315063, 36.6875133 ] } },
{ "type": "Feature", "properties": { "osm_id": "5268_start" }, "geometry": { "type": "Point", "coordinates": [ 118.0633479, 36.6972774 ] } },
{ "type": "Feature", "properties": { "osm_id": "5268_end" }, "geometry": { "type": "Point", "coordinates": [ 118.0649393, 36.6925686 ] } },
{ "type": "Feature", "properties": { "osm_id": "5269_start" }, "geometry": { "type": "Point", "coordinates": [ 118.0650354, 36.6926026 ] } },
{ "type": "Feature", "properties": { "osm_id": "5271_start" }, "geometry": { "type": "Point", "coordinates": [ 117.9936004, 36.7138607 ] } },
{ "type": "Feature", "properties": { "osm_id": "5272_start" }, "geometry": { "type": "Point", "coordinates": [ 117.9927841, 36.7140815 ] } },
{ "type": "Feature", "properties": { "osm_id": "5273_end" }, "geometry": { "type": "Point", "coordinates": [ 117.9438546, 36.7231966 ] } },
{ "type": "Feature", "properties": { "osm_id": "5274_start" }, "geometry": { "type": "Point", "coordinates": [ 117.9347701, 36.6915401 ] } },
{ "type": "Feature", "properties": { "osm_id": "5275_end" }, "geometry": { "type": "Point", "coordinates": [ 118.0480706, 36.7851251 ] } },
{ "type": "Feature", "properties": { "osm_id": "5276_start" }, "geometry": { "type": "Point", "coordinates": [ 118.0475846, 36.7852711 ] } },
{ "type": "Feature", "properties": { "osm_id": "5276_end" }, "geometry": { "type": "Point", "coordinates": [ 118.0454289, 36.7885788 ] } },
{ "type": "Feature", "properties": { "osm_id": "5278_start" }, "geometry": { "type": "Point", "coordinates": [ 118.0475347, 36.7877755 ] } },
{ "type": "Feature", "properties": { "osm_id": "5278_end" }, "geometry": { "type": "Point", "coordinates": [ 118.0481864, 36.7857573 ] } },
{ "type": "Feature", "properties": { "osm_id": "5279_start" }, "geometry": { "type": "Point", "coordinates": [ 118.0491338, 36.7865482 ] } },
{ "type": "Feature", "properties": { "osm_id": "5279_end" }, "geometry": { "type": "Point", "coordinates": [ 118.0488309, 36.786625 ] } },
{ "type": "Feature", "properties": { "osm_id": "5280_start" }, "geometry": { "type": "Point", "coordinates": [ 118.0039827, 36.7996893 ] } },
{ "type": "Feature", "properties": { "osm_id": "5280_end" }, "geometry": { "type": "Point", "coordinates": [ 118.0038472, 36.798102 ] } },
{ "type": "Feature", "properties": { "osm_id": "5281_start" }, "geometry": { "type": "Point", "coordinates": [ 118.0043859, 36.7980599 ] } },
{ "type": "Feature", "properties": { "osm_id": "5281_end" }, "geometry": { "type": "Point", "coordinates": [ 118.0044871, 36.7996793 ] } },
{ "type": "Feature", "properties": { "osm_id": "5282_start" }, "geometry": { "type": "Point", "coordinates": [ 118.0045687, 36.8006783 ] } },
{ "type": "Feature", "properties": { "osm_id": "5282_end" }, "geometry": { "type": "Point", "coordinates": [ 118.0048085, 36.8038828 ] } },
{ "type": "Feature", "properties": { "osm_id": "5283_start" }, "geometry": { "type": "Point", "coordinates": [ 118.0042754, 36.8039416 ] } },
{ "type": "Feature", "properties": { "osm_id": "5283_end" }, "geometry": { "type": "Point", "coordinates": [ 118.0041758, 36.8023492 ] } },
{ "type": "Feature", "properties": { "osm_id": "5284_start" }, "geometry": { "type": "Point", "coordinates": [ 118.0039502, 36.8002513 ] } },
{ "type": "Feature", "properties": { "osm_id": "5284_end" }, "geometry": { "type": "Point", "coordinates": [ 118.0046032, 36.800219 ] } },
{ "type": "Feature", "properties": { "osm_id": "5285_end" }, "geometry": { "type": "Point", "coordinates": [ 118.0040371, 36.8004391 ] } },
{ "type": "Feature", "properties": { "osm_id": "5286_end" }, "geometry": { "type": "Point", "coordinates": [ 118.0040078, 36.8000353 ] } },
{ "type": "Feature", "properties": { "osm_id": "5287_end" }, "geometry": { "type": "Point", "coordinates": [ 118.0045501, 36.8004322 ] } },
{ "type": "Feature", "properties": { "osm_id": "5288_end" }, "geometry": { "type": "Point", "coordinates": [ 118.0045159, 36.8000242 ] } },
{ "type": "Feature", "properties": { "osm_id": "5289_start" }, "geometry": { "type": "Point", "coordinates": [ 118.0046929, 36.8023387 ] } },
{ "type": "Feature", "properties": { "osm_id": "5289_end" }, "geometry": { "type": "Point", "coordinates": [ 118.0045523, 36.8024306 ] } },
{ "type": "Feature", "properties": { "osm_id": "5290_start" }, "geometry": { "type": "Point", "coordinates": [ 118.0562993, 36.8107715 ] } },
{ "type": "Feature", "properties": { "osm_id": "5290_end" }, "geometry": { "type": "Point", "coordinates": [ 118.0563259, 36.810586 ] } },
{ "type": "Feature", "properties": { "osm_id": "5291_start" }, "geometry": { "type": "Point", "coordinates": [ 118.0517376, 36.7920939 ] } },
{ "type": "Feature", "properties": { "osm_id": "5292_start" }, "geometry": { "type": "Point", "coordinates": [ 118.051696, 36.7911987 ] } },
{ "type": "Feature", "properties": { "osm_id": "5292_end" }, "geometry": { "type": "Point", "coordinates": [ 118.0518685, 36.7920795 ] } },
{ "type": "Feature", "properties": { "osm_id": "5295_start" }, "geometry": { "type": "Point", "coordinates": [ 117.9679667, 36.8205125 ] } },
{ "type": "Feature", "properties": { "osm_id": "5295_end" }, "geometry": { "type": "Point", "coordinates": [ 117.9677312, 36.8176446 ] } },
{ "type": "Feature", "properties": { "osm_id": "5296_start" }, "geometry": { "type": "Point", "coordinates": [ 118.0474047, 36.8261051 ] } },
{ "type": "Feature", "properties": { "osm_id": "5296_end" }, "geometry": { "type": "Point", "coordinates": [ 118.0476299, 36.8260666 ] } },
{ "type": "Feature", "properties": { "osm_id": "5298_start" }, "geometry": { "type": "Point", "coordinates": [ 118.0512805, 36.7869066 ] } },
{ "type": "Feature", "properties": { "osm_id": "5362_start" }, "geometry": { "type": "Point", "coordinates": [ 118.0526054, 36.7883559 ] } },
{ "type": "Feature", "properties": { "osm_id": "5363_end" }, "geometry": { "type": "Point", "coordinates": [ 118.0528187, 36.7888334 ] } },
{ "type": "Feature", "properties": { "osm_id": "5364_end" }, "geometry": { "type": "Point", "coordinates": [ 118.0528611, 36.7889731 ] } },
{ "type": "Feature", "properties": { "osm_id": "5366_start" }, "geometry": { "type": "Point", "coordinates": [ 117.9768279, 36.7631982 ] } },
{ "type": "Feature", "properties": { "osm_id": "5366_end" }, "geometry": { "type": "Point", "coordinates": [ 117.96851, 36.7634789 ] } },
{ "type": "Feature", "properties": { "osm_id": "5367_start" }, "geometry": { "type": "Point", "coordinates": [ 117.9685014, 36.7634116 ] } },
{ "type": "Feature", "properties": { "osm_id": "5367_end" }, "geometry": { "type": "Point", "coordinates": [ 117.9768172, 36.7631243 ] } },
{ "type": "Feature", "properties": { "osm_id": "5632_start" }, "geometry": { "type": "Point", "coordinates": [ 118.0320369, 36.8092208 ] } },
{ "type": "Feature", "properties": { "osm_id": "5633_end" }, "geometry": { "type": "Point", "coordinates": [ 118.0973351, 36.8302508 ] } },
{ "type": "Feature", "properties": { "osm_id": "5635_start" }, "geometry": { "type": "Point", "coordinates": [ 118.0887972, 36.797777 ] } },
{ "type": "Feature", "properties": { "osm_id": "5636_start" }, "geometry": { "type": "Point", "coordinates": [ 118.0847759, 36.8385424 ] } },
{ "type": "Feature", "properties": { "osm_id": "5636_end" }, "geometry": { "type": "Point", "coordinates": [ 118.0823691, 36.8426705 ] } },
{ "type": "Feature", "properties": { "osm_id": "5637_start" }, "geometry": { "type": "Point", "coordinates": [ 118.0838399, 36.8369211 ] } },
{ "type": "Feature", "properties": { "osm_id": "5637_end" }, "geometry": { "type": "Point", "coordinates": [ 118.083746, 36.8378114 ] } },
{ "type": "Feature", "properties": { "osm_id": "5638_start" }, "geometry": { "type": "Point", "coordinates": [ 118.0878657, 36.8423806 ] } },
{ "type": "Feature", "properties": { "osm_id": "5638_end" }, "geometry": { "type": "Point", "coordinates": [ 118.0858716, 36.8316206 ] } },
{ "type": "Feature", "properties": { "osm_id": "5647_end" }, "geometry": { "type": "Point", "coordinates": [ 117.9638973, 36.7915617 ] } },
{ "type": "Feature", "properties": { "osm_id": "5657_start" }, "geometry": { "type": "Point", "coordinates": [ 117.9637958, 36.7915586 ] } },
{ "type": "Feature", "properties": { "osm_id": "5657_end" }, "geometry": { "type": "Point", "coordinates": [ 117.9596946, 36.7915615 ] } },
{ "type": "Feature", "properties": { "osm_id": "5659_start" }, "geometry": { "type": "Point", "coordinates": [ 117.9670925, 36.79142 ] } },
{ "type": "Feature", "properties": { "osm_id": "5659_end" }, "geometry": { "type": "Point", "coordinates": [ 117.971425, 36.7907031 ] } },
{ "type": "Feature", "properties": { "osm_id": "5660_start" }, "geometry": { "type": "Point", "coordinates": [ 117.9725572, 36.798145 ] } },
{ "type": "Feature", "properties": { "osm_id": "5660_end" }, "geometry": { "type": "Point", "coordinates": [ 117.972411, 36.7981137 ] } },
{ "type": "Feature", "properties": { "osm_id": "5661_start" }, "geometry": { "type": "Point", "coordinates": [ 117.9713331, 36.7978829 ] } },
{ "type": "Feature", "properties": { "osm_id": "5661_end" }, "geometry": { "type": "Point", "coordinates": [ 117.9711961, 36.7978536 ] } },
{ "type": "Feature", "properties": { "osm_id": "5663_start" }, "geometry": { "type": "Point", "coordinates": [ 117.9594121, 36.8078917 ] } },
{ "type": "Feature", "properties": { "osm_id": "5663_end" }, "geometry": { "type": "Point", "coordinates": [ 117.9573756, 36.8079546 ] } },
{ "type": "Feature", "properties": { "osm_id": "5664_start" }, "geometry": { "type": "Point", "coordinates": [ 117.9569069, 36.8078577 ] } },
{ "type": "Feature", "properties": { "osm_id": "5664_end" }, "geometry": { "type": "Point", "coordinates": [ 117.9553862, 36.8073465 ] } },
{ "type": "Feature", "properties": { "osm_id": "5665_start" }, "geometry": { "type": "Point", "coordinates": [ 117.9553968, 36.807248 ] } },
{ "type": "Feature", "properties": { "osm_id": "5665_end" }, "geometry": { "type": "Point", "coordinates": [ 117.9569638, 36.8071578 ] } },
{ "type": "Feature", "properties": { "osm_id": "5666_start" }, "geometry": { "type": "Point", "coordinates": [ 117.9574214, 36.8072395 ] } },
{ "type": "Feature", "properties": { "osm_id": "5666_end" }, "geometry": { "type": "Point", "coordinates": [ 117.9594699, 36.8077988 ] } },
{ "type": "Feature", "properties": { "osm_id": "5667_start" }, "geometry": { "type": "Point", "coordinates": [ 118.0432788, 36.8463685 ] } },
{ "type": "Feature", "properties": { "osm_id": "5667_end" }, "geometry": { "type": "Point", "coordinates": [ 118.0439036, 36.8463522 ] } },
{ "type": "Feature", "properties": { "osm_id": "5668_start" }, "geometry": { "type": "Point", "coordinates": [ 118.0432602, 36.8460825 ] } },
{ "type": "Feature", "properties": { "osm_id": "5668_end" }, "geometry": { "type": "Point", "coordinates": [ 118.0447333, 36.8460414 ] } },
{ "type": "Feature", "properties": { "osm_id": "5681_start" }, "geometry": { "type": "Point", "coordinates": [ 118.0660937, 36.7800644 ] } },
{ "type": "Feature", "properties": { "osm_id": "5681_end" }, "geometry": { "type": "Point", "coordinates": [ 118.0642973, 36.7760506 ] } },
{ "type": "Feature", "properties": { "osm_id": "5682_start" }, "geometry": { "type": "Point", "coordinates": [ 118.0635102, 36.7761169 ] } },
{ "type": "Feature", "properties": { "osm_id": "5682_end" }, "geometry": { "type": "Point", "coordinates": [ 118.0636871, 36.7768027 ] } },
{ "type": "Feature", "properties": { "osm_id": "5683_end" }, "geometry": { "type": "Point", "coordinates": [ 118.0720635, 36.7336862 ] } },
{ "type": "Feature", "properties": { "osm_id": "5684_start" }, "geometry": { "type": "Point", "coordinates": [ 118.0783251, 36.751811 ] } },
{ "type": "Feature", "properties": { "osm_id": "5684_end" }, "geometry": { "type": "Point", "coordinates": [ 118.0784299, 36.7517266 ] } },
{ "type": "Feature", "properties": { "osm_id": "5695_start" }, "geometry": { "type": "Point", "coordinates": [ 118.0431178, 36.7745931 ] } },
{ "type": "Feature", "properties": { "osm_id": "5695_end" }, "geometry": { "type": "Point", "coordinates": [ 118.0355393, 36.7748608 ] } },
{ "type": "Feature", "properties": { "osm_id": "5696_start" }, "geometry": { "type": "Point", "coordinates": [ 118.0421004, 36.7744193 ] } },
{ "type": "Feature", "properties": { "osm_id": "5696_end" }, "geometry": { "type": "Point", "coordinates": [ 118.0420249, 36.7700645 ] } },
{ "type": "Feature", "properties": { "osm_id": "5710_start" }, "geometry": { "type": "Point", "coordinates": [ 117.9851314, 36.683827 ] } },
{ "type": "Feature", "properties": { "osm_id": "5710_end" }, "geometry": { "type": "Point", "coordinates": [ 117.984968, 36.6832421 ] } },
{ "type": "Feature", "properties": { "osm_id": "5711_start" }, "geometry": { "type": "Point", "coordinates": [ 117.9839157, 36.683879 ] } },
{ "type": "Feature", "properties": { "osm_id": "5711_end" }, "geometry": { "type": "Point", "coordinates": [ 117.9845683, 36.683596 ] } },
{ "type": "Feature", "properties": { "osm_id": "5712_start" }, "geometry": { "type": "Point", "coordinates": [ 117.9847078, 36.6835448 ] } },
{ "type": "Feature", "properties": { "osm_id": "5712_end" }, "geometry": { "type": "Point", "coordinates": [ 117.984802, 36.6835367 ] } },
{ "type": "Feature", "properties": { "osm_id": "5714_start" }, "geometry": { "type": "Point", "coordinates": [ 118.057977, 36.7780958 ] } },
{ "type": "Feature", "properties": { "osm_id": "5714_end" }, "geometry": { "type": "Point", "coordinates": [ 118.0577771, 36.7776798 ] } },
{ "type": "Feature", "properties": { "osm_id": "5715_start" }, "geometry": { "type": "Point", "coordinates": [ 118.0586098, 36.7796446 ] } },
{ "type": "Feature", "properties": { "osm_id": "5719_start" }, "geometry": { "type": "Point", "coordinates": [ 118.0516765, 36.7865946 ] } },
{ "type": "Feature", "properties": { "osm_id": "5719_end" }, "geometry": { "type": "Point", "coordinates": [ 118.0517703, 36.7867876 ] } },
{ "type": "Feature", "properties": { "osm_id": "5720_start" }, "geometry": { "type": "Point", "coordinates": [ 118.0516317, 36.7866098 ] } },
{ "type": "Feature", "properties": { "osm_id": "5720_end" }, "geometry": { "type": "Point", "coordinates": [ 118.0517254, 36.7868028 ] } },
{ "type": "Feature", "properties": { "osm_id": "5721_start" }, "geometry": { "type": "Point", "coordinates": [ 118.0524922, 36.7880995 ] } },
{ "type": "Feature", "properties": { "osm_id": "5721_end" }, "geometry": { "type": "Point", "coordinates": [ 118.052627, 36.7883462 ] } },
{ "type": "Feature", "properties": { "osm_id": "5722_start" }, "geometry": { "type": "Point", "coordinates": [ 118.0524494, 36.7881153 ] } },
{ "type": "Feature", "properties": { "osm_id": "5722_end" }, "geometry": { "type": "Point", "coordinates": [ 118.0525863, 36.7883647 ] } },
{ "type": "Feature", "properties": { "osm_id": "5726_start" }, "geometry": { "type": "Point", "coordinates": [ 118.0516856, 36.7868166 ] } },
{ "type": "Feature", "properties": { "osm_id": "5727_end" }, "geometry": { "type": "Point", "coordinates": [ 118.0515176, 36.78656 ] } },
{ "type": "Feature", "properties": { "osm_id": "5729_end" }, "geometry": { "type": "Point", "coordinates": [ 118.0525287, 36.7880871 ] } },
{ "type": "Feature", "properties": { "osm_id": "5734_start" }, "geometry": { "type": "Point", "coordinates": [ 118.0287077, 36.8243929 ] } },
{ "type": "Feature", "properties": { "osm_id": "5734_end" }, "geometry": { "type": "Point", "coordinates": [ 118.0287135, 36.8246974 ] } },
{ "type": "Feature", "properties": { "osm_id": "5739_start" }, "geometry": { "type": "Point", "coordinates": [ 118.0326805, 36.8186483 ] } },
{ "type": "Feature", "properties": { "osm_id": "5739_end" }, "geometry": { "type": "Point", "coordinates": [ 118.034556, 36.8203372 ] } },
{ "type": "Feature", "properties": { "osm_id": "5740_start" }, "geometry": { "type": "Point", "coordinates": [ 118.0339826, 36.8203515 ] } },
{ "type": "Feature", "properties": { "osm_id": "5740_end" }, "geometry": { "type": "Point", "coordinates": [ 118.0326209, 36.820445 ] } },
{ "type": "Feature", "properties": { "osm_id": "5741_start" }, "geometry": { "type": "Point", "coordinates": [ 118.0338659, 36.8190533 ] } },
{ "type": "Feature", "properties": { "osm_id": "5741_end" }, "geometry": { "type": "Point", "coordinates": [ 118.0346452, 36.8187836 ] } },
{ "type": "Feature", "properties": { "osm_id": "5742_end" }, "geometry": { "type": "Point", "coordinates": [ 118.0545134, 36.8042842 ] } },
{ "type": "Feature", "properties": { "osm_id": "5743_start" }, "geometry": { "type": "Point", "coordinates": [ 118.0539944, 36.8020695 ] } },
{ "type": "Feature", "properties": { "osm_id": "5743_end" }, "geometry": { "type": "Point", "coordinates": [ 118.0541565, 36.8020419 ] } },
{ "type": "Feature", "properties": { "osm_id": "5744_start" }, "geometry": { "type": "Point", "coordinates": [ 118.0506162, 36.8007285 ] } },
{ "type": "Feature", "properties": { "osm_id": "5744_end" }, "geometry": { "type": "Point", "coordinates": [ 118.0514962, 36.7996088 ] } },
{ "type": "Feature", "properties": { "osm_id": "5745_start" }, "geometry": { "type": "Point", "coordinates": [ 118.0515921, 36.8004371 ] } },
{ "type": "Feature", "properties": { "osm_id": "5745_end" }, "geometry": { "type": "Point", "coordinates": [ 118.0533757, 36.7999827 ] } },
{ "type": "Feature", "properties": { "osm_id": "5753_start" }, "geometry": { "type": "Point", "coordinates": [ 118.1285681, 36.7421615 ] } },
{ "type": "Feature", "properties": { "osm_id": "5753_end" }, "geometry": { "type": "Point", "coordinates": [ 118.126258, 36.7413719 ] } },
{ "type": "Feature", "properties": { "osm_id": "5778_start" }, "geometry": { "type": "Point", "coordinates": [ 118.0156369, 36.7424586 ] } },
{ "type": "Feature", "properties": { "osm_id": "5778_end" }, "geometry": { "type": "Point", "coordinates": [ 118.0132192, 36.7432475 ] } },
{ "type": "Feature", "properties": { "osm_id": "5779_start" }, "geometry": { "type": "Point", "coordinates": [ 118.0133967, 36.7427984 ] } },
{ "type": "Feature", "properties": { "osm_id": "5779_end" }, "geometry": { "type": "Point", "coordinates": [ 118.0154957, 36.7421151 ] } },
{ "type": "Feature", "properties": { "osm_id": "5780_start" }, "geometry": { "type": "Point", "coordinates": [ 117.9970089, 36.7445236 ] } },
{ "type": "Feature", "properties": { "osm_id": "5780_end" }, "geometry": { "type": "Point", "coordinates": [ 117.9970138, 36.7446435 ] } },
{ "type": "Feature", "properties": { "osm_id": "5782_start" }, "geometry": { "type": "Point", "coordinates": [ 118.0016855, 36.7442985 ] } },
{ "type": "Feature", "properties": { "osm_id": "5784_start" }, "geometry": { "type": "Point", "coordinates": [ 118.0016645, 36.7441761 ] } },
{ "type": "Feature", "properties": { "osm_id": "5785_start" }, "geometry": { "type": "Point", "coordinates": [ 118.0021622, 36.7441378 ] } },
{ "type": "Feature", "properties": { "osm_id": "5787_start" }, "geometry": { "type": "Point", "coordinates": [ 118.0016487, 36.7440474 ] } },
{ "type": "Feature", "properties": { "osm_id": "5788_start" }, "geometry": { "type": "Point", "coordinates": [ 118.035332, 36.7323817 ] } },
{ "type": "Feature", "properties": { "osm_id": "5790_start" }, "geometry": { "type": "Point", "coordinates": [ 118.0350905, 36.7321577 ] } },
{ "type": "Feature", "properties": { "osm_id": "5790_end" }, "geometry": { "type": "Point", "coordinates": [ 118.0282734, 36.7243324 ] } },
{ "type": "Feature", "properties": { "osm_id": "5791_start" }, "geometry": { "type": "Point", "coordinates": [ 118.0366529, 36.7372186 ] } },
{ "type": "Feature", "properties": { "osm_id": "5791_end" }, "geometry": { "type": "Point", "coordinates": [ 118.0351962, 36.732414 ] } },
{ "type": "Feature", "properties": { "osm_id": "5793_start" }, "geometry": { "type": "Point", "coordinates": [ 117.9958717, 36.7455047 ] } },
{ "type": "Feature", "properties": { "osm_id": "5793_end" }, "geometry": { "type": "Point", "coordinates": [ 117.9955832, 36.7435255 ] } },
{ "type": "Feature", "properties": { "osm_id": "5794_end" }, "geometry": { "type": "Point", "coordinates": [ 117.9799069, 36.7463619 ] } },
{ "type": "Feature", "properties": { "osm_id": "5795_end" }, "geometry": { "type": "Point", "coordinates": [ 117.9705904, 36.7473604 ] } },
{ "type": "Feature", "properties": { "osm_id": "5796_start" }, "geometry": { "type": "Point", "coordinates": [ 117.958847, 36.7486456 ] } },
{ "type": "Feature", "properties": { "osm_id": "5796_end" }, "geometry": { "type": "Point", "coordinates": [ 117.9536321, 36.7491969 ] } },
{ "type": "Feature", "properties": { "osm_id": "5797_start" }, "geometry": { "type": "Point", "coordinates": [ 117.9544362, 36.7491119 ] } },
{ "type": "Feature", "properties": { "osm_id": "5797_end" }, "geometry": { "type": "Point", "coordinates": [ 117.9543889, 36.7489465 ] } },
{ "type": "Feature", "properties": { "osm_id": "5800_start" }, "geometry": { "type": "Point", "coordinates": [ 117.9529498, 36.7488362 ] } },
{ "type": "Feature", "properties": { "osm_id": "5800_end" }, "geometry": { "type": "Point", "coordinates": [ 117.9596251, 36.7482704 ] } },
{ "type": "Feature", "properties": { "osm_id": "5801_start" }, "geometry": { "type": "Point", "coordinates": [ 117.9622149, 36.7477512 ] } },
{ "type": "Feature", "properties": { "osm_id": "5801_end" }, "geometry": { "type": "Point", "coordinates": [ 117.9622526, 36.7479918 ] } },
{ "type": "Feature", "properties": { "osm_id": "5802_start" }, "geometry": { "type": "Point", "coordinates": [ 117.9636472, 36.7481042 ] } },
{ "type": "Feature", "properties": { "osm_id": "5802_end" }, "geometry": { "type": "Point", "coordinates": [ 117.9614823, 36.748343 ] } },
{ "type": "Feature", "properties": { "osm_id": "5803_start" }, "geometry": { "type": "Point", "coordinates": [ 117.9616829, 36.7483209 ] } },
{ "type": "Feature", "properties": { "osm_id": "5803_end" }, "geometry": { "type": "Point", "coordinates": [ 117.9616457, 36.7481631 ] } },
{ "type": "Feature", "properties": { "osm_id": "5804_start" }, "geometry": { "type": "Point", "coordinates": [ 117.962312, 36.7482515 ] } },
{ "type": "Feature", "properties": { "osm_id": "5804_end" }, "geometry": { "type": "Point", "coordinates": [ 117.9622799, 36.7480953 ] } },
{ "type": "Feature", "properties": { "osm_id": "5805_start" }, "geometry": { "type": "Point", "coordinates": [ 117.9622304, 36.7478505 ] } },
{ "type": "Feature", "properties": { "osm_id": "5805_end" }, "geometry": { "type": "Point", "coordinates": [ 117.965737, 36.747465 ] } },
{ "type": "Feature", "properties": { "osm_id": "5806_start" }, "geometry": { "type": "Point", "coordinates": [ 117.9676122, 36.747271 ] } },
{ "type": "Feature", "properties": { "osm_id": "5806_end" }, "geometry": { "type": "Point", "coordinates": [ 117.9796115, 36.7459864 ] } },
{ "type": "Feature", "properties": { "osm_id": "5807_start" }, "geometry": { "type": "Point", "coordinates": [ 117.9687148, 36.7468106 ] } },
{ "type": "Feature", "properties": { "osm_id": "5807_end" }, "geometry": { "type": "Point", "coordinates": [ 117.9688069, 36.7472739 ] } },
{ "type": "Feature", "properties": { "osm_id": "5808_start" }, "geometry": { "type": "Point", "coordinates": [ 117.9536452, 36.7488989 ] } },
{ "type": "Feature", "properties": { "osm_id": "5808_end" }, "geometry": { "type": "Point", "coordinates": [ 117.9536178, 36.7487675 ] } },
{ "type": "Feature", "properties": { "osm_id": "5809_start" }, "geometry": { "type": "Point", "coordinates": [ 117.9541619, 36.7488548 ] } },
{ "type": "Feature", "properties": { "osm_id": "5809_end" }, "geometry": { "type": "Point", "coordinates": [ 117.9541264, 36.7487152 ] } },
{ "type": "Feature", "properties": { "osm_id": "5810_start" }, "geometry": { "type": "Point", "coordinates": [ 117.9549889, 36.7487658 ] } },
{ "type": "Feature", "properties": { "osm_id": "5810_end" }, "geometry": { "type": "Point", "coordinates": [ 117.954956, 36.7486299 ] } },
{ "type": "Feature", "properties": { "osm_id": "5811_start" }, "geometry": { "type": "Point", "coordinates": [ 117.9573868, 36.7487999 ] } },
{ "type": "Feature", "properties": { "osm_id": "5811_end" }, "geometry": { "type": "Point", "coordinates": [ 117.9573032, 36.7483885 ] } },
{ "type": "Feature", "properties": { "osm_id": "5812_end" }, "geometry": { "type": "Point", "coordinates": [ 117.9567075, 36.7455292 ] } },
{ "type": "Feature", "properties": { "osm_id": "5813_start" }, "geometry": { "type": "Point", "coordinates": [ 117.9596815, 36.748373 ] } },
{ "type": "Feature", "properties": { "osm_id": "5813_end" }, "geometry": { "type": "Point", "coordinates": [ 117.9613692, 36.7524984 ] } },
{ "type": "Feature", "properties": { "osm_id": "5814_start" }, "geometry": { "type": "Point", "coordinates": [ 118.0021309, 36.7438895 ] } },
{ "type": "Feature", "properties": { "osm_id": "5814_end" }, "geometry": { "type": "Point", "coordinates": [ 118.0124804, 36.743008 ] } },
{ "type": "Feature", "properties": { "osm_id": "5815_start" }, "geometry": { "type": "Point", "coordinates": [ 117.9795768, 36.7246145 ] } },
{ "type": "Feature", "properties": { "osm_id": "5815_end" }, "geometry": { "type": "Point", "coordinates": [ 117.9793339, 36.7236874 ] } },
{ "type": "Feature", "properties": { "osm_id": "5816_start" }, "geometry": { "type": "Point", "coordinates": [ 117.9787322, 36.7247822 ] } },
{ "type": "Feature", "properties": { "osm_id": "5816_end" }, "geometry": { "type": "Point", "coordinates": [ 117.9725206, 36.7230859 ] } },
{ "type": "Feature", "properties": { "osm_id": "5817_start" }, "geometry": { "type": "Point", "coordinates": [ 117.9787142, 36.7223768 ] } },
{ "type": "Feature", "properties": { "osm_id": "5817_end" }, "geometry": { "type": "Point", "coordinates": [ 117.9677914, 36.7234137 ] } },
{ "type": "Feature", "properties": { "osm_id": "5818_start" }, "geometry": { "type": "Point", "coordinates": [ 117.9676727, 36.7234234 ] } },
{ "type": "Feature", "properties": { "osm_id": "5818_end" }, "geometry": { "type": "Point", "coordinates": [ 117.9609092, 36.7238853 ] } },
{ "type": "Feature", "properties": { "osm_id": "5819_start" }, "geometry": { "type": "Point", "coordinates": [ 117.9755015, 36.7095247 ] } },
{ "type": "Feature", "properties": { "osm_id": "5819_end" }, "geometry": { "type": "Point", "coordinates": [ 117.9746587, 36.7104262 ] } },
{ "type": "Feature", "properties": { "osm_id": "5820_start" }, "geometry": { "type": "Point", "coordinates": [ 117.9745481, 36.710498 ] } },
{ "type": "Feature", "properties": { "osm_id": "5820_end" }, "geometry": { "type": "Point", "coordinates": [ 117.9733916, 36.7098683 ] } },
{ "type": "Feature", "properties": { "osm_id": "5821_start" }, "geometry": { "type": "Point", "coordinates": [ 117.9805299, 36.7431557 ] } },
{ "type": "Feature", "properties": { "osm_id": "5821_end" }, "geometry": { "type": "Point", "coordinates": [ 117.9792819, 36.7433493 ] } },
{ "type": "Feature", "properties": { "osm_id": "5823_start" }, "geometry": { "type": "Point", "coordinates": [ 117.9823258, 36.7664591 ] } },
{ "type": "Feature", "properties": { "osm_id": "5823_end" }, "geometry": { "type": "Point", "coordinates": [ 117.9847141, 36.786041 ] } },
{ "type": "Feature", "properties": { "osm_id": "5824_start" }, "geometry": { "type": "Point", "coordinates": [ 117.9837014, 36.7663438 ] } },
{ "type": "Feature", "properties": { "osm_id": "5824_end" }, "geometry": { "type": "Point", "coordinates": [ 117.9814222, 36.767881 ] } },
{ "type": "Feature", "properties": { "osm_id": "5825_start" }, "geometry": { "type": "Point", "coordinates": [ 117.9799272, 36.7464476 ] } },
{ "type": "Feature", "properties": { "osm_id": "5825_end" }, "geometry": { "type": "Point", "coordinates": [ 117.9822274, 36.765581 ] } },
{ "type": "Feature", "properties": { "osm_id": "5827_start" }, "geometry": { "type": "Point", "coordinates": [ 117.9833171, 36.7781778 ] } },
{ "type": "Feature", "properties": { "osm_id": "5827_end" }, "geometry": { "type": "Point", "coordinates": [ 117.9826023, 36.7769205 ] } },
{ "type": "Feature", "properties": { "osm_id": "5828_start" }, "geometry": { "type": "Point", "coordinates": [ 117.9830087, 36.7768947 ] } },
{ "type": "Feature", "properties": { "osm_id": "5828_end" }, "geometry": { "type": "Point", "coordinates": [ 117.9823791, 36.7769413 ] } },
{ "type": "Feature", "properties": { "osm_id": "5829_start" }, "geometry": { "type": "Point", "coordinates": [ 117.9827436, 36.7782105 ] } },
{ "type": "Feature", "properties": { "osm_id": "5830_start" }, "geometry": { "type": "Point", "coordinates": [ 117.9823445, 36.7769438 ] } },
{ "type": "Feature", "properties": { "osm_id": "5830_end" }, "geometry": { "type": "Point", "coordinates": [ 117.9822804, 36.7764192 ] } },
{ "type": "Feature", "properties": { "osm_id": "5831_end" }, "geometry": { "type": "Point", "coordinates": [ 117.9825499, 36.7769248 ] } },
{ "type": "Feature", "properties": { "osm_id": "5832_start" }, "geometry": { "type": "Point", "coordinates": [ 117.982132, 36.7769592 ] } },
{ "type": "Feature", "properties": { "osm_id": "5832_end" }, "geometry": { "type": "Point", "coordinates": [ 117.9825165, 36.7782253 ] } },
{ "type": "Feature", "properties": { "osm_id": "5833_start" }, "geometry": { "type": "Point", "coordinates": [ 117.9822164, 36.7776468 ] } },
{ "type": "Feature", "properties": { "osm_id": "5833_end" }, "geometry": { "type": "Point", "coordinates": [ 117.9826784, 36.7776151 ] } },
{ "type": "Feature", "properties": { "osm_id": "5834_start" }, "geometry": { "type": "Point", "coordinates": [ 117.9842106, 36.7849739 ] } },
{ "type": "Feature", "properties": { "osm_id": "5834_end" }, "geometry": { "type": "Point", "coordinates": [ 117.9844096, 36.7852854 ] } },
{ "type": "Feature", "properties": { "osm_id": "5835_start" }, "geometry": { "type": "Point", "coordinates": [ 117.9841374, 36.7856706 ] } },
{ "type": "Feature", "properties": { "osm_id": "5835_end" }, "geometry": { "type": "Point", "coordinates": [ 117.983953, 36.7854821 ] } },
{ "type": "Feature", "properties": { "osm_id": "5836_start" }, "geometry": { "type": "Point", "coordinates": [ 117.9842166, 36.7835411 ] } },
{ "type": "Feature", "properties": { "osm_id": "5836_end" }, "geometry": { "type": "Point", "coordinates": [ 117.9840536, 36.7835552 ] } },
{ "type": "Feature", "properties": { "osm_id": "5837_start" }, "geometry": { "type": "Point", "coordinates": [ 117.9838116, 36.7827219 ] } },
{ "type": "Feature", "properties": { "osm_id": "5837_end" }, "geometry": { "type": "Point", "coordinates": [ 117.9825711, 36.7805183 ] } },
{ "type": "Feature", "properties": { "osm_id": "5838_start" }, "geometry": { "type": "Point", "coordinates": [ 117.98278, 36.7824891 ] } },
{ "type": "Feature", "properties": { "osm_id": "5838_end" }, "geometry": { "type": "Point", "coordinates": [ 117.9832184, 36.7825949 ] } },
{ "type": "Feature", "properties": { "osm_id": "5839_start" }, "geometry": { "type": "Point", "coordinates": [ 117.983004, 36.7825431 ] } },
{ "type": "Feature", "properties": { "osm_id": "5839_end" }, "geometry": { "type": "Point", "coordinates": [ 117.9827268, 36.7800591 ] } },
{ "type": "Feature", "properties": { "osm_id": "5840_start" }, "geometry": { "type": "Point", "coordinates": [ 117.9824513, 36.7814396 ] } },
{ "type": "Feature", "properties": { "osm_id": "5840_end" }, "geometry": { "type": "Point", "coordinates": [ 117.9835035, 36.7813748 ] } },
{ "type": "Feature", "properties": { "osm_id": "5841_start" }, "geometry": { "type": "Point", "coordinates": [ 117.9823918, 36.7809019 ] } },
{ "type": "Feature", "properties": { "osm_id": "5841_end" }, "geometry": { "type": "Point", "coordinates": [ 117.9836056, 36.7808322 ] } },
{ "type": "Feature", "properties": { "osm_id": "5842_start" }, "geometry": { "type": "Point", "coordinates": [ 117.9825334, 36.7801403 ] } },
{ "type": "Feature", "properties": { "osm_id": "5842_end" }, "geometry": { "type": "Point", "coordinates": [ 117.9822359, 36.7801328 ] } },
{ "type": "Feature", "properties": { "osm_id": "5843_start" }, "geometry": { "type": "Point", "coordinates": [ 117.9817561, 36.765609 ] } },
{ "type": "Feature", "properties": { "osm_id": "5843_end" }, "geometry": { "type": "Point", "coordinates": [ 117.9741547, 36.7099078 ] } },
{ "type": "Feature", "properties": { "osm_id": "5845_start" }, "geometry": { "type": "Point", "coordinates": [ 117.9814553, 36.7628598 ] } },
{ "type": "Feature", "properties": { "osm_id": "5845_end" }, "geometry": { "type": "Point", "coordinates": [ 117.9685711, 36.7640254 ] } },
{ "type": "Feature", "properties": { "osm_id": "5848_end" }, "geometry": { "type": "Point", "coordinates": [ 117.9774919, 36.7371954 ] } },
{ "type": "Feature", "properties": { "osm_id": "5849_start" }, "geometry": { "type": "Point", "coordinates": [ 117.97718, 36.7355938 ] } },
{ "type": "Feature", "properties": { "osm_id": "5849_end" }, "geometry": { "type": "Point", "coordinates": [ 117.9776354, 36.7355439 ] } },
{ "type": "Feature", "properties": { "osm_id": "5850_start" }, "geometry": { "type": "Point", "coordinates": [ 117.987375, 36.7349231 ] } },
{ "type": "Feature", "properties": { "osm_id": "5850_end" }, "geometry": { "type": "Point", "coordinates": [ 117.986579, 36.7298843 ] } },
{ "type": "Feature", "properties": { "osm_id": "5851_start" }, "geometry": { "type": "Point", "coordinates": [ 117.9811626, 36.7306689 ] } },
{ "type": "Feature", "properties": { "osm_id": "5851_end" }, "geometry": { "type": "Point", "coordinates": [ 117.9903078, 36.7288207 ] } },
{ "type": "Feature", "properties": { "osm_id": "5852_end" }, "geometry": { "type": "Point", "coordinates": [ 118.0021714, 36.7277667 ] } },
{ "type": "Feature", "properties": { "osm_id": "5853_start" }, "geometry": { "type": "Point", "coordinates": [ 118.0005306, 36.7310462 ] } },
{ "type": "Feature", "properties": { "osm_id": "5853_end" }, "geometry": { "type": "Point", "coordinates": [ 118.002598, 36.729695 ] } },
{ "type": "Feature", "properties": { "osm_id": "5854_end" }, "geometry": { "type": "Point", "coordinates": [ 117.9990337, 36.7306478 ] } },
{ "type": "Feature", "properties": { "osm_id": "5856_start" }, "geometry": { "type": "Point", "coordinates": [ 117.9958444, 36.7447298 ] } },
{ "type": "Feature", "properties": { "osm_id": "5856_end" }, "geometry": { "type": "Point", "coordinates": [ 117.9959083, 36.7457091 ] } },
{ "type": "Feature", "properties": { "osm_id": "5858_start" }, "geometry": { "type": "Point", "coordinates": [ 117.988417, 36.7617184 ] } },
{ "type": "Feature", "properties": { "osm_id": "5858_end" }, "geometry": { "type": "Point", "coordinates": [ 117.987309, 36.7631291 ] } },
{ "type": "Feature", "properties": { "osm_id": "5859_end" }, "geometry": { "type": "Point", "coordinates": [ 117.994341, 36.7444597 ] } },
{ "type": "Feature", "properties": { "osm_id": "5860_end" }, "geometry": { "type": "Point", "coordinates": [ 117.9956935, 36.7443539 ] } },
{ "type": "Feature", "properties": { "osm_id": "5861_end" }, "geometry": { "type": "Point", "coordinates": [ 118.0016445, 36.7439267 ] } },
{ "type": "Feature", "properties": { "osm_id": "5863_start" }, "geometry": { "type": "Point", "coordinates": [ 118.0170922, 36.741488 ] } },
{ "type": "Feature", "properties": { "osm_id": "5863_end" }, "geometry": { "type": "Point", "coordinates": [ 118.0632826, 36.7342771 ] } },
{ "type": "Feature", "properties": { "osm_id": "5864_start" }, "geometry": { "type": "Point", "coordinates": [ 118.0678592, 36.7272157 ] } },
{ "type": "Feature", "properties": { "osm_id": "5864_end" }, "geometry": { "type": "Point", "coordinates": [ 118.0755665, 36.7265766 ] } },
{ "type": "Feature", "properties": { "osm_id": "5865_start" }, "geometry": { "type": "Point", "coordinates": [ 118.069062, 36.7297496 ] } },
{ "type": "Feature", "properties": { "osm_id": "5865_end" }, "geometry": { "type": "Point", "coordinates": [ 118.0662663, 36.7237741 ] } },
{ "type": "Feature", "properties": { "osm_id": "5866_end" }, "geometry": { "type": "Point", "coordinates": [ 118.0664043, 36.7237615 ] } },
{ "type": "Feature", "properties": { "osm_id": "5868_start" }, "geometry": { "type": "Point", "coordinates": [ 117.9768056, 36.7630081 ] } },
{ "type": "Feature", "properties": { "osm_id": "5868_end" }, "geometry": { "type": "Point", "coordinates": [ 117.9768463, 36.7633207 ] } },
{ "type": "Feature", "properties": { "osm_id": "5869_start" }, "geometry": { "type": "Point", "coordinates": [ 118.0014341, 36.730444 ] } },
{ "type": "Feature", "properties": { "osm_id": "5869_end" }, "geometry": { "type": "Point", "coordinates": [ 118.0001688, 36.7301015 ] } },
{ "type": "Feature", "properties": { "osm_id": "5870_end" }, "geometry": { "type": "Point", "coordinates": [ 117.9999054, 36.7300254 ] } },
{ "type": "Feature", "properties": { "osm_id": "5871_start" }, "geometry": { "type": "Point", "coordinates": [ 118.0015915, 36.7304847 ] } },
{ "type": "Feature", "properties": { "osm_id": "5872_start" }, "geometry": { "type": "Point", "coordinates": [ 118.000089, 36.7299439 ] } },
{ "type": "Feature", "properties": { "osm_id": "5872_end" }, "geometry": { "type": "Point", "coordinates": [ 118.000302, 36.7300038 ] } },
{ "type": "Feature", "properties": { "osm_id": "5873_start" }, "geometry": { "type": "Point", "coordinates": [ 118.0015565, 36.7303569 ] } },
{ "type": "Feature", "properties": { "osm_id": "5873_end" }, "geometry": { "type": "Point", "coordinates": [ 118.0017157, 36.7304017 ] } },
{ "type": "Feature", "properties": { "osm_id": "5875_start" }, "geometry": { "type": "Point", "coordinates": [ 118.0012946, 36.7305275 ] } },
{ "type": "Feature", "properties": { "osm_id": "5875_end" }, "geometry": { "type": "Point", "coordinates": [ 118.0000424, 36.7301915 ] } },
{ "type": "Feature", "properties": { "osm_id": "5876_end" }, "geometry": { "type": "Point", "coordinates": [ 117.9997237, 36.730106 ] } },
{ "type": "Feature", "properties": { "osm_id": "5877_start" }, "geometry": { "type": "Point", "coordinates": [ 118.0014608, 36.730572 ] } },
{ "type": "Feature", "properties": { "osm_id": "5878_start" }, "geometry": { "type": "Point", "coordinates": [ 118.0002468, 36.7298739 ] } },
{ "type": "Feature", "properties": { "osm_id": "5878_end" }, "geometry": { "type": "Point", "coordinates": [ 118.0004206, 36.7299229 ] } },
{ "type": "Feature", "properties": { "osm_id": "5879_start" }, "geometry": { "type": "Point", "coordinates": [ 118.0016764, 36.7302764 ] } },
{ "type": "Feature", "properties": { "osm_id": "5879_end" }, "geometry": { "type": "Point", "coordinates": [ 118.0018358, 36.7303213 ] } },
{ "type": "Feature", "properties": { "osm_id": "5889_start" }, "geometry": { "type": "Point", "coordinates": [ 118.0126557, 36.7358543 ] } },
{ "type": "Feature", "properties": { "osm_id": "5889_end" }, "geometry": { "type": "Point", "coordinates": [ 118.0163912, 36.7418453 ] } },
{ "type": "Feature", "properties": { "osm_id": "5890_start" }, "geometry": { "type": "Point", "coordinates": [ 118.0124669, 36.7355506 ] } },
{ "type": "Feature", "properties": { "osm_id": "5891_start" }, "geometry": { "type": "Point", "coordinates": [ 118.0157771, 36.741184 ] } },
{ "type": "Feature", "properties": { "osm_id": "5891_end" }, "geometry": { "type": "Point", "coordinates": [ 118.0124769, 36.7358769 ] } },
{ "type": "Feature", "properties": { "osm_id": "5892_end" }, "geometry": { "type": "Point", "coordinates": [ 118.012282, 36.7355634 ] } },
{ "type": "Feature", "properties": { "osm_id": "5893_start" }, "geometry": { "type": "Point", "coordinates": [ 118.0279006, 36.7382368 ] } },
{ "type": "Feature", "properties": { "osm_id": "5893_end" }, "geometry": { "type": "Point", "coordinates": [ 118.0226447, 36.7348948 ] } },
{ "type": "Feature", "properties": { "osm_id": "5894_end" }, "geometry": { "type": "Point", "coordinates": [ 118.0221873, 36.7346344 ] } },
{ "type": "Feature", "properties": { "osm_id": "5895_start" }, "geometry": { "type": "Point", "coordinates": [ 118.0460362, 36.736046 ] } },
{ "type": "Feature", "properties": { "osm_id": "5895_end" }, "geometry": { "type": "Point", "coordinates": [ 118.0452893, 36.729593 ] } },
{ "type": "Feature", "properties": { "osm_id": "5897_end" }, "geometry": { "type": "Point", "coordinates": [ 118.0856723, 36.7311831 ] } },
{ "type": "Feature", "properties": { "osm_id": "5898_end" }, "geometry": { "type": "Point", "coordinates": [ 118.0873889, 36.7314182 ] } },
{ "type": "Feature", "properties": { "osm_id": "5899_end" }, "geometry": { "type": "Point", "coordinates": [ 118.1169643, 36.7306608 ] } },
{ "type": "Feature", "properties": { "osm_id": "5900_start" }, "geometry": { "type": "Point", "coordinates": [ 118.1172183, 36.7312684 ] } },
{ "type": "Feature", "properties": { "osm_id": "5900_end" }, "geometry": { "type": "Point", "coordinates": [ 118.0873067, 36.7317877 ] } },
{ "type": "Feature", "properties": { "osm_id": "5901_end" }, "geometry": { "type": "Point", "coordinates": [ 118.0856008, 36.7315527 ] } },
{ "type": "Feature", "properties": { "osm_id": "5902_end" }, "geometry": { "type": "Point", "coordinates": [ 118.064839, 36.7345558 ] } },
{ "type": "Feature", "properties": { "osm_id": "5905_start" }, "geometry": { "type": "Point", "coordinates": [ 117.9792772, 36.7918198 ] } },
{ "type": "Feature", "properties": { "osm_id": "5905_end" }, "geometry": { "type": "Point", "coordinates": [ 117.9792773, 36.7916063 ] } },
{ "type": "Feature", "properties": { "osm_id": "5906_start" }, "geometry": { "type": "Point", "coordinates": [ 117.9793365, 36.7916088 ] } },
{ "type": "Feature", "properties": { "osm_id": "5906_end" }, "geometry": { "type": "Point", "coordinates": [ 117.9793402, 36.7918752 ] } },
{ "type": "Feature", "properties": { "osm_id": "5908_start" }, "geometry": { "type": "Point", "coordinates": [ 117.9794216, 36.7910877 ] } },
{ "type": "Feature", "properties": { "osm_id": "5908_end" }, "geometry": { "type": "Point", "coordinates": [ 117.9792016, 36.7910952 ] } },
{ "type": "Feature", "properties": { "osm_id": "5909_start" }, "geometry": { "type": "Point", "coordinates": [ 117.9791964, 36.7902562 ] } },
{ "type": "Feature", "properties": { "osm_id": "5909_end" }, "geometry": { "type": "Point", "coordinates": [ 117.9789696, 36.7902463 ] } },
{ "type": "Feature", "properties": { "osm_id": "5914_start" }, "geometry": { "type": "Point", "coordinates": [ 118.0274779, 36.7604631 ] } },
{ "type": "Feature", "properties": { "osm_id": "5914_end" }, "geometry": { "type": "Point", "coordinates": [ 118.0301413, 36.7618986 ] } },
{ "type": "Feature", "properties": { "osm_id": "5915_start" }, "geometry": { "type": "Point", "coordinates": [ 118.0304978, 36.7617286 ] } },
{ "type": "Feature", "properties": { "osm_id": "5915_end" }, "geometry": { "type": "Point", "coordinates": [ 118.0298733, 36.7620226 ] } },
{ "type": "Feature", "properties": { "osm_id": "5916_start" }, "geometry": { "type": "Point", "coordinates": [ 118.0288343, 36.7605995 ] } },
{ "type": "Feature", "properties": { "osm_id": "5916_end" }, "geometry": { "type": "Point", "coordinates": [ 118.0288369, 36.7604509 ] } },
{ "type": "Feature", "properties": { "osm_id": "5917_start" }, "geometry": { "type": "Point", "coordinates": [ 118.0274997, 36.7606147 ] } },
{ "type": "Feature", "properties": { "osm_id": "5917_end" }, "geometry": { "type": "Point", "coordinates": [ 118.0254825, 36.7606235 ] } },
{ "type": "Feature", "properties": { "osm_id": "5918_start" }, "geometry": { "type": "Point", "coordinates": [ 118.0262037, 36.7606204 ] } },
{ "type": "Feature", "properties": { "osm_id": "5918_end" }, "geometry": { "type": "Point", "coordinates": [ 118.0262199, 36.7604178 ] } },
{ "type": "Feature", "properties": { "osm_id": "5919_start" }, "geometry": { "type": "Point", "coordinates": [ 118.0266477, 36.7603657 ] } },
{ "type": "Feature", "properties": { "osm_id": "5919_end" }, "geometry": { "type": "Point", "coordinates": [ 118.0266321, 36.7606185 ] } },
{ "type": "Feature", "properties": { "osm_id": "5920_start" }, "geometry": { "type": "Point", "coordinates": [ 118.0254856, 36.7604698 ] } },
{ "type": "Feature", "properties": { "osm_id": "5920_end" }, "geometry": { "type": "Point", "coordinates": [ 118.0255111, 36.7620244 ] } },
{ "type": "Feature", "properties": { "osm_id": "5924_start" }, "geometry": { "type": "Point", "coordinates": [ 118.0215442, 36.7604747 ] } },
{ "type": "Feature", "properties": { "osm_id": "5924_end" }, "geometry": { "type": "Point", "coordinates": [ 118.0215517, 36.7601842 ] } },
{ "type": "Feature", "properties": { "osm_id": "5925_start" }, "geometry": { "type": "Point", "coordinates": [ 118.0183328, 36.7603992 ] } },
{ "type": "Feature", "properties": { "osm_id": "5925_end" }, "geometry": { "type": "Point", "coordinates": [ 118.0183423, 36.7600988 ] } },
{ "type": "Feature", "properties": { "osm_id": "5935_start" }, "geometry": { "type": "Point", "coordinates": [ 117.9814178, 36.7625255 ] } },
{ "type": "Feature", "properties": { "osm_id": "5935_end" }, "geometry": { "type": "Point", "coordinates": [ 117.9814741, 36.7630318 ] } },
{ "type": "Feature", "properties": { "osm_id": "5945_end" }, "geometry": { "type": "Point", "coordinates": [ 117.9871977, 36.7326272 ] } },
{ "type": "Feature", "properties": { "osm_id": "5946_end" }, "geometry": { "type": "Point", "coordinates": [ 117.9525914, 36.7360741 ] } },
{ "type": "Feature", "properties": { "osm_id": "5947_start" }, "geometry": { "type": "Point", "coordinates": [ 117.9148421, 36.7274305 ] } },
{ "type": "Feature", "properties": { "osm_id": "5947_end" }, "geometry": { "type": "Point", "coordinates": [ 117.9145653, 36.7271262 ] } },
{ "type": "Feature", "properties": { "osm_id": "5948_start" }, "geometry": { "type": "Point", "coordinates": [ 117.9154472, 36.7266264 ] } },
{ "type": "Feature", "properties": { "osm_id": "5948_end" }, "geometry": { "type": "Point", "coordinates": [ 117.9156162, 36.7269342 ] } },
{ "type": "Feature", "properties": { "osm_id": "5949_end" }, "geometry": { "type": "Point", "coordinates": [ 117.9249195, 36.7552686 ] } },
{ "type": "Feature", "properties": { "osm_id": "5950_start" }, "geometry": { "type": "Point", "coordinates": [ 117.9256609, 36.755189 ] } },
{ "type": "Feature", "properties": { "osm_id": "5950_end" }, "geometry": { "type": "Point", "coordinates": [ 117.9322983, 36.7532017 ] } },
{ "type": "Feature", "properties": { "osm_id": "5952_end" }, "geometry": { "type": "Point", "coordinates": [ 117.9053849, 36.7585858 ] } },
{ "type": "Feature", "properties": { "osm_id": "5956_start" }, "geometry": { "type": "Point", "coordinates": [ 117.9112175, 36.7272748 ] } },
{ "type": "Feature", "properties": { "osm_id": "5956_end" }, "geometry": { "type": "Point", "coordinates": [ 117.8971641, 36.7045358 ] } },
{ "type": "Feature", "properties": { "osm_id": "5957_end" }, "geometry": { "type": "Point", "coordinates": [ 117.8967442, 36.704934 ] } },
{ "type": "Feature", "properties": { "osm_id": "5958_start" }, "geometry": { "type": "Point", "coordinates": [ 117.893446, 36.7019377 ] } },
{ "type": "Feature", "properties": { "osm_id": "5958_end" }, "geometry": { "type": "Point", "coordinates": [ 117.8969144, 36.6972877 ] } },
{ "type": "Feature", "properties": { "osm_id": "5960_end" }, "geometry": { "type": "Point", "coordinates": [ 117.8903562, 36.7096135 ] } },
{ "type": "Feature", "properties": { "osm_id": "5968_start" }, "geometry": { "type": "Point", "coordinates": [ 117.9170333, 36.7211203 ] } },
{ "type": "Feature", "properties": { "osm_id": "5968_end" }, "geometry": { "type": "Point", "coordinates": [ 117.9135428, 36.7168875 ] } },
{ "type": "Feature", "properties": { "osm_id": "5969_start" }, "geometry": { "type": "Point", "coordinates": [ 117.9126549, 36.7158545 ] } },
{ "type": "Feature", "properties": { "osm_id": "5969_end" }, "geometry": { "type": "Point", "coordinates": [ 117.9170974, 36.72094 ] } },
{ "type": "Feature", "properties": { "osm_id": "5977_start" }, "geometry": { "type": "Point", "coordinates": [ 117.9819946, 36.6719644 ] } },
{ "type": "Feature", "properties": { "osm_id": "5977_end" }, "geometry": { "type": "Point", "coordinates": [ 117.9846695, 36.6815446 ] } },
{ "type": "Feature", "properties": { "osm_id": "5978_start" }, "geometry": { "type": "Point", "coordinates": [ 117.9845016, 36.6815727 ] } },
{ "type": "Feature", "properties": { "osm_id": "5978_end" }, "geometry": { "type": "Point", "coordinates": [ 117.9818271, 36.6719981 ] } },
{ "type": "Feature", "properties": { "osm_id": "5979_start" }, "geometry": { "type": "Point", "coordinates": [ 118.0530513, 36.7889502 ] } },
{ "type": "Feature", "properties": { "osm_id": "5979_end" }, "geometry": { "type": "Point", "coordinates": [ 118.0532804, 36.7891964 ] } },
{ "type": "Feature", "properties": { "osm_id": "5980_start" }, "geometry": { "type": "Point", "coordinates": [ 118.0104635, 36.7323337 ] } },
{ "type": "Feature", "properties": { "osm_id": "5980_end" }, "geometry": { "type": "Point", "coordinates": [ 118.014734, 36.7316671 ] } },
{ "type": "Feature", "properties": { "osm_id": "5982_start" }, "geometry": { "type": "Point", "coordinates": [ 118.0329578, 36.7836374 ] } },
{ "type": "Feature", "properties": { "osm_id": "5982_end" }, "geometry": { "type": "Point", "coordinates": [ 118.0195083, 36.7851542 ] } },
{ "type": "Feature", "properties": { "osm_id": "5983_start" }, "geometry": { "type": "Point", "coordinates": [ 118.0183473, 36.7849233 ] } },
{ "type": "Feature", "properties": { "osm_id": "5984_start" }, "geometry": { "type": "Point", "coordinates": [ 118.0175004, 36.7854033 ] } },
{ "type": "Feature", "properties": { "osm_id": "5984_end" }, "geometry": { "type": "Point", "coordinates": [ 118.0048282, 36.7866229 ] } },
{ "type": "Feature", "properties": { "osm_id": "5985_end" }, "geometry": { "type": "Point", "coordinates": [ 118.0177524, 36.7853794 ] } },
{ "type": "Feature", "properties": { "osm_id": "5987_start" }, "geometry": { "type": "Point", "coordinates": [ 118.003595, 36.7864164 ] } },
{ "type": "Feature", "properties": { "osm_id": "5987_end" }, "geometry": { "type": "Point", "coordinates": [ 118.0174679, 36.7849648 ] } },
{ "type": "Feature", "properties": { "osm_id": "5988_start" }, "geometry": { "type": "Point", "coordinates": [ 118.0177145, 36.7849431 ] } },
{ "type": "Feature", "properties": { "osm_id": "5990_start" }, "geometry": { "type": "Point", "coordinates": [ 118.0029277, 36.7867919 ] } },
{ "type": "Feature", "properties": { "osm_id": "5990_end" }, "geometry": { "type": "Point", "coordinates": [ 117.9856852, 36.7865215 ] } },
{ "type": "Feature", "properties": { "osm_id": "5991_start" }, "geometry": { "type": "Point", "coordinates": [ 117.9844434, 36.7860761 ] } },
{ "type": "Feature", "properties": { "osm_id": "5991_end" }, "geometry": { "type": "Point", "coordinates": [ 118.0020082, 36.7865629 ] } },
{ "type": "Feature", "properties": { "osm_id": "5992_start" }, "geometry": { "type": "Point", "coordinates": [ 117.984039, 36.786384 ] } },
{ "type": "Feature", "properties": { "osm_id": "5992_end" }, "geometry": { "type": "Point", "coordinates": [ 117.9751316, 36.7856787 ] } },
{ "type": "Feature", "properties": { "osm_id": "5993_start" }, "geometry": { "type": "Point", "coordinates": [ 117.9736215, 36.785554 ] } },
{ "type": "Feature", "properties": { "osm_id": "5993_end" }, "geometry": { "type": "Point", "coordinates": [ 117.9709944, 36.785276 ] } },
{ "type": "Feature", "properties": { "osm_id": "5995_start" }, "geometry": { "type": "Point", "coordinates": [ 117.9752029, 36.7852874 ] } },
{ "type": "Feature", "properties": { "osm_id": "5995_end" }, "geometry": { "type": "Point", "coordinates": [ 117.9826128, 36.7859214 ] } },
{ "type": "Feature", "properties": { "osm_id": "5996_start" }, "geometry": { "type": "Point", "coordinates": [ 117.9710029, 36.7850181 ] } },
{ "type": "Feature", "properties": { "osm_id": "5996_end" }, "geometry": { "type": "Point", "coordinates": [ 117.9736669, 36.7851664 ] } },
{ "type": "Feature", "properties": { "osm_id": "5999_start" }, "geometry": { "type": "Point", "coordinates": [ 117.9693202, 36.7853723 ] } },
{ "type": "Feature", "properties": { "osm_id": "6000_start" }, "geometry": { "type": "Point", "coordinates": [ 118.0715233, 36.7728527 ] } },
{ "type": "Feature", "properties": { "osm_id": "6000_end" }, "geometry": { "type": "Point", "coordinates": [ 118.0513164, 36.7812334 ] } },
{ "type": "Feature", "properties": { "osm_id": "6003_start" }, "geometry": { "type": "Point", "coordinates": [ 118.049551, 36.7828224 ] } },
{ "type": "Feature", "properties": { "osm_id": "6005_start" }, "geometry": { "type": "Point", "coordinates": [ 118.0473445, 36.7831324 ] } },
{ "type": "Feature", "properties": { "osm_id": "6005_end" }, "geometry": { "type": "Point", "coordinates": [ 118.0470118, 36.7827984 ] } },
{ "type": "Feature", "properties": { "osm_id": "6006_start" }, "geometry": { "type": "Point", "coordinates": [ 118.0479816, 36.7846376 ] } },
{ "type": "Feature", "properties": { "osm_id": "6006_end" }, "geometry": { "type": "Point", "coordinates": [ 118.0475302, 36.783635 ] } },
{ "type": "Feature", "properties": { "osm_id": "6010_start" }, "geometry": { "type": "Point", "coordinates": [ 118.0491364, 36.7826333 ] } },
{ "type": "Feature", "properties": { "osm_id": "6010_end" }, "geometry": { "type": "Point", "coordinates": [ 118.0495601, 36.783031 ] } },
{ "type": "Feature", "properties": { "osm_id": "6014_start" }, "geometry": { "type": "Point", "coordinates": [ 118.0508109, 36.7814285 ] } },
{ "type": "Feature", "properties": { "osm_id": "6016_start" }, "geometry": { "type": "Point", "coordinates": [ 118.0512465, 36.7807265 ] } },
{ "type": "Feature", "properties": { "osm_id": "6016_end" }, "geometry": { "type": "Point", "coordinates": [ 118.0709916, 36.7727591 ] } },
{ "type": "Feature", "properties": { "osm_id": "6017_end" }, "geometry": { "type": "Point", "coordinates": [ 118.0509944, 36.7808329 ] } },
{ "type": "Feature", "properties": { "osm_id": "6019_start" }, "geometry": { "type": "Point", "coordinates": [ 118.0640768, 36.7755084 ] } },
{ "type": "Feature", "properties": { "osm_id": "6019_end" }, "geometry": { "type": "Point", "coordinates": [ 118.0642223, 36.7753681 ] } },
{ "type": "Feature", "properties": { "osm_id": "6021_end" }, "geometry": { "type": "Point", "coordinates": [ 118.0473886, 36.7832055 ] } },
{ "type": "Feature", "properties": { "osm_id": "6023_start" }, "geometry": { "type": "Point", "coordinates": [ 118.046769, 36.7826862 ] } },
{ "type": "Feature", "properties": { "osm_id": "6023_end" }, "geometry": { "type": "Point", "coordinates": [ 118.0464909, 36.7822016 ] } },
{ "type": "Feature", "properties": { "osm_id": "6028_start" }, "geometry": { "type": "Point", "coordinates": [ 117.957384, 36.8088079 ] } },
{ "type": "Feature", "properties": { "osm_id": "6028_end" }, "geometry": { "type": "Point", "coordinates": [ 117.9575355, 36.8156122 ] } },
{ "type": "Feature", "properties": { "osm_id": "6029_start" }, "geometry": { "type": "Point", "coordinates": [ 117.9571568, 36.814729 ] } },
{ "type": "Feature", "properties": { "osm_id": "6029_end" }, "geometry": { "type": "Point", "coordinates": [ 117.9569375, 36.8088099 ] } },
{ "type": "Feature", "properties": { "osm_id": "6030_start" }, "geometry": { "type": "Point", "coordinates": [ 117.9577258, 36.8186842 ] } },
{ "type": "Feature", "properties": { "osm_id": "6030_end" }, "geometry": { "type": "Point", "coordinates": [ 117.958176, 36.823506 ] } },
{ "type": "Feature", "properties": { "osm_id": "6031_start" }, "geometry": { "type": "Point", "coordinates": [ 117.9577999, 36.8235201 ] } },
{ "type": "Feature", "properties": { "osm_id": "6031_end" }, "geometry": { "type": "Point", "coordinates": [ 117.9573113, 36.8190325 ] } },
{ "type": "Feature", "properties": { "osm_id": "6033_start" }, "geometry": { "type": "Point", "coordinates": [ 117.9584524, 36.8261704 ] } },
{ "type": "Feature", "properties": { "osm_id": "6033_end" }, "geometry": { "type": "Point", "coordinates": [ 117.9588265, 36.8304732 ] } },
{ "type": "Feature", "properties": { "osm_id": "6034_start" }, "geometry": { "type": "Point", "coordinates": [ 117.9583719, 36.8305226 ] } },
{ "type": "Feature", "properties": { "osm_id": "6034_end" }, "geometry": { "type": "Point", "coordinates": [ 117.9580442, 36.8261683 ] } },
{ "type": "Feature", "properties": { "osm_id": "6035_start" }, "geometry": { "type": "Point", "coordinates": [ 117.953094, 36.8316233 ] } },
{ "type": "Feature", "properties": { "osm_id": "6035_end" }, "geometry": { "type": "Point", "coordinates": [ 117.9505034, 36.8255324 ] } },
{ "type": "Feature", "properties": { "osm_id": "6036_start" }, "geometry": { "type": "Point", "coordinates": [ 117.9530024, 36.831781 ] } },
{ "type": "Feature", "properties": { "osm_id": "6036_end" }, "geometry": { "type": "Point", "coordinates": [ 117.9531887, 36.8317721 ] } },
{ "type": "Feature", "properties": { "osm_id": "6037_end" }, "geometry": { "type": "Point", "coordinates": [ 117.94813, 36.8234694 ] } },
{ "type": "Feature", "properties": { "osm_id": "6038_start" }, "geometry": { "type": "Point", "coordinates": [ 117.9504716, 36.8238936 ] } },
{ "type": "Feature", "properties": { "osm_id": "6038_end" }, "geometry": { "type": "Point", "coordinates": [ 117.9544851, 36.8232392 ] } },
{ "type": "Feature", "properties": { "osm_id": "6040_start" }, "geometry": { "type": "Point", "coordinates": [ 117.984124, 36.849399 ] } },
{ "type": "Feature", "properties": { "osm_id": "6040_end" }, "geometry": { "type": "Point", "coordinates": [ 117.989475, 36.8490175 ] } },
{ "type": "Feature", "properties": { "osm_id": "6041_start" }, "geometry": { "type": "Point", "coordinates": [ 117.9895194, 36.8493631 ] } },
{ "type": "Feature", "properties": { "osm_id": "6041_end" }, "geometry": { "type": "Point", "coordinates": [ 117.9841366, 36.849648 ] } },
{ "type": "Feature", "properties": { "osm_id": "6042_start" }, "geometry": { "type": "Point", "coordinates": [ 118.0006524, 36.8482555 ] } },
{ "type": "Feature", "properties": { "osm_id": "6042_end" }, "geometry": { "type": "Point", "coordinates": [ 118.0058201, 36.8479264 ] } },
{ "type": "Feature", "properties": { "osm_id": "6043_start" }, "geometry": { "type": "Point", "coordinates": [ 118.0263837, 36.8470655 ] } },
{ "type": "Feature", "properties": { "osm_id": "6043_end" }, "geometry": { "type": "Point", "coordinates": [ 118.0264381, 36.8475071 ] } },
{ "type": "Feature", "properties": { "osm_id": "6044_start" }, "geometry": { "type": "Point", "coordinates": [ 118.0303573, 36.8469994 ] } },
{ "type": "Feature", "properties": { "osm_id": "6044_end" }, "geometry": { "type": "Point", "coordinates": [ 118.0221646, 36.8472428 ] } },
{ "type": "Feature", "properties": { "osm_id": "6045_start" }, "geometry": { "type": "Point", "coordinates": [ 118.0292659, 36.8470753 ] } },
{ "type": "Feature", "properties": { "osm_id": "6045_end" }, "geometry": { "type": "Point", "coordinates": [ 118.0309392, 36.8497037 ] } },
{ "type": "Feature", "properties": { "osm_id": "6046_start" }, "geometry": { "type": "Point", "coordinates": [ 118.0293003, 36.8473012 ] } },
{ "type": "Feature", "properties": { "osm_id": "6046_end" }, "geometry": { "type": "Point", "coordinates": [ 118.028524, 36.8473268 ] } },
{ "type": "Feature", "properties": { "osm_id": "6047_start" }, "geometry": { "type": "Point", "coordinates": [ 118.0284895, 36.8471015 ] } },
{ "type": "Feature", "properties": { "osm_id": "6047_end" }, "geometry": { "type": "Point", "coordinates": [ 118.0270703, 36.8495905 ] } },
{ "type": "Feature", "properties": { "osm_id": "6048_start" }, "geometry": { "type": "Point", "coordinates": [ 118.0265945, 36.8485227 ] } },
{ "type": "Feature", "properties": { "osm_id": "6048_end" }, "geometry": { "type": "Point", "coordinates": [ 118.0270133, 36.8484844 ] } },
{ "type": "Feature", "properties": { "osm_id": "6050_start" }, "geometry": { "type": "Point", "coordinates": [ 118.0337361, 36.8465754 ] } },
{ "type": "Feature", "properties": { "osm_id": "6050_end" }, "geometry": { "type": "Point", "coordinates": [ 118.0411571, 36.8464226 ] } },
{ "type": "Feature", "properties": { "osm_id": "6051_start" }, "geometry": { "type": "Point", "coordinates": [ 118.0401018, 36.8467114 ] } },
{ "type": "Feature", "properties": { "osm_id": "6051_end" }, "geometry": { "type": "Point", "coordinates": [ 118.033666, 36.846917 ] } },
{ "type": "Feature", "properties": { "osm_id": "6052_start" }, "geometry": { "type": "Point", "coordinates": [ 118.052317, 36.8464271 ] } },
{ "type": "Feature", "properties": { "osm_id": "6052_end" }, "geometry": { "type": "Point", "coordinates": [ 118.0456361, 36.8465447 ] } },
{ "type": "Feature", "properties": { "osm_id": "6053_start" }, "geometry": { "type": "Point", "coordinates": [ 118.0449593, 36.8463251 ] } },
{ "type": "Feature", "properties": { "osm_id": "6053_end" }, "geometry": { "type": "Point", "coordinates": [ 118.0519648, 36.846091 ] } },
{ "type": "Feature", "properties": { "osm_id": "6056_start" }, "geometry": { "type": "Point", "coordinates": [ 118.0561839, 36.8459892 ] } },
{ "type": "Feature", "properties": { "osm_id": "6056_end" }, "geometry": { "type": "Point", "coordinates": [ 118.0595956, 36.845758 ] } },
{ "type": "Feature", "properties": { "osm_id": "6057_start" }, "geometry": { "type": "Point", "coordinates": [ 118.059632, 36.8459658 ] } },
{ "type": "Feature", "properties": { "osm_id": "6057_end" }, "geometry": { "type": "Point", "coordinates": [ 118.0565958, 36.8462901 ] } },
{ "type": "Feature", "properties": { "osm_id": "6058_start" }, "geometry": { "type": "Point", "coordinates": [ 117.9922767, 36.848821 ] } },
{ "type": "Feature", "properties": { "osm_id": "6058_end" }, "geometry": { "type": "Point", "coordinates": [ 117.9970126, 36.8485015 ] } },
{ "type": "Feature", "properties": { "osm_id": "6059_start" }, "geometry": { "type": "Point", "coordinates": [ 118.0066301, 36.8481791 ] } },
{ "type": "Feature", "properties": { "osm_id": "6080_start" }, "geometry": { "type": "Point", "coordinates": [ 118.0421993, 36.7826733 ] } },
{ "type": "Feature", "properties": { "osm_id": "6080_end" }, "geometry": { "type": "Point", "coordinates": [ 118.0407935, 36.7828209 ] } },
{ "type": "Feature", "properties": { "osm_id": "6081_start" }, "geometry": { "type": "Point", "coordinates": [ 118.0408197, 36.7826475 ] } },
{ "type": "Feature", "properties": { "osm_id": "6081_end" }, "geometry": { "type": "Point", "coordinates": [ 118.0422003, 36.7824986 ] } },
{ "type": "Feature", "properties": { "osm_id": "6083_start" }, "geometry": { "type": "Point", "coordinates": [ 118.0426558, 36.7826248 ] } },
{ "type": "Feature", "properties": { "osm_id": "6090_start" }, "geometry": { "type": "Point", "coordinates": [ 118.0375817, 36.7830858 ] } },
{ "type": "Feature", "properties": { "osm_id": "6090_end" }, "geometry": { "type": "Point", "coordinates": [ 118.0357479, 36.7832745 ] } },
{ "type": "Feature", "properties": { "osm_id": "6091_start" }, "geometry": { "type": "Point", "coordinates": [ 118.0357339, 36.7832221 ] } },
{ "type": "Feature", "properties": { "osm_id": "6091_end" }, "geometry": { "type": "Point", "coordinates": [ 118.0375691, 36.7830333 ] } },
{ "type": "Feature", "properties": { "osm_id": "6098_start" }, "geometry": { "type": "Point", "coordinates": [ 118.0404036, 36.7826894 ] } },
{ "type": "Feature", "properties": { "osm_id": "6099_start" }, "geometry": { "type": "Point", "coordinates": [ 118.0551972, 36.7889094 ] } },
{ "type": "Feature", "properties": { "osm_id": "6099_end" }, "geometry": { "type": "Point", "coordinates": [ 118.0743349, 36.7852363 ] } },
{ "type": "Feature", "properties": { "osm_id": "6100_start" }, "geometry": { "type": "Point", "coordinates": [ 118.051939, 36.7894325 ] } },
{ "type": "Feature", "properties": { "osm_id": "6101_end" }, "geometry": { "type": "Point", "coordinates": [ 118.0519132, 36.7895652 ] } },
{ "type": "Feature", "properties": { "osm_id": "6105_start" }, "geometry": { "type": "Point", "coordinates": [ 117.9158745, 36.6857406 ] } },
{ "type": "Feature", "properties": { "osm_id": "6105_end" }, "geometry": { "type": "Point", "coordinates": [ 117.9262662, 36.6815972 ] } },
{ "type": "Feature", "properties": { "osm_id": "6106_start" }, "geometry": { "type": "Point", "coordinates": [ 118.0879549, 36.8141375 ] } },
{ "type": "Feature", "properties": { "osm_id": "6106_end" }, "geometry": { "type": "Point", "coordinates": [ 118.0892096, 36.8133156 ] } },
{ "type": "Feature", "properties": { "osm_id": "6113_start" }, "geometry": { "type": "Point", "coordinates": [ 117.9581077, 36.7984889 ] } },
{ "type": "Feature", "properties": { "osm_id": "6113_end" }, "geometry": { "type": "Point", "coordinates": [ 117.9573754, 36.7985019 ] } },
{ "type": "Feature", "properties": { "osm_id": "6114_start" }, "geometry": { "type": "Point", "coordinates": [ 117.9579209, 36.7984922 ] } },
{ "type": "Feature", "properties": { "osm_id": "6114_end" }, "geometry": { "type": "Point", "coordinates": [ 117.9578475, 36.7972691 ] } },
{ "type": "Feature", "properties": { "osm_id": "6115_end" }, "geometry": { "type": "Point", "coordinates": [ 117.9657447, 36.7850728 ] } },
{ "type": "Feature", "properties": { "osm_id": "6116_start" }, "geometry": { "type": "Point", "coordinates": [ 117.9664679, 36.785363 ] } },
{ "type": "Feature", "properties": { "osm_id": "6116_end" }, "geometry": { "type": "Point", "coordinates": [ 117.9658792, 36.7794018 ] } },
{ "type": "Feature", "properties": { "osm_id": "6117_start" }, "geometry": { "type": "Point", "coordinates": [ 118.07649, 36.775989 ] } },
{ "type": "Feature", "properties": { "osm_id": "6117_end" }, "geometry": { "type": "Point", "coordinates": [ 118.0817494, 36.7712157 ] } },
{ "type": "Feature", "properties": { "osm_id": "6118_start" }, "geometry": { "type": "Point", "coordinates": [ 118.0941286, 36.7849251 ] } },
{ "type": "Feature", "properties": { "osm_id": "6119_start" }, "geometry": { "type": "Point", "coordinates": [ 118.0920657, 36.7833226 ] } },
{ "type": "Feature", "properties": { "osm_id": "6119_end" }, "geometry": { "type": "Point", "coordinates": [ 118.0920392, 36.7830476 ] } },
{ "type": "Feature", "properties": { "osm_id": "6123_start" }, "geometry": { "type": "Point", "coordinates": [ 118.1153387, 36.8293842 ] } },
{ "type": "Feature", "properties": { "osm_id": "6123_end" }, "geometry": { "type": "Point", "coordinates": [ 118.1173956, 36.8302135 ] } },
{ "type": "Feature", "properties": { "osm_id": "6124_start" }, "geometry": { "type": "Point", "coordinates": [ 118.1136387, 36.8310433 ] } },
{ "type": "Feature", "properties": { "osm_id": "6124_end" }, "geometry": { "type": "Point", "coordinates": [ 118.1135004, 36.8323221 ] } },
{ "type": "Feature", "properties": { "osm_id": "6125_start" }, "geometry": { "type": "Point", "coordinates": [ 118.1176141, 36.8319628 ] } },
{ "type": "Feature", "properties": { "osm_id": "6125_end" }, "geometry": { "type": "Point", "coordinates": [ 118.114502, 36.8290162 ] } },
{ "type": "Feature", "properties": { "osm_id": "6126_start" }, "geometry": { "type": "Point", "coordinates": [ 118.1187776, 36.8448891 ] } },
{ "type": "Feature", "properties": { "osm_id": "6127_start" }, "geometry": { "type": "Point", "coordinates": [ 118.1188737, 36.8448555 ] } },
{ "type": "Feature", "properties": { "osm_id": "6127_end" }, "geometry": { "type": "Point", "coordinates": [ 118.1188149, 36.8416931 ] } },
{ "type": "Feature", "properties": { "osm_id": "6128_start" }, "geometry": { "type": "Point", "coordinates": [ 118.1188693, 36.844619 ] } },
{ "type": "Feature", "properties": { "osm_id": "6128_end" }, "geometry": { "type": "Point", "coordinates": [ 118.1167928, 36.8446624 ] } },
{ "type": "Feature", "properties": { "osm_id": "6129_start" }, "geometry": { "type": "Point", "coordinates": [ 118.1173945, 36.8446556 ] } },
{ "type": "Feature", "properties": { "osm_id": "6129_end" }, "geometry": { "type": "Point", "coordinates": [ 118.117324, 36.8422331 ] } },
{ "type": "Feature", "properties": { "osm_id": "6130_start" }, "geometry": { "type": "Point", "coordinates": [ 118.1174748, 36.8442482 ] } },
{ "type": "Feature", "properties": { "osm_id": "6130_end" }, "geometry": { "type": "Point", "coordinates": [ 118.1187125, 36.8442424 ] } },
{ "type": "Feature", "properties": { "osm_id": "6131_start" }, "geometry": { "type": "Point", "coordinates": [ 118.1174591, 36.8440389 ] } },
{ "type": "Feature", "properties": { "osm_id": "6131_end" }, "geometry": { "type": "Point", "coordinates": [ 118.1188583, 36.8440291 ] } },
{ "type": "Feature", "properties": { "osm_id": "6132_start" }, "geometry": { "type": "Point", "coordinates": [ 118.1184872, 36.8440317 ] } },
{ "type": "Feature", "properties": { "osm_id": "6132_end" }, "geometry": { "type": "Point", "coordinates": [ 118.1174499, 36.8439156 ] } },
{ "type": "Feature", "properties": { "osm_id": "6133_start" }, "geometry": { "type": "Point", "coordinates": [ 118.116253, 36.8435739 ] } },
{ "type": "Feature", "properties": { "osm_id": "6133_end" }, "geometry": { "type": "Point", "coordinates": [ 118.117419, 36.8435031 ] } },
{ "type": "Feature", "properties": { "osm_id": "6134_start" }, "geometry": { "type": "Point", "coordinates": [ 118.1174311, 36.8436647 ] } },
{ "type": "Feature", "properties": { "osm_id": "6134_end" }, "geometry": { "type": "Point", "coordinates": [ 118.1173979, 36.8432201 ] } },
{ "type": "Feature", "properties": { "osm_id": "6135_start" }, "geometry": { "type": "Point", "coordinates": [ 118.1174172, 36.8434789 ] } },
{ "type": "Feature", "properties": { "osm_id": "6135_end" }, "geometry": { "type": "Point", "coordinates": [ 118.1181114, 36.8434762 ] } },
{ "type": "Feature", "properties": { "osm_id": "6136_start" }, "geometry": { "type": "Point", "coordinates": [ 118.117385, 36.8430484 ] } },
{ "type": "Feature", "properties": { "osm_id": "6136_end" }, "geometry": { "type": "Point", "coordinates": [ 118.1167681, 36.8430787 ] } },
{ "type": "Feature", "properties": { "osm_id": "6137_start" }, "geometry": { "type": "Point", "coordinates": [ 118.1173527, 36.8426162 ] } },
{ "type": "Feature", "properties": { "osm_id": "6137_end" }, "geometry": { "type": "Point", "coordinates": [ 118.1167287, 36.8426737 ] } },
{ "type": "Feature", "properties": { "osm_id": "6138_start" }, "geometry": { "type": "Point", "coordinates": [ 118.1173707, 36.8428568 ] } },
{ "type": "Feature", "properties": { "osm_id": "6138_end" }, "geometry": { "type": "Point", "coordinates": [ 118.1167502, 36.8428841 ] } },
{ "type": "Feature", "properties": { "osm_id": "6139_start" }, "geometry": { "type": "Point", "coordinates": [ 118.1174668, 36.8441412 ] } },
{ "type": "Feature", "properties": { "osm_id": "6139_end" }, "geometry": { "type": "Point", "coordinates": [ 118.1168476, 36.8441614 ] } },
{ "type": "Feature", "properties": { "osm_id": "6140_start" }, "geometry": { "type": "Point", "coordinates": [ 118.1174388, 36.8437667 ] } },
{ "type": "Feature", "properties": { "osm_id": "6140_end" }, "geometry": { "type": "Point", "coordinates": [ 118.1168346, 36.8437995 ] } },
{ "type": "Feature", "properties": { "osm_id": "6141_start" }, "geometry": { "type": "Point", "coordinates": [ 118.116657, 36.8422974 ] } },
{ "type": "Feature", "properties": { "osm_id": "6141_end" }, "geometry": { "type": "Point", "coordinates": [ 118.1179708, 36.8421704 ] } },
{ "type": "Feature", "properties": { "osm_id": "6143_start" }, "geometry": { "type": "Point", "coordinates": [ 118.1181398, 36.8428464 ] } },
{ "type": "Feature", "properties": { "osm_id": "6143_end" }, "geometry": { "type": "Point", "coordinates": [ 118.1188361, 36.842835 ] } },
{ "type": "Feature", "properties": { "osm_id": "6144_start" }, "geometry": { "type": "Point", "coordinates": [ 118.1173907, 36.843125 ] } },
{ "type": "Feature", "properties": { "osm_id": "6144_end" }, "geometry": { "type": "Point", "coordinates": [ 118.1187004, 36.8430601 ] } },
{ "type": "Feature", "properties": { "osm_id": "6145_start" }, "geometry": { "type": "Point", "coordinates": [ 118.1174509, 36.8447482 ] } },
{ "type": "Feature", "properties": { "osm_id": "6145_end" }, "geometry": { "type": "Point", "coordinates": [ 118.1186669, 36.8448823 ] } },
{ "type": "Feature", "properties": { "osm_id": "6146_start" }, "geometry": { "type": "Point", "coordinates": [ 118.1174001, 36.8449616 ] } },
{ "type": "Feature", "properties": { "osm_id": "6146_end" }, "geometry": { "type": "Point", "coordinates": [ 118.1167182, 36.8447603 ] } },
{ "type": "Feature", "properties": { "osm_id": "6147_start" }, "geometry": { "type": "Point", "coordinates": [ 118.1170429, 36.8449844 ] } },
{ "type": "Feature", "properties": { "osm_id": "6147_end" }, "geometry": { "type": "Point", "coordinates": [ 118.1168345, 36.8464161 ] } },
{ "type": "Feature", "properties": { "osm_id": "6148_start" }, "geometry": { "type": "Point", "coordinates": [ 118.1167415, 36.8450038 ] } },
{ "type": "Feature", "properties": { "osm_id": "6148_end" }, "geometry": { "type": "Point", "coordinates": [ 118.1167777, 36.8454954 ] } },
{ "type": "Feature", "properties": { "osm_id": "6149_start" }, "geometry": { "type": "Point", "coordinates": [ 118.1164275, 36.84551 ] } },
{ "type": "Feature", "properties": { "osm_id": "6149_end" }, "geometry": { "type": "Point", "coordinates": [ 118.117709, 36.845485 ] } },
{ "type": "Feature", "properties": { "osm_id": "6150_start" }, "geometry": { "type": "Point", "coordinates": [ 118.1165116, 36.8464434 ] } },
{ "type": "Feature", "properties": { "osm_id": "6150_end" }, "geometry": { "type": "Point", "coordinates": [ 118.1177877, 36.8463364 ] } },
{ "type": "Feature", "properties": { "osm_id": "6151_start" }, "geometry": { "type": "Point", "coordinates": [ 118.1177985, 36.8461891 ] } },
{ "type": "Feature", "properties": { "osm_id": "6151_end" }, "geometry": { "type": "Point", "coordinates": [ 118.1177922, 36.8460947 ] } },
{ "type": "Feature", "properties": { "osm_id": "6152_start" }, "geometry": { "type": "Point", "coordinates": [ 118.1179576, 36.8461819 ] } },
{ "type": "Feature", "properties": { "osm_id": "6152_end" }, "geometry": { "type": "Point", "coordinates": [ 118.1179754, 36.8461246 ] } },
{ "type": "Feature", "properties": { "osm_id": "6153_start" }, "geometry": { "type": "Point", "coordinates": [ 118.1181167, 36.8462706 ] } },
{ "type": "Feature", "properties": { "osm_id": "6153_end" }, "geometry": { "type": "Point", "coordinates": [ 118.118249, 36.8462663 ] } },
{ "type": "Feature", "properties": { "osm_id": "6154_start" }, "geometry": { "type": "Point", "coordinates": [ 118.1172215, 36.8463838 ] } },
{ "type": "Feature", "properties": { "osm_id": "6154_end" }, "geometry": { "type": "Point", "coordinates": [ 118.1184606, 36.8462597 ] } },
{ "type": "Feature", "properties": { "osm_id": "6155_start" }, "geometry": { "type": "Point", "coordinates": [ 118.1170616, 36.8452399 ] } },
{ "type": "Feature", "properties": { "osm_id": "6156_start" }, "geometry": { "type": "Point", "coordinates": [ 118.1180621, 36.8449201 ] } },
{ "type": "Feature", "properties": { "osm_id": "6156_end" }, "geometry": { "type": "Point", "coordinates": [ 118.1183671, 36.844901 ] } },
{ "type": "Feature", "properties": { "osm_id": "6157_start" }, "geometry": { "type": "Point", "coordinates": [ 118.1172855, 36.8463784 ] } },
{ "type": "Feature", "properties": { "osm_id": "6157_end" }, "geometry": { "type": "Point", "coordinates": [ 118.1176946, 36.8459521 ] } },
{ "type": "Feature", "properties": { "osm_id": "6158_start" }, "geometry": { "type": "Point", "coordinates": [ 118.1164866, 36.8461655 ] } },
{ "type": "Feature", "properties": { "osm_id": "6158_end" }, "geometry": { "type": "Point", "coordinates": [ 118.1171216, 36.8461208 ] } },
{ "type": "Feature", "properties": { "osm_id": "6159_end" }, "geometry": { "type": "Point", "coordinates": [ 118.116801, 36.8458433 ] } },
{ "type": "Feature", "properties": { "osm_id": "6160_start" }, "geometry": { "type": "Point", "coordinates": [ 118.1169471, 36.8456992 ] } },
{ "type": "Feature", "properties": { "osm_id": "6160_end" }, "geometry": { "type": "Point", "coordinates": [ 118.1167918, 36.8457061 ] } },
{ "type": "Feature", "properties": { "osm_id": "6161_end" }, "geometry": { "type": "Point", "coordinates": [ 118.0889519, 36.788231 ] } },
{ "type": "Feature", "properties": { "osm_id": "6162_start" }, "geometry": { "type": "Point", "coordinates": [ 118.0880872, 36.7886599 ] } },
{ "type": "Feature", "properties": { "osm_id": "6163_end" }, "geometry": { "type": "Point", "coordinates": [ 118.0888823, 36.7927723 ] } },
{ "type": "Feature", "properties": { "osm_id": "6164_end" }, "geometry": { "type": "Point", "coordinates": [ 118.0985777, 36.7870111 ] } },
{ "type": "Feature", "properties": { "osm_id": "6165_start" }, "geometry": { "type": "Point", "coordinates": [ 118.0990239, 36.7890243 ] } },
{ "type": "Feature", "properties": { "osm_id": "6165_end" }, "geometry": { "type": "Point", "coordinates": [ 118.0879637, 36.7853713 ] } },
{ "type": "Feature", "properties": { "osm_id": "6166_start" }, "geometry": { "type": "Point", "coordinates": [ 118.0839658, 36.7870943 ] } },
{ "type": "Feature", "properties": { "osm_id": "6166_end" }, "geometry": { "type": "Point", "coordinates": [ 118.0839612, 36.7874041 ] } },
{ "type": "Feature", "properties": { "osm_id": "6167_start" }, "geometry": { "type": "Point", "coordinates": [ 118.0839691, 36.7869156 ] } },
{ "type": "Feature", "properties": { "osm_id": "6168_start" }, "geometry": { "type": "Point", "coordinates": [ 118.0877073, 36.7853333 ] } },
{ "type": "Feature", "properties": { "osm_id": "6170_start" }, "geometry": { "type": "Point", "coordinates": [ 118.0893947, 36.7835598 ] } },
{ "type": "Feature", "properties": { "osm_id": "6170_end" }, "geometry": { "type": "Point", "coordinates": [ 118.0889385, 36.7919202 ] } },
{ "type": "Feature", "properties": { "osm_id": "6171_start" }, "geometry": { "type": "Point", "coordinates": [ 118.0885856, 36.7917604 ] } },
{ "type": "Feature", "properties": { "osm_id": "6171_end" }, "geometry": { "type": "Point", "coordinates": [ 118.0883919, 36.7836661 ] } },
{ "type": "Feature", "properties": { "osm_id": "6172_end" }, "geometry": { "type": "Point", "coordinates": [ 118.088438, 36.783473 ] } },
{ "type": "Feature", "properties": { "osm_id": "6173_end" }, "geometry": { "type": "Point", "coordinates": [ 118.0894733, 36.783384 ] } },
{ "type": "Feature", "properties": { "osm_id": "6175_end" }, "geometry": { "type": "Point", "coordinates": [ 118.0888838, 36.7963053 ] } },
{ "type": "Feature", "properties": { "osm_id": "6176_end" }, "geometry": { "type": "Point", "coordinates": [ 118.0885483, 36.7977541 ] } },
{ "type": "Feature", "properties": { "osm_id": "6184_start" }, "geometry": { "type": "Point", "coordinates": [ 118.0909198, 36.8171967 ] } },
{ "type": "Feature", "properties": { "osm_id": "6184_end" }, "geometry": { "type": "Point", "coordinates": [ 118.0876668, 36.81892 ] } },
{ "type": "Feature", "properties": { "osm_id": "6185_start" }, "geometry": { "type": "Point", "coordinates": [ 118.0907393, 36.817223 ] } },
{ "type": "Feature", "properties": { "osm_id": "6185_end" }, "geometry": { "type": "Point", "coordinates": [ 118.0908302, 36.8161466 ] } },
{ "type": "Feature", "properties": { "osm_id": "6186_start" }, "geometry": { "type": "Point", "coordinates": [ 118.0920494, 36.8242826 ] } },
{ "type": "Feature", "properties": { "osm_id": "6186_end" }, "geometry": { "type": "Point", "coordinates": [ 118.0929835, 36.8291737 ] } },
{ "type": "Feature", "properties": { "osm_id": "6187_start" }, "geometry": { "type": "Point", "coordinates": [ 118.0924095, 36.8279237 ] } },
{ "type": "Feature", "properties": { "osm_id": "6187_end" }, "geometry": { "type": "Point", "coordinates": [ 118.0918309, 36.824312 ] } },
{ "type": "Feature", "properties": { "osm_id": "6192_start" }, "geometry": { "type": "Point", "coordinates": [ 118.082217, 36.8511285 ] } },
{ "type": "Feature", "properties": { "osm_id": "6196_start" }, "geometry": { "type": "Point", "coordinates": [ 118.0933959, 36.8326271 ] } },
{ "type": "Feature", "properties": { "osm_id": "6196_end" }, "geometry": { "type": "Point", "coordinates": [ 118.0936787, 36.8354283 ] } },
{ "type": "Feature", "properties": { "osm_id": "6197_start" }, "geometry": { "type": "Point", "coordinates": [ 118.0933608, 36.8353804 ] } },
{ "type": "Feature", "properties": { "osm_id": "6197_end" }, "geometry": { "type": "Point", "coordinates": [ 118.0929823, 36.8326007 ] } },
{ "type": "Feature", "properties": { "osm_id": "6198_start" }, "geometry": { "type": "Point", "coordinates": [ 118.0871682, 36.8054958 ] } },
{ "type": "Feature", "properties": { "osm_id": "6198_end" }, "geometry": { "type": "Point", "coordinates": [ 118.087743, 36.8021881 ] } },
{ "type": "Feature", "properties": { "osm_id": "6199_start" }, "geometry": { "type": "Point", "coordinates": [ 118.0879827, 36.802183 ] } },
{ "type": "Feature", "properties": { "osm_id": "6199_end" }, "geometry": { "type": "Point", "coordinates": [ 118.0875521, 36.8056554 ] } },
{ "type": "Feature", "properties": { "osm_id": "6200_start" }, "geometry": { "type": "Point", "coordinates": [ 118.0881457, 36.7883315 ] } },
{ "type": "Feature", "properties": { "osm_id": "6200_end" }, "geometry": { "type": "Point", "coordinates": [ 118.088027, 36.7885818 ] } },
{ "type": "Feature", "properties": { "osm_id": "6206_end" }, "geometry": { "type": "Point", "coordinates": [ 118.0865578, 36.7708022 ] } },
{ "type": "Feature", "properties": { "osm_id": "6210_end" }, "geometry": { "type": "Point", "coordinates": [ 118.1092914, 36.7545075 ] } },
{ "type": "Feature", "properties": { "osm_id": "6211_start" }, "geometry": { "type": "Point", "coordinates": [ 118.1113984, 36.7543052 ] } },
{ "type": "Feature", "properties": { "osm_id": "6211_end" }, "geometry": { "type": "Point", "coordinates": [ 118.1088258, 36.7487099 ] } },
{ "type": "Feature", "properties": { "osm_id": "6212_end" }, "geometry": { "type": "Point", "coordinates": [ 118.1116039, 36.7544096 ] } },
{ "type": "Feature", "properties": { "osm_id": "6214_start" }, "geometry": { "type": "Point", "coordinates": [ 118.1036103, 36.7491881 ] } },
{ "type": "Feature", "properties": { "osm_id": "6215_start" }, "geometry": { "type": "Point", "coordinates": [ 118.1036725, 36.7491823 ] } },
{ "type": "Feature", "properties": { "osm_id": "6220_start" }, "geometry": { "type": "Point", "coordinates": [ 118.1202021, 36.7427037 ] } },
{ "type": "Feature", "properties": { "osm_id": "6220_end" }, "geometry": { "type": "Point", "coordinates": [ 118.1202121, 36.742756 ] } },
{ "type": "Feature", "properties": { "osm_id": "6222_start" }, "geometry": { "type": "Point", "coordinates": [ 118.1200911, 36.7428544 ] } },
{ "type": "Feature", "properties": { "osm_id": "6222_end" }, "geometry": { "type": "Point", "coordinates": [ 118.120081, 36.7428022 ] } },
{ "type": "Feature", "properties": { "osm_id": "6224_start" }, "geometry": { "type": "Point", "coordinates": [ 118.0873234, 36.7703765 ] } },
{ "type": "Feature", "properties": { "osm_id": "6224_end" }, "geometry": { "type": "Point", "coordinates": [ 118.0926567, 36.7702952 ] } },
{ "type": "Feature", "properties": { "osm_id": "6225_start" }, "geometry": { "type": "Point", "coordinates": [ 118.0935488, 36.7705725 ] } },
{ "type": "Feature", "properties": { "osm_id": "6225_end" }, "geometry": { "type": "Point", "coordinates": [ 118.0874248, 36.7714673 ] } },
{ "type": "Feature", "properties": { "osm_id": "6226_start" }, "geometry": { "type": "Point", "coordinates": [ 118.0888751, 36.7935236 ] } },
{ "type": "Feature", "properties": { "osm_id": "6226_end" }, "geometry": { "type": "Point", "coordinates": [ 118.0890415, 36.7963088 ] } },
{ "type": "Feature", "properties": { "osm_id": "6227_start" }, "geometry": { "type": "Point", "coordinates": [ 118.0884593, 36.7962864 ] } },
{ "type": "Feature", "properties": { "osm_id": "6227_end" }, "geometry": { "type": "Point", "coordinates": [ 118.0885195, 36.7935525 ] } },
{ "type": "Feature", "properties": { "osm_id": "6231_end" }, "geometry": { "type": "Point", "coordinates": [ 117.9683158, 36.7857798 ] } },
{ "type": "Feature", "properties": { "osm_id": "6233_end" }, "geometry": { "type": "Point", "coordinates": [ 117.9694941, 36.789744 ] } },
{ "type": "Feature", "properties": { "osm_id": "6234_start" }, "geometry": { "type": "Point", "coordinates": [ 117.9695375, 36.7883158 ] } },
{ "type": "Feature", "properties": { "osm_id": "6234_end" }, "geometry": { "type": "Point", "coordinates": [ 117.9695109, 36.789425 ] } },
{ "type": "Feature", "properties": { "osm_id": "6235_start" }, "geometry": { "type": "Point", "coordinates": [ 117.971035, 36.7884699 ] } },
{ "type": "Feature", "properties": { "osm_id": "6235_end" }, "geometry": { "type": "Point", "coordinates": [ 117.9711461, 36.7885599 ] } },
{ "type": "Feature", "properties": { "osm_id": "6236_start" }, "geometry": { "type": "Point", "coordinates": [ 117.9711908, 36.7884123 ] } },
{ "type": "Feature", "properties": { "osm_id": "6236_end" }, "geometry": { "type": "Point", "coordinates": [ 117.9697164, 36.7873976 ] } },
{ "type": "Feature", "properties": { "osm_id": "6237_end" }, "geometry": { "type": "Point", "coordinates": [ 117.9680447, 36.7843829 ] } },
{ "type": "Feature", "properties": { "osm_id": "6238_start" }, "geometry": { "type": "Point", "coordinates": [ 117.9702846, 36.8224863 ] } },
{ "type": "Feature", "properties": { "osm_id": "6238_end" }, "geometry": { "type": "Point", "coordinates": [ 117.9738479, 36.8223432 ] } },
{ "type": "Feature", "properties": { "osm_id": "6243_start" }, "geometry": { "type": "Point", "coordinates": [ 117.9340757, 36.8257165 ] } },
{ "type": "Feature", "properties": { "osm_id": "6243_end" }, "geometry": { "type": "Point", "coordinates": [ 117.9342039, 36.8257243 ] } },
{ "type": "Feature", "properties": { "osm_id": "6246_start" }, "geometry": { "type": "Point", "coordinates": [ 117.9341463, 36.8239775 ] } },
{ "type": "Feature", "properties": { "osm_id": "6246_end" }, "geometry": { "type": "Point", "coordinates": [ 117.9341349, 36.820484 ] } },
{ "type": "Feature", "properties": { "osm_id": "6248_start" }, "geometry": { "type": "Point", "coordinates": [ 117.9340477, 36.8102608 ] } },
{ "type": "Feature", "properties": { "osm_id": "6248_end" }, "geometry": { "type": "Point", "coordinates": [ 117.9382505, 36.8099314 ] } },
{ "type": "Feature", "properties": { "osm_id": "6249_start" }, "geometry": { "type": "Point", "coordinates": [ 117.9315235, 36.8279939 ] } },
{ "type": "Feature", "properties": { "osm_id": "6249_end" }, "geometry": { "type": "Point", "coordinates": [ 117.926216, 36.8281829 ] } },
{ "type": "Feature", "properties": { "osm_id": "6250_end" }, "geometry": { "type": "Point", "coordinates": [ 117.9249088, 36.832912 ] } },
{ "type": "Feature", "properties": { "osm_id": "6251_start" }, "geometry": { "type": "Point", "coordinates": [ 117.9219901, 36.8326781 ] } },
{ "type": "Feature", "properties": { "osm_id": "6251_end" }, "geometry": { "type": "Point", "coordinates": [ 117.9232801, 36.832691 ] } },
{ "type": "Feature", "properties": { "osm_id": "6252_start" }, "geometry": { "type": "Point", "coordinates": [ 117.9259341, 36.83342 ] } },
{ "type": "Feature", "properties": { "osm_id": "6252_end" }, "geometry": { "type": "Point", "coordinates": [ 117.9255747, 36.8334131 ] } },
{ "type": "Feature", "properties": { "osm_id": "6253_start" }, "geometry": { "type": "Point", "coordinates": [ 117.9255271, 36.8355861 ] } },
{ "type": "Feature", "properties": { "osm_id": "6253_end" }, "geometry": { "type": "Point", "coordinates": [ 117.9255553, 36.8339107 ] } },
{ "type": "Feature", "properties": { "osm_id": "6254_start" }, "geometry": { "type": "Point", "coordinates": [ 117.925964, 36.833914 ] } },
{ "type": "Feature", "properties": { "osm_id": "6254_end" }, "geometry": { "type": "Point", "coordinates": [ 117.929705, 36.8361105 ] } },
{ "type": "Feature", "properties": { "osm_id": "6255_start" }, "geometry": { "type": "Point", "coordinates": [ 117.9260221, 36.8355877 ] } },
{ "type": "Feature", "properties": { "osm_id": "6255_end" }, "geometry": { "type": "Point", "coordinates": [ 117.9293333, 36.8338862 ] } },
{ "type": "Feature", "properties": { "osm_id": "6256_start" }, "geometry": { "type": "Point", "coordinates": [ 117.9295017, 36.8376427 ] } },
{ "type": "Feature", "properties": { "osm_id": "6256_end" }, "geometry": { "type": "Point", "coordinates": [ 117.9276732, 36.8376684 ] } },
{ "type": "Feature", "properties": { "osm_id": "6257_start" }, "geometry": { "type": "Point", "coordinates": [ 117.9278264, 36.8361055 ] } },
{ "type": "Feature", "properties": { "osm_id": "6257_end" }, "geometry": { "type": "Point", "coordinates": [ 117.9237303, 36.8361396 ] } },
{ "type": "Feature", "properties": { "osm_id": "6259_end" }, "geometry": { "type": "Point", "coordinates": [ 117.9067462, 36.8398274 ] } },
{ "type": "Feature", "properties": { "osm_id": "6261_start" }, "geometry": { "type": "Point", "coordinates": [ 118.0961222, 36.7887443 ] } },
{ "type": "Feature", "properties": { "osm_id": "6261_end" }, "geometry": { "type": "Point", "coordinates": [ 118.0952522, 36.7848125 ] } },
{ "type": "Feature", "properties": { "osm_id": "6262_start" }, "geometry": { "type": "Point", "coordinates": [ 118.0970091, 36.7888033 ] } },
{ "type": "Feature", "properties": { "osm_id": "6262_end" }, "geometry": { "type": "Point", "coordinates": [ 118.0961078, 36.7847267 ] } },
{ "type": "Feature", "properties": { "osm_id": "6263_start" }, "geometry": { "type": "Point", "coordinates": [ 118.0978217, 36.7888602 ] } },
{ "type": "Feature", "properties": { "osm_id": "6263_end" }, "geometry": { "type": "Point", "coordinates": [ 118.0969718, 36.7847269 ] } },
{ "type": "Feature", "properties": { "osm_id": "6264_start" }, "geometry": { "type": "Point", "coordinates": [ 118.0980591, 36.7846711 ] } },
{ "type": "Feature", "properties": { "osm_id": "6264_end" }, "geometry": { "type": "Point", "coordinates": [ 118.1107921, 36.7831417 ] } },
{ "type": "Feature", "properties": { "osm_id": "6265_end" }, "geometry": { "type": "Point", "coordinates": [ 118.1116553, 36.7892096 ] } },
{ "type": "Feature", "properties": { "osm_id": "6266_end" }, "geometry": { "type": "Point", "coordinates": [ 118.1117909, 36.791193 ] } },
{ "type": "Feature", "properties": { "osm_id": "6267_end" }, "geometry": { "type": "Point", "coordinates": [ 118.1140631, 36.7799217 ] } },
{ "type": "Feature", "properties": { "osm_id": "6268_end" }, "geometry": { "type": "Point", "coordinates": [ 118.1047712, 36.7837101 ] } },
{ "type": "Feature", "properties": { "osm_id": "6269_end" }, "geometry": { "type": "Point", "coordinates": [ 118.1102586, 36.7799602 ] } },
{ "type": "Feature", "properties": { "osm_id": "6270_start" }, "geometry": { "type": "Point", "coordinates": [ 118.0834912, 36.7867647 ] } },
{ "type": "Feature", "properties": { "osm_id": "6270_end" }, "geometry": { "type": "Point", "coordinates": [ 118.0840159, 36.786794 ] } },
{ "type": "Feature", "properties": { "osm_id": "6271_start" }, "geometry": { "type": "Point", "coordinates": [ 118.0897959, 36.7899807 ] } },
{ "type": "Feature", "properties": { "osm_id": "6271_end" }, "geometry": { "type": "Point", "coordinates": [ 118.0891996, 36.7882018 ] } },
{ "type": "Feature", "properties": { "osm_id": "6273_start" }, "geometry": { "type": "Point", "coordinates": [ 117.9410181, 36.7555784 ] } },
{ "type": "Feature", "properties": { "osm_id": "6273_end" }, "geometry": { "type": "Point", "coordinates": [ 117.9532121, 36.7551227 ] } },
{ "type": "Feature", "properties": { "osm_id": "6275_start" }, "geometry": { "type": "Point", "coordinates": [ 117.95466, 36.764615 ] } },
{ "type": "Feature", "properties": { "osm_id": "6275_end" }, "geometry": { "type": "Point", "coordinates": [ 117.9583368, 36.764144 ] } },
{ "type": "Feature", "properties": { "osm_id": "6276_start" }, "geometry": { "type": "Point", "coordinates": [ 117.9543734, 36.7624349 ] } },
{ "type": "Feature", "properties": { "osm_id": "6276_end" }, "geometry": { "type": "Point", "coordinates": [ 117.9575538, 36.762056 ] } },
{ "type": "Feature", "properties": { "osm_id": "6277_start" }, "geometry": { "type": "Point", "coordinates": [ 117.9536438, 36.7574608 ] } },
{ "type": "Feature", "properties": { "osm_id": "6277_end" }, "geometry": { "type": "Point", "coordinates": [ 117.9557113, 36.7571713 ] } },
{ "type": "Feature", "properties": { "osm_id": "6278_end" }, "geometry": { "type": "Point", "coordinates": [ 117.9409261, 36.7578565 ] } },
{ "type": "Feature", "properties": { "osm_id": "6279_start" }, "geometry": { "type": "Point", "coordinates": [ 117.9462295, 36.7576982 ] } },
{ "type": "Feature", "properties": { "osm_id": "6279_end" }, "geometry": { "type": "Point", "coordinates": [ 117.9462441, 36.7555164 ] } },
{ "type": "Feature", "properties": { "osm_id": "6280_end" }, "geometry": { "type": "Point", "coordinates": [ 117.9342563, 36.7530557 ] } },
{ "type": "Feature", "properties": { "osm_id": "6281_start" }, "geometry": { "type": "Point", "coordinates": [ 117.940779, 36.7614988 ] } },
{ "type": "Feature", "properties": { "osm_id": "6281_end" }, "geometry": { "type": "Point", "coordinates": [ 117.9342282, 36.7556169 ] } },
{ "type": "Feature", "properties": { "osm_id": "6282_start" }, "geometry": { "type": "Point", "coordinates": [ 117.9594938, 36.7835193 ] } },
{ "type": "Feature", "properties": { "osm_id": "6283_start" }, "geometry": { "type": "Point", "coordinates": [ 117.9589478, 36.7827828 ] } },
{ "type": "Feature", "properties": { "osm_id": "6283_end" }, "geometry": { "type": "Point", "coordinates": [ 117.9514352, 36.7817993 ] } },
{ "type": "Feature", "properties": { "osm_id": "6284_start" }, "geometry": { "type": "Point", "coordinates": [ 117.9332734, 36.7777161 ] } },
{ "type": "Feature", "properties": { "osm_id": "6284_end" }, "geometry": { "type": "Point", "coordinates": [ 117.9338199, 36.7861355 ] } },
{ "type": "Feature", "properties": { "osm_id": "6285_start" }, "geometry": { "type": "Point", "coordinates": [ 117.9335944, 36.78171 ] } },
{ "type": "Feature", "properties": { "osm_id": "6285_end" }, "geometry": { "type": "Point", "coordinates": [ 117.9414694, 36.7812738 ] } },
{ "type": "Feature", "properties": { "osm_id": "6286_start" }, "geometry": { "type": "Point", "coordinates": [ 117.9368427, 36.7814294 ] } },
{ "type": "Feature", "properties": { "osm_id": "6286_end" }, "geometry": { "type": "Point", "coordinates": [ 117.9364546, 36.7775099 ] } },
{ "type": "Feature", "properties": { "osm_id": "6287_start" }, "geometry": { "type": "Point", "coordinates": [ 117.9387646, 36.7812539 ] } },
{ "type": "Feature", "properties": { "osm_id": "6287_end" }, "geometry": { "type": "Point", "coordinates": [ 117.9380349, 36.7774075 ] } },
{ "type": "Feature", "properties": { "osm_id": "6288_start" }, "geometry": { "type": "Point", "coordinates": [ 117.9384696, 36.7785871 ] } },
{ "type": "Feature", "properties": { "osm_id": "6288_end" }, "geometry": { "type": "Point", "coordinates": [ 117.941258, 36.77837 ] } },
{ "type": "Feature", "properties": { "osm_id": "6289_start" }, "geometry": { "type": "Point", "coordinates": [ 117.9308195, 36.7612453 ] } },
{ "type": "Feature", "properties": { "osm_id": "6289_end" }, "geometry": { "type": "Point", "coordinates": [ 117.9276155, 36.770733 ] } },
{ "type": "Feature", "properties": { "osm_id": "6290_start" }, "geometry": { "type": "Point", "coordinates": [ 117.9335995, 36.761317 ] } },
{ "type": "Feature", "properties": { "osm_id": "6290_end" }, "geometry": { "type": "Point", "coordinates": [ 117.9310068, 36.7612492 ] } },
{ "type": "Feature", "properties": { "osm_id": "6292_start" }, "geometry": { "type": "Point", "coordinates": [ 117.9276538, 36.7612291 ] } },
{ "type": "Feature", "properties": { "osm_id": "6292_end" }, "geometry": { "type": "Point", "coordinates": [ 117.9248157, 36.7552801 ] } },
{ "type": "Feature", "properties": { "osm_id": "6293_start" }, "geometry": { "type": "Point", "coordinates": [ 117.9278076, 36.7576231 ] } },
{ "type": "Feature", "properties": { "osm_id": "6293_end" }, "geometry": { "type": "Point", "coordinates": [ 117.9276, 36.7549659 ] } },
{ "type": "Feature", "properties": { "osm_id": "6294_start" }, "geometry": { "type": "Point", "coordinates": [ 117.9277102, 36.7583973 ] } },
{ "type": "Feature", "properties": { "osm_id": "6294_end" }, "geometry": { "type": "Point", "coordinates": [ 117.9277066, 36.7582567 ] } },
{ "type": "Feature", "properties": { "osm_id": "6296_start" }, "geometry": { "type": "Point", "coordinates": [ 117.914013, 36.7557431 ] } },
{ "type": "Feature", "properties": { "osm_id": "6296_end" }, "geometry": { "type": "Point", "coordinates": [ 117.9138848, 36.7504692 ] } },
{ "type": "Feature", "properties": { "osm_id": "6297_start" }, "geometry": { "type": "Point", "coordinates": [ 117.8942333, 36.7536362 ] } },
{ "type": "Feature", "properties": { "osm_id": "6297_end" }, "geometry": { "type": "Point", "coordinates": [ 117.9034617, 36.7528695 ] } },
{ "type": "Feature", "properties": { "osm_id": "6298_start" }, "geometry": { "type": "Point", "coordinates": [ 117.8943752, 36.7523228 ] } },
{ "type": "Feature", "properties": { "osm_id": "6298_end" }, "geometry": { "type": "Point", "coordinates": [ 117.8724618, 36.7492545 ] } },
{ "type": "Feature", "properties": { "osm_id": "6299_start" }, "geometry": { "type": "Point", "coordinates": [ 117.8725405, 36.7490067 ] } },
{ "type": "Feature", "properties": { "osm_id": "6299_end" }, "geometry": { "type": "Point", "coordinates": [ 117.8751305, 36.7489981 ] } },
{ "type": "Feature", "properties": { "osm_id": "6301_start" }, "geometry": { "type": "Point", "coordinates": [ 117.8941254, 36.7546354 ] } },
{ "type": "Feature", "properties": { "osm_id": "6301_end" }, "geometry": { "type": "Point", "coordinates": [ 117.8548864, 36.7520143 ] } },
{ "type": "Feature", "properties": { "osm_id": "6302_start" }, "geometry": { "type": "Point", "coordinates": [ 117.8694638, 36.7447453 ] } },
{ "type": "Feature", "properties": { "osm_id": "6302_end" }, "geometry": { "type": "Point", "coordinates": [ 117.8800908, 36.7406899 ] } },
{ "type": "Feature", "properties": { "osm_id": "6303_end" }, "geometry": { "type": "Point", "coordinates": [ 117.8803463, 36.7299165 ] } },
{ "type": "Feature", "properties": { "osm_id": "6304_start" }, "geometry": { "type": "Point", "coordinates": [ 117.8804083, 36.7302937 ] } },
{ "type": "Feature", "properties": { "osm_id": "6304_end" }, "geometry": { "type": "Point", "coordinates": [ 117.882691, 36.7301158 ] } },
{ "type": "Feature", "properties": { "osm_id": "6305_start" }, "geometry": { "type": "Point", "coordinates": [ 117.8792623, 36.7332638 ] } },
{ "type": "Feature", "properties": { "osm_id": "6305_end" }, "geometry": { "type": "Point", "coordinates": [ 117.8843222, 36.7325499 ] } },
{ "type": "Feature", "properties": { "osm_id": "6306_start" }, "geometry": { "type": "Point", "coordinates": [ 117.8799885, 36.7346611 ] } },
{ "type": "Feature", "properties": { "osm_id": "6306_end" }, "geometry": { "type": "Point", "coordinates": [ 117.8869716, 36.7346247 ] } },
{ "type": "Feature", "properties": { "osm_id": "6307_end" }, "geometry": { "type": "Point", "coordinates": [ 117.8920988, 36.7379621 ] } },
{ "type": "Feature", "properties": { "osm_id": "6308_start" }, "geometry": { "type": "Point", "coordinates": [ 117.8833397, 36.7378465 ] } },
{ "type": "Feature", "properties": { "osm_id": "6308_end" }, "geometry": { "type": "Point", "coordinates": [ 117.8821436, 36.7447852 ] } },
{ "type": "Feature", "properties": { "osm_id": "6309_start" }, "geometry": { "type": "Point", "coordinates": [ 117.8830006, 36.7346949 ] } },
{ "type": "Feature", "properties": { "osm_id": "6309_end" }, "geometry": { "type": "Point", "coordinates": [ 117.8833302, 36.7377642 ] } },
{ "type": "Feature", "properties": { "osm_id": "6311_end" }, "geometry": { "type": "Point", "coordinates": [ 117.8951054, 36.7469049 ] } },
{ "type": "Feature", "properties": { "osm_id": "6312_start" }, "geometry": { "type": "Point", "coordinates": [ 117.8965247, 36.7487034 ] } },
{ "type": "Feature", "properties": { "osm_id": "6312_end" }, "geometry": { "type": "Point", "coordinates": [ 117.8915925, 36.7468625 ] } },
{ "type": "Feature", "properties": { "osm_id": "6313_end" }, "geometry": { "type": "Point", "coordinates": [ 117.8800889, 36.7406213 ] } },
{ "type": "Feature", "properties": { "osm_id": "6314_start" }, "geometry": { "type": "Point", "coordinates": [ 117.8872779, 36.7502186 ] } },
{ "type": "Feature", "properties": { "osm_id": "6314_end" }, "geometry": { "type": "Point", "coordinates": [ 117.8873495, 36.7465658 ] } },
{ "type": "Feature", "properties": { "osm_id": "6315_start" }, "geometry": { "type": "Point", "coordinates": [ 117.8744722, 36.7444546 ] } },
{ "type": "Feature", "properties": { "osm_id": "6315_end" }, "geometry": { "type": "Point", "coordinates": [ 117.8823975, 36.7453364 ] } },
{ "type": "Feature", "properties": { "osm_id": "6316_end" }, "geometry": { "type": "Point", "coordinates": [ 118.1547581, 36.7696122 ] } },
{ "type": "Feature", "properties": { "osm_id": "6318_start" }, "geometry": { "type": "Point", "coordinates": [ 118.1547469, 36.7698108 ] } },
{ "type": "Feature", "properties": { "osm_id": "6319_start" }, "geometry": { "type": "Point", "coordinates": [ 118.0729464, 36.8226658 ] } },
{ "type": "Feature", "properties": { "osm_id": "6319_end" }, "geometry": { "type": "Point", "coordinates": [ 118.066212, 36.829374 ] } },
{ "type": "Feature", "properties": { "osm_id": "6320_start" }, "geometry": { "type": "Point", "coordinates": [ 118.0659532, 36.8294133 ] } },
{ "type": "Feature", "properties": { "osm_id": "6320_end" }, "geometry": { "type": "Point", "coordinates": [ 118.0628839, 36.8300174 ] } },
{ "type": "Feature", "properties": { "osm_id": "6322_start" }, "geometry": { "type": "Point", "coordinates": [ 117.9749418, 36.8206757 ] } },
{ "type": "Feature", "properties": { "osm_id": "6322_end" }, "geometry": { "type": "Point", "coordinates": [ 117.9749402, 36.8207686 ] } },
{ "type": "Feature", "properties": { "osm_id": "6323_start" }, "geometry": { "type": "Point", "coordinates": [ 117.9743867, 36.8206264 ] } },
{ "type": "Feature", "properties": { "osm_id": "6323_end" }, "geometry": { "type": "Point", "coordinates": [ 117.9747166, 36.820693 ] } },
{ "type": "Feature", "properties": { "osm_id": "6325_start" }, "geometry": { "type": "Point", "coordinates": [ 117.9747208, 36.8207857 ] } },
{ "type": "Feature", "properties": { "osm_id": "6325_end" }, "geometry": { "type": "Point", "coordinates": [ 117.9744123, 36.8209057 ] } },
{ "type": "Feature", "properties": { "osm_id": "6329_start" }, "geometry": { "type": "Point", "coordinates": [ 118.1346807, 36.7393485 ] } },
{ "type": "Feature", "properties": { "osm_id": "6329_end" }, "geometry": { "type": "Point", "coordinates": [ 118.1346686, 36.7392451 ] } },
{ "type": "Feature", "properties": { "osm_id": "6331_start" }, "geometry": { "type": "Point", "coordinates": [ 118.1338687, 36.739328 ] } },
{ "type": "Feature", "properties": { "osm_id": "6331_end" }, "geometry": { "type": "Point", "coordinates": [ 118.1338854, 36.7392279 ] } },
{ "type": "Feature", "properties": { "osm_id": "6333_start" }, "geometry": { "type": "Point", "coordinates": [ 118.1367097, 36.7403081 ] } },
{ "type": "Feature", "properties": { "osm_id": "6335_start" }, "geometry": { "type": "Point", "coordinates": [ 118.1121843, 36.7469853 ] } },
{ "type": "Feature", "properties": { "osm_id": "6335_end" }, "geometry": { "type": "Point", "coordinates": [ 118.1117282, 36.7437045 ] } },
{ "type": "Feature", "properties": { "osm_id": "6347_end" }, "geometry": { "type": "Point", "coordinates": [ 118.0495329, 36.7858387 ] } },
{ "type": "Feature", "properties": { "osm_id": "6354_start" }, "geometry": { "type": "Point", "coordinates": [ 118.0368422, 36.7373202 ] } },
{ "type": "Feature", "properties": { "osm_id": "6356_end" }, "geometry": { "type": "Point", "coordinates": [ 118.031043, 36.7379926 ] } },
{ "type": "Feature", "properties": { "osm_id": "6363_start" }, "geometry": { "type": "Point", "coordinates": [ 118.0236358, 36.7391749 ] } },
{ "type": "Feature", "properties": { "osm_id": "6365_start" }, "geometry": { "type": "Point", "coordinates": [ 118.0163181, 36.7420417 ] } },
{ "type": "Feature", "properties": { "osm_id": "6365_end" }, "geometry": { "type": "Point", "coordinates": [ 118.0162361, 36.7419125 ] } },
{ "type": "Feature", "properties": { "osm_id": "6366_start" }, "geometry": { "type": "Point", "coordinates": [ 118.0149748, 36.7425293 ] } },
{ "type": "Feature", "properties": { "osm_id": "6367_start" }, "geometry": { "type": "Point", "coordinates": [ 118.0651722, 36.7343841 ] } },
{ "type": "Feature", "properties": { "osm_id": "6371_end" }, "geometry": { "type": "Point", "coordinates": [ 117.993911, 36.7853699 ] } },
{ "type": "Feature", "properties": { "osm_id": "6372_start" }, "geometry": { "type": "Point", "coordinates": [ 117.9941348, 36.7915502 ] } },
{ "type": "Feature", "properties": { "osm_id": "6375_start" }, "geometry": { "type": "Point", "coordinates": [ 117.987522, 36.8162193 ] } },
{ "type": "Feature", "properties": { "osm_id": "6376_start" }, "geometry": { "type": "Point", "coordinates": [ 117.9875464, 36.8163646 ] } },
{ "type": "Feature", "properties": { "osm_id": "6377_end" }, "geometry": { "type": "Point", "coordinates": [ 118.0193058, 36.8138684 ] } },
{ "type": "Feature", "properties": { "osm_id": "6381_end" }, "geometry": { "type": "Point", "coordinates": [ 118.0589938, 36.8179303 ] } },
{ "type": "Feature", "properties": { "osm_id": "6384_start" }, "geometry": { "type": "Point", "coordinates": [ 118.0545724, 36.8045055 ] } },
{ "type": "Feature", "properties": { "osm_id": "6386_start" }, "geometry": { "type": "Point", "coordinates": [ 118.0499504, 36.7896906 ] } },
{ "type": "Feature", "properties": { "osm_id": "6387_end" }, "geometry": { "type": "Point", "coordinates": [ 118.0432706, 36.7865271 ] } },
{ "type": "Feature", "properties": { "osm_id": "6389_start" }, "geometry": { "type": "Point", "coordinates": [ 118.0494772, 36.7857335 ] } },
{ "type": "Feature", "properties": { "osm_id": "6389_end" }, "geometry": { "type": "Point", "coordinates": [ 118.0494031, 36.7855935 ] } },
{ "type": "Feature", "properties": { "osm_id": "6390_start" }, "geometry": { "type": "Point", "coordinates": [ 118.0431588, 36.786611 ] } },
{ "type": "Feature", "properties": { "osm_id": "6392_start" }, "geometry": { "type": "Point", "coordinates": [ 118.0587872, 36.8178115 ] } },
{ "type": "Feature", "properties": { "osm_id": "6393_start" }, "geometry": { "type": "Point", "coordinates": [ 118.0198734, 36.8212908 ] } },
{ "type": "Feature", "properties": { "osm_id": "6395_start" }, "geometry": { "type": "Point", "coordinates": [ 118.026314, 36.8138727 ] } },
{ "type": "Feature", "properties": { "osm_id": "6396_start" }, "geometry": { "type": "Point", "coordinates": [ 118.0198526, 36.8137345 ] } },
{ "type": "Feature", "properties": { "osm_id": "6398_end" }, "geometry": { "type": "Point", "coordinates": [ 117.9877214, 36.8162039 ] } },
{ "type": "Feature", "properties": { "osm_id": "6401_end" }, "geometry": { "type": "Point", "coordinates": [ 117.9942423, 36.7915474 ] } },
{ "type": "Feature", "properties": { "osm_id": "6407_start" }, "geometry": { "type": "Point", "coordinates": [ 118.0528402, 36.7976951 ] } },
{ "type": "Feature", "properties": { "osm_id": "6413_end" }, "geometry": { "type": "Point", "coordinates": [ 118.0508208, 36.7897123 ] } },
{ "type": "Feature", "properties": { "osm_id": "6419_end" }, "geometry": { "type": "Point", "coordinates": [ 118.0491202, 36.7848389 ] } },
{ "type": "Feature", "properties": { "osm_id": "6420_start" }, "geometry": { "type": "Point", "coordinates": [ 118.049822, 36.785175 ] } },
{ "type": "Feature", "properties": { "osm_id": "6420_end" }, "geometry": { "type": "Point", "coordinates": [ 118.0499408, 36.7854059 ] } },
{ "type": "Feature", "properties": { "osm_id": "6427_start" }, "geometry": { "type": "Point", "coordinates": [ 118.0739285, 36.7728594 ] } },
{ "type": "Feature", "properties": { "osm_id": "6427_end" }, "geometry": { "type": "Point", "coordinates": [ 118.0740523, 36.7728202 ] } },
{ "type": "Feature", "properties": { "osm_id": "6428_end" }, "geometry": { "type": "Point", "coordinates": [ 118.0742325, 36.7727632 ] } },
{ "type": "Feature", "properties": { "osm_id": "6429_end" }, "geometry": { "type": "Point", "coordinates": [ 118.0744081, 36.7727077 ] } },
{ "type": "Feature", "properties": { "osm_id": "6430_end" }, "geometry": { "type": "Point", "coordinates": [ 118.0755009, 36.7723619 ] } },
{ "type": "Feature", "properties": { "osm_id": "6431_end" }, "geometry": { "type": "Point", "coordinates": [ 118.0738634, 36.7729807 ] } },
{ "type": "Feature", "properties": { "osm_id": "6434_end" }, "geometry": { "type": "Point", "coordinates": [ 118.0729231, 36.7763209 ] } },
{ "type": "Feature", "properties": { "osm_id": "6441_start" }, "geometry": { "type": "Point", "coordinates": [ 118.0377755, 36.7835091 ] } },
{ "type": "Feature", "properties": { "osm_id": "6444_start" }, "geometry": { "type": "Point", "coordinates": [ 118.0719419, 36.7726816 ] } },
{ "type": "Feature", "properties": { "osm_id": "6446_end" }, "geometry": { "type": "Point", "coordinates": [ 118.0753395, 36.7717363 ] } },
{ "type": "Feature", "properties": { "osm_id": "6453_end" }, "geometry": { "type": "Point", "coordinates": [ 118.0196388, 36.8212831 ] } },
{ "type": "Feature", "properties": { "osm_id": "6454_start" }, "geometry": { "type": "Point", "coordinates": [ 118.0161117, 36.8214388 ] } },
{ "type": "Feature", "properties": { "osm_id": "6455_end" }, "geometry": { "type": "Point", "coordinates": [ 118.0146571, 36.8218223 ] } },
{ "type": "Feature", "properties": { "osm_id": "6456_start" }, "geometry": { "type": "Point", "coordinates": [ 118.0196498, 36.8215354 ] } },
{ "type": "Feature", "properties": { "osm_id": "6458_end" }, "geometry": { "type": "Point", "coordinates": [ 118.0203073, 36.8369125 ] } },
{ "type": "Feature", "properties": { "osm_id": "6461_start" }, "geometry": { "type": "Point", "coordinates": [ 118.0309998, 36.8429894 ] } },
{ "type": "Feature", "properties": { "osm_id": "6462_end" }, "geometry": { "type": "Point", "coordinates": [ 118.0577361, 36.8040223 ] } },
{ "type": "Feature", "properties": { "osm_id": "6467_end" }, "geometry": { "type": "Point", "coordinates": [ 118.1050075, 36.8200224 ] } },
{ "type": "Feature", "properties": { "osm_id": "6470_start" }, "geometry": { "type": "Point", "coordinates": [ 118.1325969, 36.8400577 ] } },
{ "type": "Feature", "properties": { "osm_id": "6480_end" }, "geometry": { "type": "Point", "coordinates": [ 118.0621867, 36.8134201 ] } },
{ "type": "Feature", "properties": { "osm_id": "6481_end" }, "geometry": { "type": "Point", "coordinates": [ 118.0622303, 36.8032935 ] } },
{ "type": "Feature", "properties": { "osm_id": "6490_start" }, "geometry": { "type": "Point", "coordinates": [ 118.0545502, 36.8044383 ] } },
{ "type": "Feature", "properties": { "osm_id": "6493_start" }, "geometry": { "type": "Point", "coordinates": [ 118.0256504, 36.801883 ] } },
{ "type": "Feature", "properties": { "osm_id": "6494_start" }, "geometry": { "type": "Point", "coordinates": [ 118.0046551, 36.8038997 ] } },
{ "type": "Feature", "properties": { "osm_id": "6495_start" }, "geometry": { "type": "Point", "coordinates": [ 118.0051656, 36.8148317 ] } },
{ "type": "Feature", "properties": { "osm_id": "6496_start" }, "geometry": { "type": "Point", "coordinates": [ 118.0066628, 36.8362199 ] } },
{ "type": "Feature", "properties": { "osm_id": "6496_end" }, "geometry": { "type": "Point", "coordinates": [ 118.0061717, 36.8292051 ] } },
{ "type": "Feature", "properties": { "osm_id": "6499_start" }, "geometry": { "type": "Point", "coordinates": [ 117.9976732, 36.8225414 ] } },
{ "type": "Feature", "properties": { "osm_id": "6500_start" }, "geometry": { "type": "Point", "coordinates": [ 117.9887917, 36.8231512 ] } },
{ "type": "Feature", "properties": { "osm_id": "6502_start" }, "geometry": { "type": "Point", "coordinates": [ 117.9885918, 36.8231631 ] } },
{ "type": "Feature", "properties": { "osm_id": "6503_start" }, "geometry": { "type": "Point", "coordinates": [ 117.9909956, 36.8489286 ] } },
{ "type": "Feature", "properties": { "osm_id": "6505_start" }, "geometry": { "type": "Point", "coordinates": [ 117.9609845, 36.845267 ] } },
{ "type": "Feature", "properties": { "osm_id": "6508_start" }, "geometry": { "type": "Point", "coordinates": [ 117.9679009, 36.8418633 ] } },
{ "type": "Feature", "properties": { "osm_id": "6509_end" }, "geometry": { "type": "Point", "coordinates": [ 117.9719437, 36.8417348 ] } },
{ "type": "Feature", "properties": { "osm_id": "6512_end" }, "geometry": { "type": "Point", "coordinates": [ 117.9715682, 36.8388832 ] } },
{ "type": "Feature", "properties": { "osm_id": "6513_end" }, "geometry": { "type": "Point", "coordinates": [ 117.9760832, 36.8416128 ] } },
{ "type": "Feature", "properties": { "osm_id": "6516_end" }, "geometry": { "type": "Point", "coordinates": [ 117.961022, 36.8453975 ] } },
{ "type": "Feature", "properties": { "osm_id": "6517_start" }, "geometry": { "type": "Point", "coordinates": [ 117.9909413, 36.843786 ] } },
{ "type": "Feature", "properties": { "osm_id": "6518_end" }, "geometry": { "type": "Point", "coordinates": [ 117.9912, 36.8489143 ] } },
{ "type": "Feature", "properties": { "osm_id": "6520_start" }, "geometry": { "type": "Point", "coordinates": [ 117.9977067, 36.822855 ] } },
{ "type": "Feature", "properties": { "osm_id": "6520_end" }, "geometry": { "type": "Point", "coordinates": [ 117.9888397, 36.8234643 ] } },
{ "type": "Feature", "properties": { "osm_id": "6521_start" }, "geometry": { "type": "Point", "coordinates": [ 117.9886398, 36.8234762 ] } },
{ "type": "Feature", "properties": { "osm_id": "6522_end" }, "geometry": { "type": "Point", "coordinates": [ 117.9978236, 36.822531 ] } },
{ "type": "Feature", "properties": { "osm_id": "6524_start" }, "geometry": { "type": "Point", "coordinates": [ 118.0051754, 36.8149726 ] } },
{ "type": "Feature", "properties": { "osm_id": "6526_start" }, "geometry": { "type": "Point", "coordinates": [ 118.004666, 36.804057 ] } },
{ "type": "Feature", "properties": { "osm_id": "6527_start" }, "geometry": { "type": "Point", "coordinates": [ 118.0064258, 36.8291986 ] } },
{ "type": "Feature", "properties": { "osm_id": "6527_end" }, "geometry": { "type": "Point", "coordinates": [ 118.0069801, 36.837116 ] } },
{ "type": "Feature", "properties": { "osm_id": "6530_end" }, "geometry": { "type": "Point", "coordinates": [ 118.0302381, 36.7971732 ] } },
{ "type": "Feature", "properties": { "osm_id": "6531_start" }, "geometry": { "type": "Point", "coordinates": [ 118.0308165, 36.8075641 ] } },
{ "type": "Feature", "properties": { "osm_id": "6536_end" }, "geometry": { "type": "Point", "coordinates": [ 118.0529159, 36.7891595 ] } },
{ "type": "Feature", "properties": { "osm_id": "6549_end" }, "geometry": { "type": "Point", "coordinates": [ 118.05347, 36.7892962 ] } },
{ "type": "Feature", "properties": { "osm_id": "6551_end" }, "geometry": { "type": "Point", "coordinates": [ 117.9194513, 36.8494001 ] } },
{ "type": "Feature", "properties": { "osm_id": "6556_end" }, "geometry": { "type": "Point", "coordinates": [ 117.8736695, 36.69236 ] } },
{ "type": "Feature", "properties": { "osm_id": "6557_end" }, "geometry": { "type": "Point", "coordinates": [ 117.87396, 36.6922713 ] } },
{ "type": "Feature", "properties": { "osm_id": "6559_end" }, "geometry": { "type": "Point", "coordinates": [ 117.8759676, 36.6902053 ] } },
{ "type": "Feature", "properties": { "osm_id": "6571_start" }, "geometry": { "type": "Point", "coordinates": [ 117.9276714, 36.8487534 ] } },
{ "type": "Feature", "properties": { "osm_id": "6571_end" }, "geometry": { "type": "Point", "coordinates": [ 117.9279422, 36.848894 ] } },
{ "type": "Feature", "properties": { "osm_id": "6572_start" }, "geometry": { "type": "Point", "coordinates": [ 117.9273307, 36.8489239 ] } },
{ "type": "Feature", "properties": { "osm_id": "6573_end" }, "geometry": { "type": "Point", "coordinates": [ 117.9653036, 36.8113114 ] } },
{ "type": "Feature", "properties": { "osm_id": "6578_start" }, "geometry": { "type": "Point", "coordinates": [ 117.9676681, 36.8389941 ] } },
{ "type": "Feature", "properties": { "osm_id": "6579_start" }, "geometry": { "type": "Point", "coordinates": [ 117.9760614, 36.8387581 ] } },
{ "type": "Feature", "properties": { "osm_id": "6579_end" }, "geometry": { "type": "Point", "coordinates": [ 117.9678278, 36.8389895 ] } },
{ "type": "Feature", "properties": { "osm_id": "6581_end" }, "geometry": { "type": "Point", "coordinates": [ 117.9778687, 36.8500856 ] } },
{ "type": "Feature", "properties": { "osm_id": "6582_start" }, "geometry": { "type": "Point", "coordinates": [ 118.0132906, 36.8427655 ] } },
{ "type": "Feature", "properties": { "osm_id": "6584_start" }, "geometry": { "type": "Point", "coordinates": [ 118.0054286, 36.8149524 ] } },
{ "type": "Feature", "properties": { "osm_id": "6585_start" }, "geometry": { "type": "Point", "coordinates": [ 117.9981948, 36.8293796 ] } },
{ "type": "Feature", "properties": { "osm_id": "6585_end" }, "geometry": { "type": "Point", "coordinates": [ 118.0061574, 36.8290021 ] } },
{ "type": "Feature", "properties": { "osm_id": "6586_start" }, "geometry": { "type": "Point", "coordinates": [ 117.9898156, 36.8298553 ] } },
{ "type": "Feature", "properties": { "osm_id": "6586_end" }, "geometry": { "type": "Point", "coordinates": [ 117.9980459, 36.8293869 ] } },
{ "type": "Feature", "properties": { "osm_id": "6587_start" }, "geometry": { "type": "Point", "coordinates": [ 117.9978576, 36.8228446 ] } },
{ "type": "Feature", "properties": { "osm_id": "6593_start" }, "geometry": { "type": "Point", "coordinates": [ 117.9579912, 36.803069 ] } },
{ "type": "Feature", "properties": { "osm_id": "6594_start" }, "geometry": { "type": "Point", "coordinates": [ 117.9651565, 36.8113944 ] } },
{ "type": "Feature", "properties": { "osm_id": "6596_end" }, "geometry": { "type": "Point", "coordinates": [ 117.9579683, 36.8031613 ] } },
{ "type": "Feature", "properties": { "osm_id": "6597_end" }, "geometry": { "type": "Point", "coordinates": [ 117.9726247, 36.8013233 ] } },
{ "type": "Feature", "properties": { "osm_id": "6599_start" }, "geometry": { "type": "Point", "coordinates": [ 117.9731707, 36.8097469 ] } },
{ "type": "Feature", "properties": { "osm_id": "6600_end" }, "geometry": { "type": "Point", "coordinates": [ 117.9745327, 36.8244453 ] } },
{ "type": "Feature", "properties": { "osm_id": "6606_end" }, "geometry": { "type": "Point", "coordinates": [ 118.0056888, 36.8223068 ] } },
{ "type": "Feature", "properties": { "osm_id": "6607_end" }, "geometry": { "type": "Point", "coordinates": [ 118.0071209, 36.8427636 ] } },
{ "type": "Feature", "properties": { "osm_id": "6611_start" }, "geometry": { "type": "Point", "coordinates": [ 117.9677969, 36.8387305 ] } },
{ "type": "Feature", "properties": { "osm_id": "6619_end" }, "geometry": { "type": "Point", "coordinates": [ 117.9736668, 36.7184602 ] } },
{ "type": "Feature", "properties": { "osm_id": "6620_start" }, "geometry": { "type": "Point", "coordinates": [ 117.9775215, 36.7179815 ] } },
{ "type": "Feature", "properties": { "osm_id": "6620_end" }, "geometry": { "type": "Point", "coordinates": [ 117.9742624, 36.7095769 ] } },
{ "type": "Feature", "properties": { "osm_id": "6621_end" }, "geometry": { "type": "Point", "coordinates": [ 117.9776821, 36.7179612 ] } },
{ "type": "Feature", "properties": { "osm_id": "6622_start" }, "geometry": { "type": "Point", "coordinates": [ 117.9738978, 36.718379 ] } },
{ "type": "Feature", "properties": { "osm_id": "6631_start" }, "geometry": { "type": "Point", "coordinates": [ 118.0192997, 36.8137311 ] } },
{ "type": "Feature", "properties": { "osm_id": "6631_end" }, "geometry": { "type": "Point", "coordinates": [ 118.0190403, 36.8083326 ] } },
{ "type": "Feature", "properties": { "osm_id": "6636_start" }, "geometry": { "type": "Point", "coordinates": [ 118.0472502, 36.819851 ] } },
{ "type": "Feature", "properties": { "osm_id": "6638_start" }, "geometry": { "type": "Point", "coordinates": [ 118.0494981, 36.8358167 ] } },
{ "type": "Feature", "properties": { "osm_id": "6638_end" }, "geometry": { "type": "Point", "coordinates": [ 118.0512192, 36.835771 ] } },
{ "type": "Feature", "properties": { "osm_id": "6639_end" }, "geometry": { "type": "Point", "coordinates": [ 118.0512687, 36.8359603 ] } },
{ "type": "Feature", "properties": { "osm_id": "6642_start" }, "geometry": { "type": "Point", "coordinates": [ 118.0643521, 36.8355853 ] } },
{ "type": "Feature", "properties": { "osm_id": "6642_end" }, "geometry": { "type": "Point", "coordinates": [ 118.0514011, 36.835958 ] } },
{ "type": "Feature", "properties": { "osm_id": "6645_end" }, "geometry": { "type": "Point", "coordinates": [ 118.0472929, 36.8200167 ] } },
{ "type": "Feature", "properties": { "osm_id": "6648_start" }, "geometry": { "type": "Point", "coordinates": [ 118.0454762, 36.8129665 ] } },
{ "type": "Feature", "properties": { "osm_id": "6661_start" }, "geometry": { "type": "Point", "coordinates": [ 118.0493409, 36.7854761 ] } },
{ "type": "Feature", "properties": { "osm_id": "6661_end" }, "geometry": { "type": "Point", "coordinates": [ 118.049267, 36.7853365 ] } },
{ "type": "Feature", "properties": { "osm_id": "6663_start" }, "geometry": { "type": "Point", "coordinates": [ 118.0747329, 36.8106611 ] } },
{ "type": "Feature", "properties": { "osm_id": "6669_start" }, "geometry": { "type": "Point", "coordinates": [ 118.1091068, 36.8539854 ] } },
{ "type": "Feature", "properties": { "osm_id": "6671_start" }, "geometry": { "type": "Point", "coordinates": [ 118.1144252, 36.8422071 ] } },
{ "type": "Feature", "properties": { "osm_id": "6672_start" }, "geometry": { "type": "Point", "coordinates": [ 118.1149253, 36.8421487 ] } },
{ "type": "Feature", "properties": { "osm_id": "6674_end" }, "geometry": { "type": "Point", "coordinates": [ 118.1092681, 36.8539483 ] } },
{ "type": "Feature", "properties": { "osm_id": "6676_end" }, "geometry": { "type": "Point", "coordinates": [ 118.1202576, 36.8278176 ] } },
{ "type": "Feature", "properties": { "osm_id": "6681_start" }, "geometry": { "type": "Point", "coordinates": [ 117.9341208, 36.8176954 ] } },
{ "type": "Feature", "properties": { "osm_id": "6683_start" }, "geometry": { "type": "Point", "coordinates": [ 117.9341211, 36.8167919 ] } },
{ "type": "Feature", "properties": { "osm_id": "6691_start" }, "geometry": { "type": "Point", "coordinates": [ 118.0315987, 36.8466343 ] } },
{ "type": "Feature", "properties": { "osm_id": "6695_end" }, "geometry": { "type": "Point", "coordinates": [ 118.0375995, 36.8429423 ] } },
{ "type": "Feature", "properties": { "osm_id": "6709_start" }, "geometry": { "type": "Point", "coordinates": [ 118.050125, 36.7857637 ] } },
{ "type": "Feature", "properties": { "osm_id": "6709_end" }, "geometry": { "type": "Point", "coordinates": [ 118.0499935, 36.7859234 ] } },
{ "type": "Feature", "properties": { "osm_id": "6719_start" }, "geometry": { "type": "Point", "coordinates": [ 118.0000724, 36.8451769 ] } },
{ "type": "Feature", "properties": { "osm_id": "6720_start" }, "geometry": { "type": "Point", "coordinates": [ 117.9998444, 36.8431639 ] } },
{ "type": "Feature", "properties": { "osm_id": "6721_end" }, "geometry": { "type": "Point", "coordinates": [ 117.9945701, 36.8490849 ] } },
{ "type": "Feature", "properties": { "osm_id": "6722_start" }, "geometry": { "type": "Point", "coordinates": [ 118.0004983, 36.8485583 ] } },
{ "type": "Feature", "properties": { "osm_id": "6723_end" }, "geometry": { "type": "Point", "coordinates": [ 118.0003439, 36.8485674 ] } },
{ "type": "Feature", "properties": { "osm_id": "6728_start" }, "geometry": { "type": "Point", "coordinates": [ 117.9996899, 36.8433259 ] } },
{ "type": "Feature", "properties": { "osm_id": "6729_start" }, "geometry": { "type": "Point", "coordinates": [ 118.0002949, 36.8482817 ] } },
{ "type": "Feature", "properties": { "osm_id": "6729_end" }, "geometry": { "type": "Point", "coordinates": [ 117.9998273, 36.8444651 ] } },
{ "type": "Feature", "properties": { "osm_id": "6731_start" }, "geometry": { "type": "Point", "coordinates": [ 118.0003681, 36.8486872 ] } },
{ "type": "Feature", "properties": { "osm_id": "6732_end" }, "geometry": { "type": "Point", "coordinates": [ 117.9931523, 36.8491154 ] } },
{ "type": "Feature", "properties": { "osm_id": "6733_end" }, "geometry": { "type": "Point", "coordinates": [ 118.0674467, 36.844802 ] } },
{ "type": "Feature", "properties": { "osm_id": "6734_end" }, "geometry": { "type": "Point", "coordinates": [ 118.0687111, 36.8490162 ] } },
{ "type": "Feature", "properties": { "osm_id": "6735_end" }, "geometry": { "type": "Point", "coordinates": [ 118.0655329, 36.8388817 ] } },
{ "type": "Feature", "properties": { "osm_id": "6740_start" }, "geometry": { "type": "Point", "coordinates": [ 117.9896179, 36.8298674 ] } },
{ "type": "Feature", "properties": { "osm_id": "6745_start" }, "geometry": { "type": "Point", "coordinates": [ 118.1008449, 36.8406321 ] } },
{ "type": "Feature", "properties": { "osm_id": "6747_end" }, "geometry": { "type": "Point", "coordinates": [ 118.0792009, 36.8464752 ] } },
{ "type": "Feature", "properties": { "osm_id": "6751_start" }, "geometry": { "type": "Point", "coordinates": [ 118.0676416, 36.8443968 ] } },
{ "type": "Feature", "properties": { "osm_id": "6752_start" }, "geometry": { "type": "Point", "coordinates": [ 118.0670264, 36.8433959 ] } },
{ "type": "Feature", "properties": { "osm_id": "6756_end" }, "geometry": { "type": "Point", "coordinates": [ 118.0475347, 36.7987804 ] } },
{ "type": "Feature", "properties": { "osm_id": "6764_start" }, "geometry": { "type": "Point", "coordinates": [ 118.0881648, 36.7887606 ] } },
{ "type": "Feature", "properties": { "osm_id": "6765_start" }, "geometry": { "type": "Point", "coordinates": [ 118.08836, 36.789014 ] } },
{ "type": "Feature", "properties": { "osm_id": "6768_start" }, "geometry": { "type": "Point", "coordinates": [ 118.0408574, 36.7955639 ] } },
{ "type": "Feature", "properties": { "osm_id": "6770_end" }, "geometry": { "type": "Point", "coordinates": [ 118.0409893, 36.7955485 ] } },
{ "type": "Feature", "properties": { "osm_id": "6776_end" }, "geometry": { "type": "Point", "coordinates": [ 118.0364899, 36.836187 ] } },
{ "type": "Feature", "properties": { "osm_id": "6781_start" }, "geometry": { "type": "Point", "coordinates": [ 118.0366096, 36.8363593 ] } },
{ "type": "Feature", "properties": { "osm_id": "6782_start" }, "geometry": { "type": "Point", "coordinates": [ 118.037744, 36.8363218 ] } },
{ "type": "Feature", "properties": { "osm_id": "6788_start" }, "geometry": { "type": "Point", "coordinates": [ 118.0258386, 36.8031232 ] } },
{ "type": "Feature", "properties": { "osm_id": "6791_end" }, "geometry": { "type": "Point", "coordinates": [ 118.0421024, 36.7998785 ] } },
{ "type": "Feature", "properties": { "osm_id": "6800_start" }, "geometry": { "type": "Point", "coordinates": [ 118.0042471, 36.7980708 ] } },
{ "type": "Feature", "properties": { "osm_id": "6806_start" }, "geometry": { "type": "Point", "coordinates": [ 118.0669528, 36.8448842 ] } },
{ "type": "Feature", "properties": { "osm_id": "6809_end" }, "geometry": { "type": "Point", "coordinates": [ 118.0688479, 36.8494524 ] } },
{ "type": "Feature", "properties": { "osm_id": "6814_end" }, "geometry": { "type": "Point", "coordinates": [ 118.026374, 36.8468162 ] } },
{ "type": "Feature", "properties": { "osm_id": "6815_start" }, "geometry": { "type": "Point", "coordinates": [ 118.026226, 36.8468192 ] } },
{ "type": "Feature", "properties": { "osm_id": "6817_end" }, "geometry": { "type": "Point", "coordinates": [ 118.0209152, 36.8470893 ] } },
{ "type": "Feature", "properties": { "osm_id": "6820_start" }, "geometry": { "type": "Point", "coordinates": [ 118.0602119, 36.824954 ] } },
{ "type": "Feature", "properties": { "osm_id": "6821_end" }, "geometry": { "type": "Point", "coordinates": [ 118.0491191, 36.8271011 ] } },
{ "type": "Feature", "properties": { "osm_id": "6827_start" }, "geometry": { "type": "Point", "coordinates": [ 118.0543462, 36.8044528 ] } },
{ "type": "Feature", "properties": { "osm_id": "6828_end" }, "geometry": { "type": "Point", "coordinates": [ 118.0544243, 36.8044406 ] } },
{ "type": "Feature", "properties": { "osm_id": "6830_end" }, "geometry": { "type": "Point", "coordinates": [ 118.0435891, 36.806162 ] } },
{ "type": "Feature", "properties": { "osm_id": "6831_end" }, "geometry": { "type": "Point", "coordinates": [ 118.0420078, 36.8000273 ] } },
{ "type": "Feature", "properties": { "osm_id": "6833_end" }, "geometry": { "type": "Point", "coordinates": [ 118.060206, 36.8248282 ] } },
{ "type": "Feature", "properties": { "osm_id": "6837_start" }, "geometry": { "type": "Point", "coordinates": [ 118.0263164, 36.84707 ] } },
{ "type": "Feature", "properties": { "osm_id": "6838_end" }, "geometry": { "type": "Point", "coordinates": [ 118.0299558, 36.8469717 ] } },
{ "type": "Feature", "properties": { "osm_id": "6840_end" }, "geometry": { "type": "Point", "coordinates": [ 118.0296346, 36.8467194 ] } },
{ "type": "Feature", "properties": { "osm_id": "6844_start" }, "geometry": { "type": "Point", "coordinates": [ 118.0272489, 36.8527721 ] } },
{ "type": "Feature", "properties": { "osm_id": "6853_start" }, "geometry": { "type": "Point", "coordinates": [ 118.1132217, 36.8386124 ] } },
{ "type": "Feature", "properties": { "osm_id": "6855_end" }, "geometry": { "type": "Point", "coordinates": [ 118.0739841, 36.8108065 ] } },
{ "type": "Feature", "properties": { "osm_id": "6857_end" }, "geometry": { "type": "Point", "coordinates": [ 118.0680594, 36.8093404 ] } },
{ "type": "Feature", "properties": { "osm_id": "6860_end" }, "geometry": { "type": "Point", "coordinates": [ 118.0375759, 36.7826916 ] } },
{ "type": "Feature", "properties": { "osm_id": "6862_end" }, "geometry": { "type": "Point", "coordinates": [ 118.0389522, 36.7875546 ] } },
{ "type": "Feature", "properties": { "osm_id": "6866_start" }, "geometry": { "type": "Point", "coordinates": [ 118.0384041, 36.7853114 ] } },
{ "type": "Feature", "properties": { "osm_id": "6867_end" }, "geometry": { "type": "Point", "coordinates": [ 118.0379145, 36.7834842 ] } },
{ "type": "Feature", "properties": { "osm_id": "6873_start" }, "geometry": { "type": "Point", "coordinates": [ 118.0728694, 36.8111176 ] } },
{ "type": "Feature", "properties": { "osm_id": "6891_start" }, "geometry": { "type": "Point", "coordinates": [ 118.0376777, 36.8361282 ] } },
{ "type": "Feature", "properties": { "osm_id": "6898_end" }, "geometry": { "type": "Point", "coordinates": [ 118.0449492, 36.8484945 ] } },
{ "type": "Feature", "properties": { "osm_id": "6906_end" }, "geometry": { "type": "Point", "coordinates": [ 117.93139, 36.6875645 ] } },
{ "type": "Feature", "properties": { "osm_id": "6907_start" }, "geometry": { "type": "Point", "coordinates": [ 117.9343384, 36.6915658 ] } },
{ "type": "Feature", "properties": { "osm_id": "6918_start" }, "geometry": { "type": "Point", "coordinates": [ 118.0498613, 36.8069894 ] } },
{ "type": "Feature", "properties": { "osm_id": "6927_start" }, "geometry": { "type": "Point", "coordinates": [ 118.0042401, 36.7979729 ] } },
{ "type": "Feature", "properties": { "osm_id": "6930_start" }, "geometry": { "type": "Point", "coordinates": [ 118.0300225, 36.7385559 ] } },
{ "type": "Feature", "properties": { "osm_id": "6936_start" }, "geometry": { "type": "Point", "coordinates": [ 118.0298611, 36.7398558 ] } },
{ "type": "Feature", "properties": { "osm_id": "6945_end" }, "geometry": { "type": "Point", "coordinates": [ 117.8612007, 36.7314816 ] } },
{ "type": "Feature", "properties": { "osm_id": "6946_start" }, "geometry": { "type": "Point", "coordinates": [ 117.8611899, 36.7313404 ] } },
{ "type": "Feature", "properties": { "osm_id": "6946_end" }, "geometry": { "type": "Point", "coordinates": [ 117.8826451, 36.7296159 ] } },
{ "type": "Feature", "properties": { "osm_id": "6947_start" }, "geometry": { "type": "Point", "coordinates": [ 118.0826218, 36.7373789 ] } },
{ "type": "Feature", "properties": { "osm_id": "6949_start" }, "geometry": { "type": "Point", "coordinates": [ 118.0681214, 36.7276825 ] } },
{ "type": "Feature", "properties": { "osm_id": "6950_start" }, "geometry": { "type": "Point", "coordinates": [ 118.0710201, 36.7322312 ] } },
{ "type": "Feature", "properties": { "osm_id": "6951_end" }, "geometry": { "type": "Point", "coordinates": [ 118.0658982, 36.7342227 ] } },
{ "type": "Feature", "properties": { "osm_id": "6957_end" }, "geometry": { "type": "Point", "coordinates": [ 118.0659049, 36.7343424 ] } },
{ "type": "Feature", "properties": { "osm_id": "6958_end" }, "geometry": { "type": "Point", "coordinates": [ 118.0658839, 36.7341023 ] } },
{ "type": "Feature", "properties": { "osm_id": "6965_start" }, "geometry": { "type": "Point", "coordinates": [ 118.1149869, 36.7151342 ] } },
{ "type": "Feature", "properties": { "osm_id": "6972_start" }, "geometry": { "type": "Point", "coordinates": [ 117.9940045, 36.783925 ] } },
{ "type": "Feature", "properties": { "osm_id": "6978_start" }, "geometry": { "type": "Point", "coordinates": [ 118.0471218, 36.8486056 ] } },
{ "type": "Feature", "properties": { "osm_id": "6978_end" }, "geometry": { "type": "Point", "coordinates": [ 118.0474913, 36.8526412 ] } },
{ "type": "Feature", "properties": { "osm_id": "6982_start" }, "geometry": { "type": "Point", "coordinates": [ 118.0543942, 36.8480889 ] } },
{ "type": "Feature", "properties": { "osm_id": "6983_start" }, "geometry": { "type": "Point", "coordinates": [ 118.0503859, 36.8523438 ] } },
{ "type": "Feature", "properties": { "osm_id": "6983_end" }, "geometry": { "type": "Point", "coordinates": [ 118.0496059, 36.8487215 ] } },
{ "type": "Feature", "properties": { "osm_id": "6984_end" }, "geometry": { "type": "Point", "coordinates": [ 118.0267524, 36.7840326 ] } },
{ "type": "Feature", "properties": { "osm_id": "6995_start" }, "geometry": { "type": "Point", "coordinates": [ 118.0717224, 36.7724853 ] } },
{ "type": "Feature", "properties": { "osm_id": "7000_end" }, "geometry": { "type": "Point", "coordinates": [ 118.0793408, 36.7712297 ] } },
{ "type": "Feature", "properties": { "osm_id": "7001_start" }, "geometry": { "type": "Point", "coordinates": [ 118.1153813, 36.7703211 ] } },
{ "type": "Feature", "properties": { "osm_id": "7003_start" }, "geometry": { "type": "Point", "coordinates": [ 118.082755, 36.7513555 ] } },
{ "type": "Feature", "properties": { "osm_id": "7010_start" }, "geometry": { "type": "Point", "coordinates": [ 118.0675215, 36.7269294 ] } },
{ "type": "Feature", "properties": { "osm_id": "7015_start" }, "geometry": { "type": "Point", "coordinates": [ 118.0188853, 36.8050474 ] } },
{ "type": "Feature", "properties": { "osm_id": "7020_end" }, "geometry": { "type": "Point", "coordinates": [ 118.0191254, 36.8050344 ] } },
{ "type": "Feature", "properties": { "osm_id": "7042_end" }, "geometry": { "type": "Point", "coordinates": [ 118.0268009, 36.7843182 ] } },
{ "type": "Feature", "properties": { "osm_id": "7048_start" }, "geometry": { "type": "Point", "coordinates": [ 118.030927, 36.8280982 ] } },
{ "type": "Feature", "properties": { "osm_id": "7049_start" }, "geometry": { "type": "Point", "coordinates": [ 118.0310371, 36.8280955 ] } },
{ "type": "Feature", "properties": { "osm_id": "7060_end" }, "geometry": { "type": "Point", "coordinates": [ 118.0167763, 36.7427708 ] } },
{ "type": "Feature", "properties": { "osm_id": "7063_start" }, "geometry": { "type": "Point", "coordinates": [ 118.0376508, 36.7668335 ] } },
{ "type": "Feature", "properties": { "osm_id": "7063_end" }, "geometry": { "type": "Point", "coordinates": [ 118.0374875, 36.7668365 ] } },
{ "type": "Feature", "properties": { "osm_id": "7065_end" }, "geometry": { "type": "Point", "coordinates": [ 118.0362216, 36.7668261 ] } },
{ "type": "Feature", "properties": { "osm_id": "7069_end" }, "geometry": { "type": "Point", "coordinates": [ 117.986361, 36.834679 ] } },
{ "type": "Feature", "properties": { "osm_id": "7074_start" }, "geometry": { "type": "Point", "coordinates": [ 117.9792346, 36.8352277 ] } },
{ "type": "Feature", "properties": { "osm_id": "7076_start" }, "geometry": { "type": "Point", "coordinates": [ 117.9751102, 36.8307214 ] } },
{ "type": "Feature", "properties": { "osm_id": "7076_end" }, "geometry": { "type": "Point", "coordinates": [ 117.9753071, 36.8307083 ] } },
{ "type": "Feature", "properties": { "osm_id": "7078_end" }, "geometry": { "type": "Point", "coordinates": [ 117.9771048, 36.8501396 ] } },
{ "type": "Feature", "properties": { "osm_id": "7079_start" }, "geometry": { "type": "Point", "coordinates": [ 117.9767747, 36.8491049 ] } },
{ "type": "Feature", "properties": { "osm_id": "7079_end" }, "geometry": { "type": "Point", "coordinates": [ 117.9765564, 36.8466693 ] } },
{ "type": "Feature", "properties": { "osm_id": "7081_start" }, "geometry": { "type": "Point", "coordinates": [ 117.9768739, 36.8501565 ] } },
{ "type": "Feature", "properties": { "osm_id": "7083_end" }, "geometry": { "type": "Point", "coordinates": [ 117.9753257, 36.830931 ] } },
{ "type": "Feature", "properties": { "osm_id": "7085_end" }, "geometry": { "type": "Point", "coordinates": [ 117.9793611, 36.8352632 ] } },
{ "type": "Feature", "properties": { "osm_id": "7090_start" }, "geometry": { "type": "Point", "coordinates": [ 117.9862489, 36.8347354 ] } },
{ "type": "Feature", "properties": { "osm_id": "7101_end" }, "geometry": { "type": "Point", "coordinates": [ 118.0308855, 36.8208977 ] } },
{ "type": "Feature", "properties": { "osm_id": "7111_end" }, "geometry": { "type": "Point", "coordinates": [ 118.0070025, 36.8373388 ] } },
{ "type": "Feature", "properties": { "osm_id": "7122_start" }, "geometry": { "type": "Point", "coordinates": [ 118.1424554, 36.8029235 ] } },
{ "type": "Feature", "properties": { "osm_id": "7122_end" }, "geometry": { "type": "Point", "coordinates": [ 118.142363, 36.8028821 ] } },
{ "type": "Feature", "properties": { "osm_id": "7125_start" }, "geometry": { "type": "Point", "coordinates": [ 118.1431659, 36.8030513 ] } },
{ "type": "Feature", "properties": { "osm_id": "7130_end" }, "geometry": { "type": "Point", "coordinates": [ 117.871403, 36.6805984 ] } },
{ "type": "Feature", "properties": { "osm_id": "7131_start" }, "geometry": { "type": "Point", "coordinates": [ 118.1499955, 36.7065913 ] } },
{ "type": "Feature", "properties": { "osm_id": "7131_end" }, "geometry": { "type": "Point", "coordinates": [ 118.1503226, 36.7064717 ] } },
{ "type": "Feature", "properties": { "osm_id": "7133_end" }, "geometry": { "type": "Point", "coordinates": [ 117.9758322, 36.8387678 ] } },
{ "type": "Feature", "properties": { "osm_id": "7139_end" }, "geometry": { "type": "Point", "coordinates": [ 117.9738882, 36.8174224 ] } },
{ "type": "Feature", "properties": { "osm_id": "7140_start" }, "geometry": { "type": "Point", "coordinates": [ 117.9738745, 36.8172748 ] } },
{ "type": "Feature", "properties": { "osm_id": "7140_end" }, "geometry": { "type": "Point", "coordinates": [ 117.9740767, 36.8172619 ] } },
{ "type": "Feature", "properties": { "osm_id": "7141_end" }, "geometry": { "type": "Point", "coordinates": [ 117.9668598, 36.8175308 ] } },
{ "type": "Feature", "properties": { "osm_id": "7146_start" }, "geometry": { "type": "Point", "coordinates": [ 117.9188431, 36.832851 ] } },
{ "type": "Feature", "properties": { "osm_id": "7147_end" }, "geometry": { "type": "Point", "coordinates": [ 117.9077153, 36.8327238 ] } },
{ "type": "Feature", "properties": { "osm_id": "7148_end" }, "geometry": { "type": "Point", "coordinates": [ 117.9671571, 36.8313464 ] } },
{ "type": "Feature", "properties": { "osm_id": "7149_end" }, "geometry": { "type": "Point", "coordinates": [ 117.967482, 36.8349721 ] } },
{ "type": "Feature", "properties": { "osm_id": "7151_start" }, "geometry": { "type": "Point", "coordinates": [ 117.9727487, 36.8174647 ] } },
{ "type": "Feature", "properties": { "osm_id": "7152_end" }, "geometry": { "type": "Point", "coordinates": [ 117.9740909, 36.8174054 ] } },
{ "type": "Feature", "properties": { "osm_id": "7159_end" }, "geometry": { "type": "Point", "coordinates": [ 118.0056668, 36.8219931 ] } },
{ "type": "Feature", "properties": { "osm_id": "7165_end" }, "geometry": { "type": "Point", "coordinates": [ 117.9471472, 36.8496756 ] } },
{ "type": "Feature", "properties": { "osm_id": "7168_end" }, "geometry": { "type": "Point", "coordinates": [ 117.9765948, 36.8444195 ] } },
{ "type": "Feature", "properties": { "osm_id": "7177_end" }, "geometry": { "type": "Point", "coordinates": [ 117.9463985, 36.7219154 ] } },
{ "type": "Feature", "properties": { "osm_id": "7180_start" }, "geometry": { "type": "Point", "coordinates": [ 117.8728271, 36.7175411 ] } },
{ "type": "Feature", "properties": { "osm_id": "7180_end" }, "geometry": { "type": "Point", "coordinates": [ 117.8724723, 36.7175128 ] } },
{ "type": "Feature", "properties": { "osm_id": "7188_start" }, "geometry": { "type": "Point", "coordinates": [ 117.9687201, 36.7341654 ] } },
{ "type": "Feature", "properties": { "osm_id": "7188_end" }, "geometry": { "type": "Point", "coordinates": [ 117.9527198, 36.7360961 ] } },
{ "type": "Feature", "properties": { "osm_id": "7198_start" }, "geometry": { "type": "Point", "coordinates": [ 118.0500164, 36.7855527 ] } },
{ "type": "Feature", "properties": { "osm_id": "7198_end" }, "geometry": { "type": "Point", "coordinates": [ 118.0500788, 36.785674 ] } },
{ "type": "Feature", "properties": { "osm_id": "7203_end" }, "geometry": { "type": "Point", "coordinates": [ 118.0424148, 36.7813674 ] } },
{ "type": "Feature", "properties": { "osm_id": "7205_end" }, "geometry": { "type": "Point", "coordinates": [ 118.0067267, 36.8371329 ] } },
{ "type": "Feature", "properties": { "osm_id": "7209_end" }, "geometry": { "type": "Point", "coordinates": [ 118.0610795, 36.8246474 ] } },
{ "type": "Feature", "properties": { "osm_id": "7214_start" }, "geometry": { "type": "Point", "coordinates": [ 118.0129006, 36.8245269 ] } },
{ "type": "Feature", "properties": { "osm_id": "7214_end" }, "geometry": { "type": "Point", "coordinates": [ 118.0128917, 36.8244508 ] } },
{ "type": "Feature", "properties": { "osm_id": "7215_start" }, "geometry": { "type": "Point", "coordinates": [ 118.0129139, 36.8246411 ] } },
{ "type": "Feature", "properties": { "osm_id": "7219_start" }, "geometry": { "type": "Point", "coordinates": [ 118.0718619, 36.7724253 ] } },
{ "type": "Feature", "properties": { "osm_id": "7224_start" }, "geometry": { "type": "Point", "coordinates": [ 118.06454, 36.8355666 ] } },
{ "type": "Feature", "properties": { "osm_id": "7227_end" }, "geometry": { "type": "Point", "coordinates": [ 118.0190354, 36.8082368 ] } },
{ "type": "Feature", "properties": { "osm_id": "7263_end" }, "geometry": { "type": "Point", "coordinates": [ 117.9069847, 36.8256252 ] } },
{ "type": "Feature", "properties": { "osm_id": "7264_start" }, "geometry": { "type": "Point", "coordinates": [ 117.9071724, 36.8256059 ] } },
{ "type": "Feature", "properties": { "osm_id": "7266_end" }, "geometry": { "type": "Point", "coordinates": [ 117.9065354, 36.8253391 ] } },
{ "type": "Feature", "properties": { "osm_id": "7276_start" }, "geometry": { "type": "Point", "coordinates": [ 117.8645517, 36.7124301 ] } },
{ "type": "Feature", "properties": { "osm_id": "7298_end" }, "geometry": { "type": "Point", "coordinates": [ 118.0263561, 36.8284775 ] } },
{ "type": "Feature", "properties": { "osm_id": "7307_start" }, "geometry": { "type": "Point", "coordinates": [ 118.0052736, 36.6955989 ] } },
{ "type": "Feature", "properties": { "osm_id": "7332_end" }, "geometry": { "type": "Point", "coordinates": [ 117.8752454, 36.8108399 ] } },
{ "type": "Feature", "properties": { "osm_id": "7333_start" }, "geometry": { "type": "Point", "coordinates": [ 117.8620397, 36.8209565 ] } },
{ "type": "Feature", "properties": { "osm_id": "7351_start" }, "geometry": { "type": "Point", "coordinates": [ 118.1251311, 36.8331089 ] } },
{ "type": "Feature", "properties": { "osm_id": "7352_start" }, "geometry": { "type": "Point", "coordinates": [ 118.1169198, 36.8373216 ] } },
{ "type": "Feature", "properties": { "osm_id": "7354_start" }, "geometry": { "type": "Point", "coordinates": [ 118.1313811, 36.8367493 ] } },
{ "type": "Feature", "properties": { "osm_id": "7355_start" }, "geometry": { "type": "Point", "coordinates": [ 118.1319981, 36.8364926 ] } },
{ "type": "Feature", "properties": { "osm_id": "7362_start" }, "geometry": { "type": "Point", "coordinates": [ 118.1314886, 36.836725 ] } },
{ "type": "Feature", "properties": { "osm_id": "7363_start" }, "geometry": { "type": "Point", "coordinates": [ 118.1356411, 36.8397325 ] } },
{ "type": "Feature", "properties": { "osm_id": "7374_end" }, "geometry": { "type": "Point", "coordinates": [ 117.9381308, 36.7243497 ] } },
{ "type": "Feature", "properties": { "osm_id": "7378_start" }, "geometry": { "type": "Point", "coordinates": [ 117.9451029, 36.7476356 ] } },
{ "type": "Feature", "properties": { "osm_id": "7380_start" }, "geometry": { "type": "Point", "coordinates": [ 117.9500691, 36.7220556 ] } },
{ "type": "Feature", "properties": { "osm_id": "7381_start" }, "geometry": { "type": "Point", "coordinates": [ 117.9470465, 36.722821 ] } },
{ "type": "Feature", "properties": { "osm_id": "7387_end" }, "geometry": { "type": "Point", "coordinates": [ 117.9832151, 36.7400549 ] } },
{ "type": "Feature", "properties": { "osm_id": "7412_end" }, "geometry": { "type": "Point", "coordinates": [ 118.0421574, 36.7524112 ] } },
{ "type": "Feature", "properties": { "osm_id": "7413_start" }, "geometry": { "type": "Point", "coordinates": [ 118.0422371, 36.7528378 ] } },
{ "type": "Feature", "properties": { "osm_id": "7433_start" }, "geometry": { "type": "Point", "coordinates": [ 118.0784985, 36.6974529 ] } },
{ "type": "Feature", "properties": { "osm_id": "7434_start" }, "geometry": { "type": "Point", "coordinates": [ 118.0841876, 36.6970046 ] } },
{ "type": "Feature", "properties": { "osm_id": "7441_end" }, "geometry": { "type": "Point", "coordinates": [ 118.1209919, 36.7475427 ] } },
{ "type": "Feature", "properties": { "osm_id": "7451_start" }, "geometry": { "type": "Point", "coordinates": [ 118.1243409, 36.7692634 ] } },
{ "type": "Feature", "properties": { "osm_id": "7453_end" }, "geometry": { "type": "Point", "coordinates": [ 118.1071097, 36.6985285 ] } },
{ "type": "Feature", "properties": { "osm_id": "7455_start" }, "geometry": { "type": "Point", "coordinates": [ 118.1070077, 36.6986489 ] } },
{ "type": "Feature", "properties": { "osm_id": "7463_start" }, "geometry": { "type": "Point", "coordinates": [ 118.0069137, 36.6901613 ] } },
{ "type": "Feature", "properties": { "osm_id": "7463_end" }, "geometry": { "type": "Point", "coordinates": [ 118.0091245, 36.6894675 ] } },
{ "type": "Feature", "properties": { "osm_id": "7465_start" }, "geometry": { "type": "Point", "coordinates": [ 118.0199263, 36.7056901 ] } },
{ "type": "Feature", "properties": { "osm_id": "7470_start" }, "geometry": { "type": "Point", "coordinates": [ 118.049973, 36.702567 ] } },
{ "type": "Feature", "properties": { "osm_id": "7477_end" }, "geometry": { "type": "Point", "coordinates": [ 118.0096618, 36.6988766 ] } },
{ "type": "Feature", "properties": { "osm_id": "7478_end" }, "geometry": { "type": "Point", "coordinates": [ 118.0045956, 36.6863528 ] } },
{ "type": "Feature", "properties": { "osm_id": "7483_end" }, "geometry": { "type": "Point", "coordinates": [ 117.9845002, 36.6809398 ] } },
{ "type": "Feature", "properties": { "osm_id": "7487_end" }, "geometry": { "type": "Point", "coordinates": [ 118.0438158, 36.7562962 ] } },
{ "type": "Feature", "properties": { "osm_id": "7495_end" }, "geometry": { "type": "Point", "coordinates": [ 118.0432003, 36.7592217 ] } },
{ "type": "Feature", "properties": { "osm_id": "7496_start" }, "geometry": { "type": "Point", "coordinates": [ 118.0366205, 36.7506383 ] } },
{ "type": "Feature", "properties": { "osm_id": "7499_end" }, "geometry": { "type": "Point", "coordinates": [ 118.0415509, 36.7515036 ] } },
{ "type": "Feature", "properties": { "osm_id": "7500_end" }, "geometry": { "type": "Point", "coordinates": [ 117.9042904, 36.6860135 ] } },
{ "type": "Feature", "properties": { "osm_id": "7501_end" }, "geometry": { "type": "Point", "coordinates": [ 117.9007842, 36.6867121 ] } },
{ "type": "Feature", "properties": { "osm_id": "7511_start" }, "geometry": { "type": "Point", "coordinates": [ 117.9669925, 36.8313546 ] } },
{ "type": "Feature", "properties": { "osm_id": "7516_end" }, "geometry": { "type": "Point", "coordinates": [ 117.9601889, 36.8352383 ] } },
{ "type": "Feature", "properties": { "osm_id": "7517_end" }, "geometry": { "type": "Point", "coordinates": [ 117.959113, 36.8352944 ] } },
{ "type": "Feature", "properties": { "osm_id": "7528_end" }, "geometry": { "type": "Point", "coordinates": [ 118.0276435, 36.7891424 ] } },
{ "type": "Feature", "properties": { "osm_id": "7548_start" }, "geometry": { "type": "Point", "coordinates": [ 118.062701, 36.6816537 ] } },
{ "type": "Feature", "properties": { "osm_id": "7549_start" }, "geometry": { "type": "Point", "coordinates": [ 118.0625911, 36.6814655 ] } },
{ "type": "Feature", "properties": { "osm_id": "7555_end" }, "geometry": { "type": "Point", "coordinates": [ 118.0554144, 36.8515276 ] } },
{ "type": "Feature", "properties": { "osm_id": "7591_start" }, "geometry": { "type": "Point", "coordinates": [ 117.9292274, 36.8028643 ] } },
{ "type": "Feature", "properties": { "osm_id": "7599_start" }, "geometry": { "type": "Point", "coordinates": [ 118.0477992, 36.8260377 ] } },
{ "type": "Feature", "properties": { "osm_id": "7616_start" }, "geometry": { "type": "Point", "coordinates": [ 118.0445695, 36.7666971 ] } },
{ "type": "Feature", "properties": { "osm_id": "7618_start" }, "geometry": { "type": "Point", "coordinates": [ 118.038766, 36.7542559 ] } },
{ "type": "Feature", "properties": { "osm_id": "7620_start" }, "geometry": { "type": "Point", "coordinates": [ 118.1337339, 36.7806446 ] } },
{ "type": "Feature", "properties": { "osm_id": "7620_end" }, "geometry": { "type": "Point", "coordinates": [ 118.1354519, 36.7742805 ] } },
{ "type": "Feature", "properties": { "osm_id": "7621_end" }, "geometry": { "type": "Point", "coordinates": [ 118.1182657, 36.7702037 ] } }
]
}
